"title","start_time","end_time","description","exercise_title","superset_id","exercise_notes","set_index","set_type","weight_kg","reps","distance_km","duration_seconds","rpe"
"back bicep","Apr 18, 2026, 6:30 PM","Apr 18, 2026, 7:36 PM","","Pull Up",,"",0,"normal",,16,,,
"back bicep","Apr 18, 2026, 6:30 PM","Apr 18, 2026, 7:36 PM","","Pull Up",,"",1,"normal",,13,,,
"back bicep","Apr 18, 2026, 6:30 PM","Apr 18, 2026, 7:36 PM","","Back Extension (Weighted Hyperextension)",,"",0,"normal",15,13,,,
"back bicep","Apr 18, 2026, 6:30 PM","Apr 18, 2026, 7:36 PM","","Back Extension (Weighted Hyperextension)",,"",1,"normal",15,13,,,
"back bicep","Apr 18, 2026, 6:30 PM","Apr 18, 2026, 7:36 PM","","Bicep Curl (Dumbbell)",,"",0,"warmup",15,20,,,
"back bicep","Apr 18, 2026, 6:30 PM","Apr 18, 2026, 7:36 PM","","Bicep Curl (Dumbbell)",,"",1,"normal",25,12,,,
"back bicep","Apr 18, 2026, 6:30 PM","Apr 18, 2026, 7:36 PM","","Bicep Curl (Dumbbell)",,"",2,"dropset",20,10,,,
"back bicep","Apr 18, 2026, 6:30 PM","Apr 18, 2026, 7:36 PM","","Hammer Curl (Dumbbell)",,"",0,"normal",30,10,,,
"back bicep","Apr 18, 2026, 6:30 PM","Apr 18, 2026, 7:36 PM","","Plank",,"",0,"normal",,,,200,
"back bicep","Apr 18, 2026, 6:30 PM","Apr 18, 2026, 7:36 PM","","Lat Pulldown (Machine)",,"",0,"normal",52.5,15,,,
"back bicep","Apr 18, 2026, 6:30 PM","Apr 18, 2026, 7:36 PM","","Lat Pulldown (Machine)",,"",1,"normal",55,12,,,
"back bicep","Apr 18, 2026, 6:30 PM","Apr 18, 2026, 7:36 PM","","Iso-Lateral Row (Machine)",,"",0,"normal",60,15,,,
"back bicep","Apr 18, 2026, 6:30 PM","Apr 18, 2026, 7:36 PM","","Iso-Lateral Row (Machine)",,"",1,"normal",63,16,,,
"back bicep","Apr 18, 2026, 6:30 PM","Apr 18, 2026, 7:36 PM","","Iso-Lateral Row (Machine)",,"",2,"normal",63,14,,,
"back bicep","Apr 18, 2026, 6:30 PM","Apr 18, 2026, 7:36 PM","","Push Up",,"",0,"normal",,10,,,
"back bicep","Apr 18, 2026, 6:30 PM","Apr 18, 2026, 7:36 PM","","Side Plank",,"",0,"normal",,,,70,
"arms/shoulders","Apr 16, 2026, 6:17 PM","Apr 16, 2026, 7:28 PM","","Shoulder Press (Dumbbell)",,"",0,"normal",20,20,,,
"arms/shoulders","Apr 16, 2026, 6:17 PM","Apr 16, 2026, 7:28 PM","","Shoulder Press (Dumbbell)",,"",1,"normal",25,15,,,
"arms/shoulders","Apr 16, 2026, 6:17 PM","Apr 16, 2026, 7:28 PM","","Shoulder Press (Dumbbell)",,"",2,"normal",30,11,,,
"arms/shoulders","Apr 16, 2026, 6:17 PM","Apr 16, 2026, 7:28 PM","","Face Pull",,"",0,"normal",17.5,15,,,
"arms/shoulders","Apr 16, 2026, 6:17 PM","Apr 16, 2026, 7:28 PM","","Face Pull",,"",1,"normal",17.5,15,,,
"arms/shoulders","Apr 16, 2026, 6:17 PM","Apr 16, 2026, 7:28 PM","","Lateral Raise (Dumbbell)",,"",0,"normal",5,30,,,
"arms/shoulders","Apr 16, 2026, 6:17 PM","Apr 16, 2026, 7:28 PM","","Lateral Raise (Dumbbell)",,"",1,"normal",10,24,,,
"arms/shoulders","Apr 16, 2026, 6:17 PM","Apr 16, 2026, 7:28 PM","","Lateral Raise (Dumbbell)",,"",2,"dropset",5,9,,,
"arms/shoulders","Apr 16, 2026, 6:17 PM","Apr 16, 2026, 7:28 PM","","Lateral Raise (Dumbbell)",,"",3,"normal",10,20,,,
"arms/shoulders","Apr 16, 2026, 6:17 PM","Apr 16, 2026, 7:28 PM","","Lateral Raise (Dumbbell)",,"",4,"dropset",5,10,,,
"arms/shoulders","Apr 16, 2026, 6:17 PM","Apr 16, 2026, 7:28 PM","","Shrug (Dumbbell)",,"",0,"normal",30,14,,,
"arms/shoulders","Apr 16, 2026, 6:17 PM","Apr 16, 2026, 7:28 PM","","Shrug (Dumbbell)",,"",1,"normal",35,12,,,
"arms/shoulders","Apr 16, 2026, 6:17 PM","Apr 16, 2026, 7:28 PM","","Plank",,"",0,"normal",,,,200,
"arms/shoulders","Apr 14, 2026, 6:43 PM","Apr 14, 2026, 7:48 PM","","Bicep Curl (Barbell)",,"",0,"normal",20,20,,,
"arms/shoulders","Apr 14, 2026, 6:43 PM","Apr 14, 2026, 7:48 PM","","Bicep Curl (Barbell)",,"",1,"normal",25,8,,,
"arms/shoulders","Apr 14, 2026, 6:43 PM","Apr 14, 2026, 7:48 PM","","Bicep Curl (Dumbbell)",,"",0,"warmup",15,20,,,
"arms/shoulders","Apr 14, 2026, 6:43 PM","Apr 14, 2026, 7:48 PM","","Triceps Rope Pushdown",,"",0,"normal",20.4,10,,,
"arms/shoulders","Apr 14, 2026, 6:43 PM","Apr 14, 2026, 7:48 PM","","Triceps Rope Pushdown",,"",1,"normal",18,6,,,
"arms/shoulders","Apr 14, 2026, 6:43 PM","Apr 14, 2026, 7:48 PM","","Triceps Rope Pushdown",,"",2,"normal",18.6,11,,,
"arms/shoulders","Apr 14, 2026, 6:43 PM","Apr 14, 2026, 7:48 PM","","Triceps Rope Pushdown",,"",3,"normal",17,6,,,
"arms/shoulders","Apr 14, 2026, 6:43 PM","Apr 14, 2026, 7:48 PM","","Single Arm Triceps Pushdown (Cable)",,"",0,"normal",9.1,6,,,
"arms/shoulders","Apr 14, 2026, 6:43 PM","Apr 14, 2026, 7:48 PM","","Single Arm Triceps Pushdown (Cable)",,"",1,"normal",7.5,15,,,
"arms/shoulders","Apr 14, 2026, 6:43 PM","Apr 14, 2026, 7:48 PM","","Plank",,"",0,"normal",,,,200,
"arms/shoulders","Apr 14, 2026, 6:43 PM","Apr 14, 2026, 7:48 PM","","Side Plank",,"",0,"normal",,,,70,
"arms/shoulders","Apr 14, 2026, 6:43 PM","Apr 14, 2026, 7:48 PM","","Dead Hang",,"",0,"normal",,,,35,
"arms/shoulders","Apr 14, 2026, 6:43 PM","Apr 14, 2026, 7:48 PM","","Dead Hang",,"",1,"normal",,,,30,
"arms/shoulders","Apr 14, 2026, 6:43 PM","Apr 14, 2026, 7:48 PM","","Hammer Curl (Dumbbell)",,"",0,"normal",25,10,,,
"arms/shoulders","Apr 14, 2026, 6:43 PM","Apr 14, 2026, 7:48 PM","","Seated Incline Curl (Dumbbell)",,"",0,"normal",15,20,,,
"arms/shoulders","Apr 14, 2026, 6:43 PM","Apr 14, 2026, 7:48 PM","","Seated Incline Curl (Dumbbell)",,"",1,"normal",20,20,,,
"chest triceps","Apr 12, 2026, 6:03 PM","Apr 12, 2026, 7:10 PM","","Bench Press (Barbell)",,"",0,"normal",,15,,,
"chest triceps","Apr 12, 2026, 6:03 PM","Apr 12, 2026, 7:10 PM","","Bench Press (Barbell)",,"",1,"normal",40,15,,,
"chest triceps","Apr 12, 2026, 6:03 PM","Apr 12, 2026, 7:10 PM","","Bench Press (Barbell)",,"",2,"normal",45,14,,,
"chest triceps","Apr 12, 2026, 6:03 PM","Apr 12, 2026, 7:10 PM","","Incline Bench Press (Dumbbell)",,"",0,"normal",25,15,,,
"chest triceps","Apr 12, 2026, 6:03 PM","Apr 12, 2026, 7:10 PM","","Incline Bench Press (Dumbbell)",,"",1,"normal",30,15,,,
"chest triceps","Apr 12, 2026, 6:03 PM","Apr 12, 2026, 7:10 PM","","Triceps Rope Pushdown",,"",0,"normal",20,15,,,
"chest triceps","Apr 12, 2026, 6:03 PM","Apr 12, 2026, 7:10 PM","","Triceps Pushdown",,"",0,"normal",20,15,,,
"chest triceps","Apr 12, 2026, 6:03 PM","Apr 12, 2026, 7:10 PM","","Triceps Pushdown",,"",1,"normal",20,15,,,
"chest triceps","Apr 12, 2026, 6:03 PM","Apr 12, 2026, 7:10 PM","","Cable Fly Crossovers",,"",0,"normal",10,15,,,
"chest triceps","Apr 12, 2026, 6:03 PM","Apr 12, 2026, 7:10 PM","","Cable Fly Crossovers",,"",1,"normal",5,15,,,
"chest triceps","Apr 12, 2026, 6:03 PM","Apr 12, 2026, 7:10 PM","","Cable Fly Crossovers",,"",2,"dropset",5,15,,,
"chest triceps","Apr 12, 2026, 6:03 PM","Apr 12, 2026, 7:10 PM","","Single Arm Triceps Pushdown (Cable)",,"",0,"normal",7.5,15,,,
"chest triceps","Apr 12, 2026, 6:03 PM","Apr 12, 2026, 7:10 PM","","Single Arm Triceps Pushdown (Cable)",,"",1,"normal",10,10,,,
"chest triceps","Apr 12, 2026, 6:03 PM","Apr 12, 2026, 7:10 PM","","Plank",,"",0,"normal",,,,200,
"chest triceps","Apr 12, 2026, 6:03 PM","Apr 12, 2026, 7:10 PM","","Chest Fly (Machine)",,"",0,"normal",45,15,,,
"back bicep","Apr 11, 2026, 6:37 PM","Apr 11, 2026, 7:47 PM","","Pull Up",,"",0,"normal",,12,,,
"back bicep","Apr 11, 2026, 6:37 PM","Apr 11, 2026, 7:47 PM","","Pull Up",,"",1,"normal",,10,,,
"back bicep","Apr 11, 2026, 6:37 PM","Apr 11, 2026, 7:47 PM","","Pull Up",,"",2,"normal",,4,,,
"back bicep","Apr 11, 2026, 6:37 PM","Apr 11, 2026, 7:47 PM","","Seated Cable Row - V Grip (Cable)",,"",0,"normal",43,17,,,
"back bicep","Apr 11, 2026, 6:37 PM","Apr 11, 2026, 7:47 PM","","Seated Cable Row - V Grip (Cable)",,"",1,"normal",50,15,,,
"back bicep","Apr 11, 2026, 6:37 PM","Apr 11, 2026, 7:47 PM","","Bicep Curl (Dumbbell)",,"",0,"warmup",15,20,,,
"back bicep","Apr 11, 2026, 6:37 PM","Apr 11, 2026, 7:47 PM","","Bicep Curl (Dumbbell)",,"",1,"dropset",,15,,,
"back bicep","Apr 11, 2026, 6:37 PM","Apr 11, 2026, 7:47 PM","","Bicep Curl (Dumbbell)",,"",2,"normal",25,15,,,
"back bicep","Apr 11, 2026, 6:37 PM","Apr 11, 2026, 7:47 PM","","Bicep Curl (Dumbbell)",,"",3,"normal",20,17,,,
"back bicep","Apr 11, 2026, 6:37 PM","Apr 11, 2026, 7:47 PM","","EZ Bar Biceps Curl",,"",0,"normal",20,15,,,
"back bicep","Apr 11, 2026, 6:37 PM","Apr 11, 2026, 7:47 PM","","Preacher Curl (Barbell)",,"",0,"normal",20,20,,,
"back bicep","Apr 11, 2026, 6:37 PM","Apr 11, 2026, 7:47 PM","","Reverse Curl (Barbell)",,"",0,"normal",20,15,,,
"back bicep","Apr 11, 2026, 6:37 PM","Apr 11, 2026, 7:47 PM","","Reverse Curl (Barbell)",,"",1,"normal",15,10,,,
"back bicep","Apr 11, 2026, 6:37 PM","Apr 11, 2026, 7:47 PM","","Seated Incline Curl (Dumbbell)",,"",0,"normal",7.5,15,,,
"back bicep","Apr 11, 2026, 6:37 PM","Apr 11, 2026, 7:47 PM","","Plank",,"",0,"normal",,,,200,
"back bicep","Apr 11, 2026, 6:37 PM","Apr 11, 2026, 7:47 PM","","Dead Hang",,"",0,"normal",,,,30,
"arms/shoulders","Apr 10, 2026, 6:38 PM","Apr 10, 2026, 7:25 PM","","Shoulder Press (Dumbbell)",,"",0,"normal",20,19,,,
"arms/shoulders","Apr 10, 2026, 6:38 PM","Apr 10, 2026, 7:25 PM","","Shoulder Press (Dumbbell)",,"",1,"normal",25,14,,,
"arms/shoulders","Apr 10, 2026, 6:38 PM","Apr 10, 2026, 7:25 PM","","Shoulder Press (Dumbbell)",,"",2,"normal",30,12,,,
"arms/shoulders","Apr 10, 2026, 6:38 PM","Apr 10, 2026, 7:25 PM","","Lateral Raise (Dumbbell)",,"the drop set felt really good",0,"normal",5,30,,,
"arms/shoulders","Apr 10, 2026, 6:38 PM","Apr 10, 2026, 7:25 PM","","Lateral Raise (Dumbbell)",,"the drop set felt really good",1,"normal",10,18,,,
"arms/shoulders","Apr 10, 2026, 6:38 PM","Apr 10, 2026, 7:25 PM","","Lateral Raise (Dumbbell)",,"the drop set felt really good",2,"dropset",5,19,,,
"arms/shoulders","Apr 10, 2026, 6:38 PM","Apr 10, 2026, 7:25 PM","","Lateral Raise (Dumbbell)",,"the drop set felt really good",3,"normal",10,20,,,
"arms/shoulders","Apr 10, 2026, 6:38 PM","Apr 10, 2026, 7:25 PM","","Lateral Raise (Dumbbell)",,"the drop set felt really good",4,"dropset",5,15,,,
"arms/shoulders","Apr 10, 2026, 6:38 PM","Apr 10, 2026, 7:25 PM","","Shrug (Dumbbell)",,"",0,"normal",30,14,,,
"arms/shoulders","Apr 10, 2026, 6:38 PM","Apr 10, 2026, 7:25 PM","","Shrug (Dumbbell)",,"",1,"normal",35,12,,,
"legs","Apr 8, 2026, 6:04 PM","Apr 8, 2026, 7:09 PM","","Leg Extension (Machine)",,"",0,"warmup",22.5,15,,,
"legs","Apr 8, 2026, 6:04 PM","Apr 8, 2026, 7:09 PM","","Leg Extension (Machine)",,"",1,"normal",48,15,,,
"legs","Apr 8, 2026, 6:04 PM","Apr 8, 2026, 7:09 PM","","Seated Calf Raise",,"",0,"normal",30,15,,,
"legs","Apr 8, 2026, 6:04 PM","Apr 8, 2026, 7:09 PM","","Seated Calf Raise",,"",1,"normal",35,12,,,
"legs","Apr 8, 2026, 6:04 PM","Apr 8, 2026, 7:09 PM","","Lying Leg Curl (Machine)",,"",0,"normal",45,12,,,
"legs","Apr 8, 2026, 6:04 PM","Apr 8, 2026, 7:09 PM","","Lying Leg Curl (Machine)",,"",1,"normal",45,12,,,
"legs","Apr 8, 2026, 6:04 PM","Apr 8, 2026, 7:09 PM","","Plank",,"",0,"normal",,,,200,
"legs","Apr 8, 2026, 6:04 PM","Apr 8, 2026, 7:09 PM","","Side Plank",,"",0,"normal",,,,65,
"legs","Apr 8, 2026, 6:04 PM","Apr 8, 2026, 7:09 PM","","Goblet Squat",,"",0,"normal",17.5,20,,,
"legs","Apr 8, 2026, 6:04 PM","Apr 8, 2026, 7:09 PM","","Goblet Squat",,"",1,"normal",20,20,,,
"legs","Apr 8, 2026, 6:04 PM","Apr 8, 2026, 7:09 PM","","Dead Hang",,"",0,"normal",,,,30,
"legs","Apr 8, 2026, 6:04 PM","Apr 8, 2026, 7:09 PM","","Dead Hang",,"",1,"normal",,,,30,
"arms/shoulders","Apr 7, 2026, 7:02 PM","Apr 7, 2026, 7:52 PM","","Bicep Curl (Barbell)",,"",0,"normal",20,15,,,
"arms/shoulders","Apr 7, 2026, 7:02 PM","Apr 7, 2026, 7:52 PM","","Bicep Curl (Barbell)",,"",1,"normal",25,6,,,
"arms/shoulders","Apr 7, 2026, 7:02 PM","Apr 7, 2026, 7:52 PM","","Bicep Curl (Dumbbell)",,"",0,"warmup",15,20,,,
"arms/shoulders","Apr 7, 2026, 7:02 PM","Apr 7, 2026, 7:52 PM","","Bicep Curl (Dumbbell)",,"",1,"normal",20,17,,,
"arms/shoulders","Apr 7, 2026, 7:02 PM","Apr 7, 2026, 7:52 PM","","Bicep Curl (Dumbbell)",,"",2,"normal",25,12,,,
"arms/shoulders","Apr 7, 2026, 7:02 PM","Apr 7, 2026, 7:52 PM","","Triceps Extension (Dumbbell)",,"",0,"normal",12.5,20,,,
"arms/shoulders","Apr 7, 2026, 7:02 PM","Apr 7, 2026, 7:52 PM","","Triceps Extension (Dumbbell)",,"",1,"normal",15,15,,,
"arms/shoulders","Apr 7, 2026, 7:02 PM","Apr 7, 2026, 7:52 PM","","Triceps Extension (Dumbbell)",,"",2,"normal",15,15,,,
"arms/shoulders","Apr 7, 2026, 7:02 PM","Apr 7, 2026, 7:52 PM","","Reverse Curl (Barbell)",,"",0,"normal",15,20,,,
"arms/shoulders","Apr 7, 2026, 7:02 PM","Apr 7, 2026, 7:52 PM","","Reverse Curl (Barbell)",,"",1,"normal",15,20,,,
"chest triceps","Apr 5, 2026, 6:13 PM","Apr 5, 2026, 7:13 PM","","Bench Press (Barbell)",,"",0,"normal",,15,,,
"chest triceps","Apr 5, 2026, 6:13 PM","Apr 5, 2026, 7:13 PM","","Bench Press (Barbell)",,"",1,"normal",30,17,,,
"chest triceps","Apr 5, 2026, 6:13 PM","Apr 5, 2026, 7:13 PM","","Bench Press (Barbell)",,"",2,"normal",45,12,,,
"chest triceps","Apr 5, 2026, 6:13 PM","Apr 5, 2026, 7:13 PM","","Incline Bench Press (Dumbbell)",,"",0,"normal",30,15,,,
"chest triceps","Apr 5, 2026, 6:13 PM","Apr 5, 2026, 7:13 PM","","Incline Bench Press (Dumbbell)",,"",1,"normal",35,5,,,
"chest triceps","Apr 5, 2026, 6:13 PM","Apr 5, 2026, 7:13 PM","","Incline Bench Press (Dumbbell)",,"",2,"normal",35,7,,,
"chest triceps","Apr 5, 2026, 6:13 PM","Apr 5, 2026, 7:13 PM","","Triceps Rope Pushdown",,"",0,"normal",20,14,,,
"chest triceps","Apr 5, 2026, 6:13 PM","Apr 5, 2026, 7:13 PM","","Triceps Rope Pushdown",,"",1,"normal",20,14,,,
"chest triceps","Apr 5, 2026, 6:13 PM","Apr 5, 2026, 7:13 PM","","Skullcrusher (Dumbbell)",,"",0,"normal",15,4,,,
"chest triceps","Apr 5, 2026, 6:13 PM","Apr 5, 2026, 7:13 PM","","Skullcrusher (Dumbbell)",,"",1,"normal",10,17,,,
"chest triceps","Apr 5, 2026, 6:13 PM","Apr 5, 2026, 7:13 PM","","Triceps Pushdown",,"",0,"normal",20,14,,,
"chest triceps","Apr 5, 2026, 6:13 PM","Apr 5, 2026, 7:13 PM","","Push Up",,"",0,"normal",,25,,,
"chest triceps","Apr 5, 2026, 6:13 PM","Apr 5, 2026, 7:13 PM","","Single Arm Triceps Pushdown (Cable)",,"",0,"normal",7.5,15,,,
"chest triceps","Apr 5, 2026, 6:13 PM","Apr 5, 2026, 7:13 PM","","Single Arm Triceps Pushdown (Cable)",,"",1,"normal",10,15,,,
"chest triceps","Apr 5, 2026, 6:13 PM","Apr 5, 2026, 7:13 PM","","Plank",,"",0,"normal",,,,200,
"chest triceps","Apr 5, 2026, 6:13 PM","Apr 5, 2026, 7:13 PM","","Dead Hang",,"",0,"normal",,,,30,
"back bicep","Apr 4, 2026, 5:10 PM","Apr 4, 2026, 6:00 PM","","Pull Up",,"",0,"normal",,15,,,
"back bicep","Apr 4, 2026, 5:10 PM","Apr 4, 2026, 6:00 PM","","Pull Up",,"",1,"normal",,12,,,
"back bicep","Apr 4, 2026, 5:10 PM","Apr 4, 2026, 6:00 PM","","Plank",,"",0,"normal",,,,200,
"back bicep","Apr 4, 2026, 5:10 PM","Apr 4, 2026, 6:00 PM","","Lat Pulldown (Machine)",,"",0,"normal",55,12,,,
"back bicep","Apr 4, 2026, 5:10 PM","Apr 4, 2026, 6:00 PM","","Lat Pulldown (Machine)",,"",1,"normal",55,10,,,
"back bicep","Apr 4, 2026, 5:10 PM","Apr 4, 2026, 6:00 PM","","Iso-Lateral Row (Machine)",,"",0,"normal",60,15,,,
"back bicep","Apr 4, 2026, 5:10 PM","Apr 4, 2026, 6:00 PM","","Iso-Lateral Row (Machine)",,"",1,"normal",63,12,,,
"back bicep","Apr 4, 2026, 5:10 PM","Apr 4, 2026, 6:00 PM","","Side Plank",,"",0,"normal",,,,65,
"back bicep","Apr 4, 2026, 5:10 PM","Apr 4, 2026, 6:00 PM","","Dead Hang",,"",0,"normal",,,,30,
"arms/shoulders","Apr 2, 2026, 6:51 PM","Apr 2, 2026, 7:46 PM","","Shoulder Press (Dumbbell)",,"",0,"warmup",15,16,,,
"arms/shoulders","Apr 2, 2026, 6:51 PM","Apr 2, 2026, 7:46 PM","","Shoulder Press (Dumbbell)",,"",1,"normal",25,15,,,
"arms/shoulders","Apr 2, 2026, 6:51 PM","Apr 2, 2026, 7:46 PM","","Shoulder Press (Dumbbell)",,"",2,"normal",30,10,,,
"arms/shoulders","Apr 2, 2026, 6:51 PM","Apr 2, 2026, 7:46 PM","","Face Pull",,"",0,"normal",20,16,,,
"arms/shoulders","Apr 2, 2026, 6:51 PM","Apr 2, 2026, 7:46 PM","","Face Pull",,"",1,"normal",20,15,,,
"arms/shoulders","Apr 2, 2026, 6:51 PM","Apr 2, 2026, 7:46 PM","","Lateral Raise (Dumbbell)",,"",0,"normal",5,32,,,
"arms/shoulders","Apr 2, 2026, 6:51 PM","Apr 2, 2026, 7:46 PM","","Lateral Raise (Dumbbell)",,"",1,"normal",10,20,,,
"arms/shoulders","Apr 2, 2026, 6:51 PM","Apr 2, 2026, 7:46 PM","","Lateral Raise (Dumbbell)",,"",2,"dropset",5,6,,,
"arms/shoulders","Apr 2, 2026, 6:51 PM","Apr 2, 2026, 7:46 PM","","Shrug (Dumbbell)",,"",0,"normal",35,12,,,
"arms/shoulders","Apr 2, 2026, 6:51 PM","Apr 2, 2026, 7:46 PM","","Plank",,"",0,"normal",,,,200,
"arms/shoulders","Apr 2, 2026, 6:51 PM","Apr 2, 2026, 7:46 PM","","Push Up",,"",0,"normal",,20,,,
"Evening workout 🏋️","Apr 1, 2026, 6:01 PM","Apr 1, 2026, 7:02 PM","","Leg Extension (Machine)",,"",0,"warmup",22.5,15,,,
"Evening workout 🏋️","Apr 1, 2026, 6:01 PM","Apr 1, 2026, 7:02 PM","","Leg Extension (Machine)",,"",1,"normal",48,15,,,
"Evening workout 🏋️","Apr 1, 2026, 6:01 PM","Apr 1, 2026, 7:02 PM","","Seated Calf Raise",,"",0,"normal",30,15,,,
"Evening workout 🏋️","Apr 1, 2026, 6:01 PM","Apr 1, 2026, 7:02 PM","","Seated Calf Raise",,"",1,"normal",35,8,,,
"Evening workout 🏋️","Apr 1, 2026, 6:01 PM","Apr 1, 2026, 7:02 PM","","Lying Leg Curl (Machine)",,"",0,"normal",48,8,,,
"Evening workout 🏋️","Apr 1, 2026, 6:01 PM","Apr 1, 2026, 7:02 PM","","Lying Leg Curl (Machine)",,"",1,"normal",45,18,,,
"Evening workout 🏋️","Apr 1, 2026, 6:01 PM","Apr 1, 2026, 7:02 PM","","Plank",,"",0,"normal",,,,200,
"Evening workout 🏋️","Apr 1, 2026, 6:01 PM","Apr 1, 2026, 7:02 PM","","Side Plank",,"",0,"normal",,,,65,
"Evening workout 🏋️","Apr 1, 2026, 6:01 PM","Apr 1, 2026, 7:02 PM","","Goblet Squat",,"",0,"normal",17.5,20,,,
"Evening workout 🏋️","Apr 1, 2026, 6:01 PM","Apr 1, 2026, 7:02 PM","","Goblet Squat",,"",1,"normal",20,20,,,
"Evening workout 🏋️","Apr 1, 2026, 6:01 PM","Apr 1, 2026, 7:02 PM","","Dead Hang",,"",0,"normal",,,,48,
"arms/shoulders","Mar 31, 2026, 6:30 PM","Mar 31, 2026, 8:24 PM","","Bicep Curl (Dumbbell)",,"slowed down",0,"warmup",15,20,,,
"arms/shoulders","Mar 31, 2026, 6:30 PM","Mar 31, 2026, 8:24 PM","","Bicep Curl (Dumbbell)",,"slowed down",1,"normal",25,12,,,
"arms/shoulders","Mar 31, 2026, 6:30 PM","Mar 31, 2026, 8:24 PM","","Bicep Curl (Dumbbell)",,"slowed down",2,"normal",20,15,,,
"arms/shoulders","Mar 31, 2026, 6:30 PM","Mar 31, 2026, 8:24 PM","","Bicep Curl (Dumbbell)",,"slowed down",3,"dropset",15,16,,,
"arms/shoulders","Mar 31, 2026, 6:30 PM","Mar 31, 2026, 8:24 PM","","Triceps Rope Pushdown",,"",0,"normal",17.5,12,,,
"arms/shoulders","Mar 31, 2026, 6:30 PM","Mar 31, 2026, 8:24 PM","","Triceps Rope Pushdown",,"",1,"normal",15,6,,,
"arms/shoulders","Mar 31, 2026, 6:30 PM","Mar 31, 2026, 8:24 PM","","Triceps Extension (Dumbbell)",,"",0,"normal",12.5,20,,,
"arms/shoulders","Mar 31, 2026, 6:30 PM","Mar 31, 2026, 8:24 PM","","Triceps Extension (Dumbbell)",,"",1,"normal",17.5,12,,,
"arms/shoulders","Mar 31, 2026, 6:30 PM","Mar 31, 2026, 8:24 PM","","Triceps Extension (Dumbbell)",,"",2,"normal",15,15,,,
"arms/shoulders","Mar 31, 2026, 6:30 PM","Mar 31, 2026, 8:24 PM","","Single Arm Triceps Pushdown (Cable)",,"",0,"normal",7.5,15,,,
"arms/shoulders","Mar 31, 2026, 6:30 PM","Mar 31, 2026, 8:24 PM","","Single Arm Triceps Pushdown (Cable)",,"",1,"normal",7.5,15,,,
"arms/shoulders","Mar 31, 2026, 6:30 PM","Mar 31, 2026, 8:24 PM","","Plank",,"",0,"normal",,,,200,
"arms/shoulders","Mar 31, 2026, 6:30 PM","Mar 31, 2026, 8:24 PM","","Cross Body Hammer Curl",,"",0,"normal",20,16,,,
"arms/shoulders","Mar 31, 2026, 6:30 PM","Mar 31, 2026, 8:24 PM","","Push Up",,"",0,"normal",,20,,,
"arms/shoulders","Mar 31, 2026, 6:30 PM","Mar 31, 2026, 8:24 PM","","Preacher Curl (Barbell)",,"",0,"normal",20,22,,,
"arms/shoulders","Mar 31, 2026, 6:30 PM","Mar 31, 2026, 8:24 PM","","Preacher Curl (Barbell)",,"",1,"normal",20,15,,,
"chest triceps","Mar 29, 2026, 6:07 PM","Mar 29, 2026, 7:22 PM","","Bench Press (Barbell)",,"",0,"normal",30,15,,,
"chest triceps","Mar 29, 2026, 6:07 PM","Mar 29, 2026, 7:22 PM","","Bench Press (Barbell)",,"",1,"normal",40,15,,,
"chest triceps","Mar 29, 2026, 6:07 PM","Mar 29, 2026, 7:22 PM","","Bench Press (Barbell)",,"",2,"normal",45,12,,,
"chest triceps","Mar 29, 2026, 6:07 PM","Mar 29, 2026, 7:22 PM","","Incline Bench Press (Dumbbell)",,"",0,"normal",30,15,,,
"chest triceps","Mar 29, 2026, 6:07 PM","Mar 29, 2026, 7:22 PM","","Incline Bench Press (Dumbbell)",,"",1,"normal",35,9,,,
"chest triceps","Mar 29, 2026, 6:07 PM","Mar 29, 2026, 7:22 PM","","Triceps Rope Pushdown",,"",0,"normal",20,12,,,
"chest triceps","Mar 29, 2026, 6:07 PM","Mar 29, 2026, 7:22 PM","","Triceps Rope Pushdown",,"",1,"dropset",15,6,,,
"chest triceps","Mar 29, 2026, 6:07 PM","Mar 29, 2026, 7:22 PM","","Triceps Rope Pushdown",,"",2,"normal",20,11,,,
"chest triceps","Mar 29, 2026, 6:07 PM","Mar 29, 2026, 7:22 PM","","Triceps Rope Pushdown",,"",3,"dropset",15,4,,,
"chest triceps","Mar 29, 2026, 6:07 PM","Mar 29, 2026, 7:22 PM","","Skullcrusher (Dumbbell)",,"shoulder pain",0,"normal",15,4,,,
"chest triceps","Mar 29, 2026, 6:07 PM","Mar 29, 2026, 7:22 PM","","Skullcrusher (Dumbbell)",,"shoulder pain",1,"normal",10,4,,,
"chest triceps","Mar 29, 2026, 6:07 PM","Mar 29, 2026, 7:22 PM","","Push Up",,"",0,"normal",,27,,,
"chest triceps","Mar 29, 2026, 6:07 PM","Mar 29, 2026, 7:22 PM","","Push Up",,"",1,"normal",,16,,,
"chest triceps","Mar 29, 2026, 6:07 PM","Mar 29, 2026, 7:22 PM","","Single Arm Triceps Pushdown (Cable)",,"",0,"normal",7.5,15,,,
"chest triceps","Mar 29, 2026, 6:07 PM","Mar 29, 2026, 7:22 PM","","Single Arm Triceps Pushdown (Cable)",,"",1,"normal",7.5,15,,,
"chest triceps","Mar 29, 2026, 6:07 PM","Mar 29, 2026, 7:22 PM","","Plank",,"",0,"normal",,,,200,
"chest triceps","Mar 29, 2026, 6:07 PM","Mar 29, 2026, 7:22 PM","","Chest Fly (Machine)",,"",0,"warmup",37.5,15,,,
"chest triceps","Mar 29, 2026, 6:07 PM","Mar 29, 2026, 7:22 PM","","Chest Fly (Machine)",,"",1,"normal",45,15,,,
"chest triceps","Mar 29, 2026, 6:07 PM","Mar 29, 2026, 7:22 PM","","Dead Hang",,"",0,"normal",,,,35,
"back bicep","Mar 28, 2026, 6:29 PM","Mar 28, 2026, 7:37 PM","","Pull Up",,"",0,"normal",,16,,,
"back bicep","Mar 28, 2026, 6:29 PM","Mar 28, 2026, 7:37 PM","","Pull Up",,"",1,"normal",,12,,,
"back bicep","Mar 28, 2026, 6:29 PM","Mar 28, 2026, 7:37 PM","","Back Extension (Weighted Hyperextension)",,"",0,"normal",,15,,,
"back bicep","Mar 28, 2026, 6:29 PM","Mar 28, 2026, 7:37 PM","","Back Extension (Weighted Hyperextension)",,"",1,"normal",15,13,,,
"back bicep","Mar 28, 2026, 6:29 PM","Mar 28, 2026, 7:37 PM","","Back Extension (Weighted Hyperextension)",,"",2,"normal",15,13,,,
"back bicep","Mar 28, 2026, 6:29 PM","Mar 28, 2026, 7:37 PM","","Bicep Curl (Barbell)",,"",0,"normal",20,20,,,
"back bicep","Mar 28, 2026, 6:29 PM","Mar 28, 2026, 7:37 PM","","Bicep Curl (Barbell)",,"",1,"normal",20,15,,,
"back bicep","Mar 28, 2026, 6:29 PM","Mar 28, 2026, 7:37 PM","","Bicep Curl (Dumbbell)",,"",0,"warmup",15,20,,,
"back bicep","Mar 28, 2026, 6:29 PM","Mar 28, 2026, 7:37 PM","","Reverse Curl (Barbell)",,"",0,"normal",20,17,,,
"back bicep","Mar 28, 2026, 6:29 PM","Mar 28, 2026, 7:37 PM","","Reverse Curl (Barbell)",,"",1,"normal",15,20,,,
"back bicep","Mar 28, 2026, 6:29 PM","Mar 28, 2026, 7:37 PM","","Lat Pulldown (Machine)",,"",0,"normal",52.5,11,,,
"back bicep","Mar 28, 2026, 6:29 PM","Mar 28, 2026, 7:37 PM","","Lat Pulldown (Machine)",,"",1,"normal",55,12,,,
"back bicep","Mar 28, 2026, 6:29 PM","Mar 28, 2026, 7:37 PM","","Iso-Lateral Row (Machine)",,"",0,"normal",55,15,,,
"back bicep","Mar 28, 2026, 6:29 PM","Mar 28, 2026, 7:37 PM","","Iso-Lateral Row (Machine)",,"",1,"normal",60,16,,,
"back bicep","Mar 28, 2026, 6:29 PM","Mar 28, 2026, 7:37 PM","","Iso-Lateral Row (Machine)",,"",2,"normal",63,15,,,
"legs","Mar 27, 2026, 6:39 PM","Mar 27, 2026, 7:29 PM","","Leg Extension (Machine)",,"",0,"warmup",22.5,15,,,
"legs","Mar 27, 2026, 6:39 PM","Mar 27, 2026, 7:29 PM","","Leg Extension (Machine)",,"",1,"normal",48,15,,,
"legs","Mar 27, 2026, 6:39 PM","Mar 27, 2026, 7:29 PM","","Seated Calf Raise",,"",0,"normal",30,15,,,
"legs","Mar 27, 2026, 6:39 PM","Mar 27, 2026, 7:29 PM","","Seated Calf Raise",,"",1,"normal",35,8,,,
"legs","Mar 27, 2026, 6:39 PM","Mar 27, 2026, 7:29 PM","","Plank",,"",0,"normal",,,,195,
"legs","Mar 27, 2026, 6:39 PM","Mar 27, 2026, 7:29 PM","","Side Plank",,"",0,"normal",,,,60,
"legs","Mar 27, 2026, 6:39 PM","Mar 27, 2026, 7:29 PM","","Goblet Squat",,"",0,"normal",17.5,20,,,
"legs","Mar 27, 2026, 6:39 PM","Mar 27, 2026, 7:29 PM","","Goblet Squat",,"",1,"normal",20,18,,,
"arms/shoulders","Mar 25, 2026, 6:38 PM","Mar 25, 2026, 7:45 PM","","Bicep Curl (Dumbbell)",,"",0,"warmup",15,20,,,
"arms/shoulders","Mar 25, 2026, 6:38 PM","Mar 25, 2026, 7:45 PM","","Bicep Curl (Dumbbell)",,"",1,"normal",25,17,,,
"arms/shoulders","Mar 25, 2026, 6:38 PM","Mar 25, 2026, 7:45 PM","","Bicep Curl (Dumbbell)",,"",2,"dropset",15,10,,,
"arms/shoulders","Mar 25, 2026, 6:38 PM","Mar 25, 2026, 7:45 PM","","Triceps Rope Pushdown",,"",0,"normal",18.5,15,,,
"arms/shoulders","Mar 25, 2026, 6:38 PM","Mar 25, 2026, 7:45 PM","","Triceps Rope Pushdown",,"",1,"normal",20.4,12,,,
"arms/shoulders","Mar 25, 2026, 6:38 PM","Mar 25, 2026, 7:45 PM","","Triceps Rope Pushdown",,"",2,"normal",20.4,10,,,
"arms/shoulders","Mar 25, 2026, 6:38 PM","Mar 25, 2026, 7:45 PM","","Triceps Extension (Dumbbell)",,"",0,"normal",12.5,20,,,
"arms/shoulders","Mar 25, 2026, 6:38 PM","Mar 25, 2026, 7:45 PM","","Triceps Extension (Dumbbell)",,"",1,"normal",17.5,12,,,
"arms/shoulders","Mar 25, 2026, 6:38 PM","Mar 25, 2026, 7:45 PM","","Skullcrusher (Dumbbell)",,"",0,"normal",15,11,,,
"arms/shoulders","Mar 25, 2026, 6:38 PM","Mar 25, 2026, 7:45 PM","","Skullcrusher (Dumbbell)",,"",1,"normal",15,11,,,
"arms/shoulders","Mar 25, 2026, 6:38 PM","Mar 25, 2026, 7:45 PM","","Plank",,"",0,"normal",,,,195,
"arms/shoulders","Mar 25, 2026, 6:38 PM","Mar 25, 2026, 7:45 PM","","Preacher Curl (Barbell)",,"",0,"normal",20,24,,,
"arms/shoulders","Mar 25, 2026, 6:38 PM","Mar 25, 2026, 7:45 PM","","Preacher Curl (Barbell)",,"",1,"normal",20,17,,,
"arms/shoulders","Mar 25, 2026, 6:38 PM","Mar 25, 2026, 7:45 PM","","Triceps Pushdown",,"",0,"normal",20,14,,,
"arms/shoulders","Mar 25, 2026, 6:38 PM","Mar 25, 2026, 7:45 PM","","Dead Hang",,"",0,"normal",,,,35,
"chest triceps","Mar 22, 2026, 6:49 PM","Mar 22, 2026, 8:12 PM","","Bench Press (Barbell)",,"",0,"normal",45,8,,,
"chest triceps","Mar 22, 2026, 6:49 PM","Mar 22, 2026, 8:12 PM","","Bench Press (Barbell)",,"",1,"normal",40,15,,,
"chest triceps","Mar 22, 2026, 6:49 PM","Mar 22, 2026, 8:12 PM","","Incline Bench Press (Dumbbell)",,"",0,"normal",30,12,,,
"chest triceps","Mar 22, 2026, 6:49 PM","Mar 22, 2026, 8:12 PM","","Incline Bench Press (Dumbbell)",,"",1,"normal",35,7,,,
"chest triceps","Mar 22, 2026, 6:49 PM","Mar 22, 2026, 8:12 PM","","Triceps Rope Pushdown",,"",0,"normal",20,11,,,
"chest triceps","Mar 22, 2026, 6:49 PM","Mar 22, 2026, 8:12 PM","","Triceps Rope Pushdown",,"",1,"dropset",15,4,,,
"chest triceps","Mar 22, 2026, 6:49 PM","Mar 22, 2026, 8:12 PM","","Skullcrusher (Dumbbell)",,"",0,"normal",15,10,,,
"chest triceps","Mar 22, 2026, 6:49 PM","Mar 22, 2026, 8:12 PM","","Skullcrusher (Dumbbell)",,"",1,"normal",10,20,,,
"chest triceps","Mar 22, 2026, 6:49 PM","Mar 22, 2026, 8:12 PM","","Triceps Pushdown",,"",0,"normal",20,15,,,
"chest triceps","Mar 22, 2026, 6:49 PM","Mar 22, 2026, 8:12 PM","","Push Up",,"",0,"normal",,30,,,
"chest triceps","Mar 22, 2026, 6:49 PM","Mar 22, 2026, 8:12 PM","","Plank",,"",0,"normal",,,,195,
"chest triceps","Mar 22, 2026, 6:49 PM","Mar 22, 2026, 8:12 PM","","Chest Fly (Machine)",,"",0,"warmup",40,15,,,
"chest triceps","Mar 22, 2026, 6:49 PM","Mar 22, 2026, 8:12 PM","","Chest Fly (Machine)",,"",1,"normal",45,15,,,
"chest triceps","Mar 22, 2026, 6:49 PM","Mar 22, 2026, 8:12 PM","","Dead Hang",,"",0,"normal",,,,35,
"chest triceps","Mar 22, 2026, 6:49 PM","Mar 22, 2026, 8:12 PM","","Overhead Triceps Extension (Cable)",,"",0,"normal",15,15,,,
"chest triceps","Mar 22, 2026, 6:49 PM","Mar 22, 2026, 8:12 PM","","Overhead Triceps Extension (Cable)",,"",1,"normal",12.5,15,,,
"back bicep","Mar 21, 2026, 5:49 PM","Mar 21, 2026, 6:58 PM","","Pull Up",,"",0,"normal",,15,,,
"back bicep","Mar 21, 2026, 5:49 PM","Mar 21, 2026, 6:58 PM","","Pull Up",,"",1,"normal",,10,,,
"back bicep","Mar 21, 2026, 5:49 PM","Mar 21, 2026, 6:58 PM","","Pull Up",,"",2,"normal",,6,,,
"back bicep","Mar 21, 2026, 5:49 PM","Mar 21, 2026, 6:58 PM","","Back Extension (Weighted Hyperextension)",,"",0,"normal",,15,,,
"back bicep","Mar 21, 2026, 5:49 PM","Mar 21, 2026, 6:58 PM","","Back Extension (Weighted Hyperextension)",,"",1,"normal",10,15,,,
"back bicep","Mar 21, 2026, 5:49 PM","Mar 21, 2026, 6:58 PM","","Bicep Curl (Barbell)",,"",0,"normal",20,17,,,
"back bicep","Mar 21, 2026, 5:49 PM","Mar 21, 2026, 6:58 PM","","Bicep Curl (Barbell)",,"",1,"normal",20,17,,,
"back bicep","Mar 21, 2026, 5:49 PM","Mar 21, 2026, 6:58 PM","","Bicep Curl (Dumbbell)",,"",0,"warmup",15,20,,,
"back bicep","Mar 21, 2026, 5:49 PM","Mar 21, 2026, 6:58 PM","","Seated Incline Curl (Dumbbell)",,"",0,"normal",7.5,15,,,
"back bicep","Mar 21, 2026, 5:49 PM","Mar 21, 2026, 6:58 PM","","Seated Incline Curl (Dumbbell)",,"",1,"normal",20,12,,,
"back bicep","Mar 21, 2026, 5:49 PM","Mar 21, 2026, 6:58 PM","","Hammer Curl (Dumbbell)",,"",0,"normal",30,15,,,
"back bicep","Mar 21, 2026, 5:49 PM","Mar 21, 2026, 6:58 PM","","Hammer Curl (Dumbbell)",,"",1,"normal",25,16,,,
"back bicep","Mar 21, 2026, 5:49 PM","Mar 21, 2026, 6:58 PM","","Plank",,"",0,"normal",,,,195,
"back bicep","Mar 21, 2026, 5:49 PM","Mar 21, 2026, 6:58 PM","","Lat Pulldown (Machine)",,"",0,"normal",52.5,13,,,
"back bicep","Mar 21, 2026, 5:49 PM","Mar 21, 2026, 6:58 PM","","Iso-Lateral Row (Machine)",,"",0,"normal",55,15,,,
"back bicep","Mar 21, 2026, 5:49 PM","Mar 21, 2026, 6:58 PM","","Iso-Lateral Row (Machine)",,"",1,"normal",60,15,,,
"back bicep","Mar 21, 2026, 5:49 PM","Mar 21, 2026, 6:58 PM","","Iso-Lateral Row (Machine)",,"",2,"normal",60,15,,,
"arms/shoulders","Mar 19, 2026, 6:34 PM","Mar 19, 2026, 7:35 PM","","Shoulder Press (Dumbbell)",,"",0,"warmup",15,20,,,
"arms/shoulders","Mar 19, 2026, 6:34 PM","Mar 19, 2026, 7:35 PM","","Shoulder Press (Dumbbell)",,"",1,"normal",20,20,,,
"arms/shoulders","Mar 19, 2026, 6:34 PM","Mar 19, 2026, 7:35 PM","","Lateral Raise (Dumbbell)",,"",0,"normal",5,24,,,
"arms/shoulders","Mar 19, 2026, 6:34 PM","Mar 19, 2026, 7:35 PM","","Lateral Raise (Dumbbell)",,"",1,"normal",5,25,,,
"arms/shoulders","Mar 19, 2026, 6:34 PM","Mar 19, 2026, 7:35 PM","","Lateral Raise (Dumbbell)",,"",2,"normal",5,30,,,
"arms/shoulders","Mar 19, 2026, 6:34 PM","Mar 19, 2026, 7:35 PM","","Shrug (Dumbbell)",,"",0,"normal",30,14,,,
"arms/shoulders","Mar 19, 2026, 6:34 PM","Mar 19, 2026, 7:35 PM","","Rear Delt Reverse Fly (Machine)",,"",0,"normal",30,15,,,
"arms/shoulders","Mar 19, 2026, 6:34 PM","Mar 19, 2026, 7:35 PM","","Plank",,"",0,"normal",,,,195,
"arms/shoulders","Mar 19, 2026, 6:34 PM","Mar 19, 2026, 7:35 PM","","Push Up",,"",0,"normal",,20,,,
"arms/shoulders","Mar 19, 2026, 6:34 PM","Mar 19, 2026, 7:35 PM","","Dead Hang",,"",0,"normal",,,,35,
"legs","Mar 18, 2026, 6:34 PM","Mar 18, 2026, 7:39 PM","","Leg Extension (Machine)",,"",0,"warmup",18,15,,,
"legs","Mar 18, 2026, 6:34 PM","Mar 18, 2026, 7:39 PM","","Leg Extension (Machine)",,"",1,"normal",48,15,,,
"legs","Mar 18, 2026, 6:34 PM","Mar 18, 2026, 7:39 PM","","Seated Calf Raise",,"",0,"normal",30,15,,,
"legs","Mar 18, 2026, 6:34 PM","Mar 18, 2026, 7:39 PM","","Seated Calf Raise",,"",1,"normal",35,12,,,
"legs","Mar 18, 2026, 6:34 PM","Mar 18, 2026, 7:39 PM","","Lying Leg Curl (Machine)",,"",0,"normal",48,10,,,
"legs","Mar 18, 2026, 6:34 PM","Mar 18, 2026, 7:39 PM","","Lying Leg Curl (Machine)",,"",1,"normal",45,5,,,
"legs","Mar 18, 2026, 6:34 PM","Mar 18, 2026, 7:39 PM","","Plank",,"",0,"normal",,,,195,
"legs","Mar 18, 2026, 6:34 PM","Mar 18, 2026, 7:39 PM","","Goblet Squat",,"",0,"normal",17.5,20,,,
"legs","Mar 18, 2026, 6:34 PM","Mar 18, 2026, 7:39 PM","","Goblet Squat",,"",1,"normal",20,16,,,
"legs","Mar 18, 2026, 6:34 PM","Mar 18, 2026, 7:39 PM","","Dead Hang",,"",0,"normal",,,,35,
"arms/shoulders","Mar 17, 2026, 6:37 PM","Mar 17, 2026, 7:40 PM","","Bicep Curl (Dumbbell)",,"",0,"warmup",15,20,,,
"arms/shoulders","Mar 17, 2026, 6:37 PM","Mar 17, 2026, 7:40 PM","","Bicep Curl (Dumbbell)",,"",1,"normal",25,16,,,
"arms/shoulders","Mar 17, 2026, 6:37 PM","Mar 17, 2026, 7:40 PM","","Bicep Curl (Dumbbell)",,"",2,"normal",25,15,,,
"arms/shoulders","Mar 17, 2026, 6:37 PM","Mar 17, 2026, 7:40 PM","","Triceps Extension (Dumbbell)",,"",0,"normal",15,18,,,
"arms/shoulders","Mar 17, 2026, 6:37 PM","Mar 17, 2026, 7:40 PM","","Skullcrusher (Dumbbell)",,"",0,"normal",15,13,,,
"arms/shoulders","Mar 17, 2026, 6:37 PM","Mar 17, 2026, 7:40 PM","","Reverse Curl (Barbell)",,"",0,"normal",20,16,,,
"arms/shoulders","Mar 17, 2026, 6:37 PM","Mar 17, 2026, 7:40 PM","","Reverse Curl (Barbell)",,"",1,"normal",20,16,,,
"arms/shoulders","Mar 17, 2026, 6:37 PM","Mar 17, 2026, 7:40 PM","","Plank",,"",0,"normal",,,,195,
"arms/shoulders","Mar 17, 2026, 6:37 PM","Mar 17, 2026, 7:40 PM","","Dead Hang",,"",0,"normal",,,,35,
"chest triceps","Mar 15, 2026, 4:15 PM","Mar 15, 2026, 5:13 PM","","Bench Press (Barbell)",,"",0,"normal",45,8,,,
"chest triceps","Mar 15, 2026, 4:15 PM","Mar 15, 2026, 5:13 PM","","Incline Bench Press (Dumbbell)",,"",0,"normal",30,15,,,
"chest triceps","Mar 15, 2026, 4:15 PM","Mar 15, 2026, 5:13 PM","","Incline Bench Press (Dumbbell)",,"",1,"normal",35,8,,,
"chest triceps","Mar 15, 2026, 4:15 PM","Mar 15, 2026, 5:13 PM","","Triceps Rope Pushdown",,"",0,"normal",20,16,,,
"chest triceps","Mar 15, 2026, 4:15 PM","Mar 15, 2026, 5:13 PM","","Triceps Rope Pushdown",,"",1,"normal",20,15,,,
"chest triceps","Mar 15, 2026, 4:15 PM","Mar 15, 2026, 5:13 PM","","Skullcrusher (Dumbbell)",,"",0,"normal",15,12,,,
"chest triceps","Mar 15, 2026, 4:15 PM","Mar 15, 2026, 5:13 PM","","Skullcrusher (Dumbbell)",,"",1,"normal",10,20,,,
"chest triceps","Mar 15, 2026, 4:15 PM","Mar 15, 2026, 5:13 PM","","Triceps Pushdown",,"",0,"normal",20,15,,,
"chest triceps","Mar 15, 2026, 4:15 PM","Mar 15, 2026, 5:13 PM","","Push Up",,"",0,"normal",,24,,,
"chest triceps","Mar 15, 2026, 4:15 PM","Mar 15, 2026, 5:13 PM","","Plank",,"",0,"normal",,,,195,
"chest triceps","Mar 15, 2026, 4:15 PM","Mar 15, 2026, 5:13 PM","","Chest Fly (Machine)",,"",0,"normal",48,13,,,
"chest triceps","Mar 15, 2026, 4:15 PM","Mar 15, 2026, 5:13 PM","","Chest Fly (Machine)",,"",1,"normal",45,15,,,
"chest triceps","Mar 15, 2026, 4:15 PM","Mar 15, 2026, 5:13 PM","","Dead Hang",,"",0,"normal",,,,32,
"back bicep","Mar 14, 2026, 6:28 PM","Mar 14, 2026, 7:44 PM","","Pull Up",,"",0,"normal",,16,,,
"back bicep","Mar 14, 2026, 6:28 PM","Mar 14, 2026, 7:44 PM","","Pull Up",,"",1,"normal",,13,,,
"back bicep","Mar 14, 2026, 6:28 PM","Mar 14, 2026, 7:44 PM","","Back Extension (Weighted Hyperextension)",,"",0,"normal",15,15,,,
"back bicep","Mar 14, 2026, 6:28 PM","Mar 14, 2026, 7:44 PM","","Bicep Curl (Barbell)",,"",0,"normal",20,15,,,
"back bicep","Mar 14, 2026, 6:28 PM","Mar 14, 2026, 7:44 PM","","Bicep Curl (Barbell)",,"",1,"normal",20,17,,,
"back bicep","Mar 14, 2026, 6:28 PM","Mar 14, 2026, 7:44 PM","","Reverse Curl (Barbell)",,"",0,"normal",20,16,,,
"back bicep","Mar 14, 2026, 6:28 PM","Mar 14, 2026, 7:44 PM","","Reverse Curl (Barbell)",,"",1,"normal",20,16,,,
"back bicep","Mar 14, 2026, 6:28 PM","Mar 14, 2026, 7:44 PM","","Hammer Curl (Dumbbell)",,"",0,"normal",30,12,,,
"back bicep","Mar 14, 2026, 6:28 PM","Mar 14, 2026, 7:44 PM","","Plank",,"",0,"normal",,,,195,
"back bicep","Mar 14, 2026, 6:28 PM","Mar 14, 2026, 7:44 PM","","Lat Pulldown (Machine)",,"",0,"normal",52.5,15,,,
"back bicep","Mar 14, 2026, 6:28 PM","Mar 14, 2026, 7:44 PM","","Lat Pulldown (Machine)",,"",1,"normal",55,13,,,
"back bicep","Mar 14, 2026, 6:28 PM","Mar 14, 2026, 7:44 PM","","Iso-Lateral Row (Machine)",,"",0,"normal",60,18,,,
"back bicep","Mar 14, 2026, 6:28 PM","Mar 14, 2026, 7:44 PM","","Iso-Lateral Row (Machine)",,"",1,"normal",63,15,,,
"back bicep","Mar 14, 2026, 6:28 PM","Mar 14, 2026, 7:44 PM","","Side Plank",,"",0,"normal",,,,60,
"back bicep","Mar 14, 2026, 6:28 PM","Mar 14, 2026, 7:44 PM","","Dead Hang",,"",0,"normal",,,,30,
"arms/shoulders","Mar 12, 2026, 7:02 PM","Mar 12, 2026, 7:45 PM","","Shoulder Press (Dumbbell)",,"",0,"normal",20,16,,,
"arms/shoulders","Mar 12, 2026, 7:02 PM","Mar 12, 2026, 7:45 PM","","Shoulder Press (Dumbbell)",,"",1,"normal",25,15,,,
"arms/shoulders","Mar 12, 2026, 7:02 PM","Mar 12, 2026, 7:45 PM","","Shoulder Press (Dumbbell)",,"",2,"normal",30,9,,,
"arms/shoulders","Mar 12, 2026, 7:02 PM","Mar 12, 2026, 7:45 PM","","Lateral Raise (Dumbbell)",,"",0,"normal",5,30,,,
"arms/shoulders","Mar 12, 2026, 7:02 PM","Mar 12, 2026, 7:45 PM","","Lateral Raise (Dumbbell)",,"",1,"normal",10,25,,,
"arms/shoulders","Mar 12, 2026, 7:02 PM","Mar 12, 2026, 7:45 PM","","Lateral Raise (Dumbbell)",,"",2,"normal",15,8,,,
"arms/shoulders","Mar 12, 2026, 7:02 PM","Mar 12, 2026, 7:45 PM","","Shrug (Dumbbell)",,"",0,"normal",35,12,,,
"arms/shoulders","Mar 12, 2026, 7:02 PM","Mar 12, 2026, 7:45 PM","","Shrug (Dumbbell)",,"",1,"normal",35,12,,,
"arms/shoulders","Mar 12, 2026, 7:02 PM","Mar 12, 2026, 7:45 PM","","Plank",,"",0,"normal",,,,195,
"arms/shoulders","Mar 12, 2026, 7:02 PM","Mar 12, 2026, 7:45 PM","","Dead Hang",,"",0,"normal",,,,35,
"legs","Mar 11, 2026, 6:43 PM","Mar 11, 2026, 7:40 PM","","Leg Extension (Machine)",,"",0,"warmup",22.5,15,,,
"legs","Mar 11, 2026, 6:43 PM","Mar 11, 2026, 7:40 PM","","Leg Extension (Machine)",,"",1,"normal",48,15,,,
"legs","Mar 11, 2026, 6:43 PM","Mar 11, 2026, 7:40 PM","","Leg Extension (Machine)",,"",2,"normal",48,15,,,
"legs","Mar 11, 2026, 6:43 PM","Mar 11, 2026, 7:40 PM","","Seated Calf Raise",,"",0,"normal",30,15,,,
"legs","Mar 11, 2026, 6:43 PM","Mar 11, 2026, 7:40 PM","","Seated Calf Raise",,"",1,"normal",30,15,,,
"legs","Mar 11, 2026, 6:43 PM","Mar 11, 2026, 7:40 PM","","Plank",,"",0,"normal",,,,195,
"legs","Mar 11, 2026, 6:43 PM","Mar 11, 2026, 7:40 PM","","Side Plank",,"",0,"normal",,,,60,
"legs","Mar 11, 2026, 6:43 PM","Mar 11, 2026, 7:40 PM","","Goblet Squat",,"",0,"normal",17.5,19,,,
"legs","Mar 11, 2026, 6:43 PM","Mar 11, 2026, 7:40 PM","","Goblet Squat",,"",1,"normal",20,16,,,
"legs","Mar 11, 2026, 6:43 PM","Mar 11, 2026, 7:40 PM","","Dead Hang",,"",0,"normal",,,,35,
"arms/shoulders","Mar 10, 2026, 5:19 PM","Mar 10, 2026, 6:39 PM","","Bicep Curl (Barbell)",,"",0,"normal",20,15,,,
"arms/shoulders","Mar 10, 2026, 5:19 PM","Mar 10, 2026, 6:39 PM","","Bicep Curl (Dumbbell)",,"",0,"warmup",15,20,,,
"arms/shoulders","Mar 10, 2026, 5:19 PM","Mar 10, 2026, 6:39 PM","","Bicep Curl (Dumbbell)",,"",1,"normal",25,16,,,
"arms/shoulders","Mar 10, 2026, 5:19 PM","Mar 10, 2026, 6:39 PM","","Bicep Curl (Dumbbell)",,"",2,"dropset",25,10,,,
"arms/shoulders","Mar 10, 2026, 5:19 PM","Mar 10, 2026, 6:39 PM","","Triceps Rope Pushdown",,"",0,"normal",20,15,,,
"arms/shoulders","Mar 10, 2026, 5:19 PM","Mar 10, 2026, 6:39 PM","","Triceps Extension (Dumbbell)",,"",0,"normal",15,18,,,
"arms/shoulders","Mar 10, 2026, 5:19 PM","Mar 10, 2026, 6:39 PM","","Triceps Extension (Dumbbell)",,"",1,"normal",17.5,12,,,
"arms/shoulders","Mar 10, 2026, 5:19 PM","Mar 10, 2026, 6:39 PM","","Skullcrusher (Dumbbell)",,"",0,"normal",15,12,,,
"arms/shoulders","Mar 10, 2026, 5:19 PM","Mar 10, 2026, 6:39 PM","","Single Arm Triceps Pushdown (Cable)",,"",0,"normal",7.5,15,,,
"arms/shoulders","Mar 10, 2026, 5:19 PM","Mar 10, 2026, 6:39 PM","","Plank",,"",0,"normal",,,,195,
"arms/shoulders","Mar 10, 2026, 5:19 PM","Mar 10, 2026, 6:39 PM","","Side Plank",,"",0,"normal",,,,60,
"arms/shoulders","Mar 10, 2026, 5:19 PM","Mar 10, 2026, 6:39 PM","","Push Up",,"",0,"normal",,10,,,
"arms/shoulders","Mar 10, 2026, 5:19 PM","Mar 10, 2026, 6:39 PM","","Preacher Curl (Barbell)",,"",0,"normal",20,20,,,
"arms/shoulders","Mar 10, 2026, 5:19 PM","Mar 10, 2026, 6:39 PM","","Dead Hang",,"",0,"normal",,,,35,
"arms/shoulders","Mar 10, 2026, 5:19 PM","Mar 10, 2026, 6:39 PM","","suitcase carry",,"",0,"normal",20,,,35,
"chest triceps","Mar 8, 2026, 6:07 PM","Mar 8, 2026, 7:30 PM","","Bench Press (Barbell)",,"",0,"normal",40,12,,,
"chest triceps","Mar 8, 2026, 6:07 PM","Mar 8, 2026, 7:30 PM","","Bench Press (Barbell)",,"",1,"normal",50,6,,,
"chest triceps","Mar 8, 2026, 6:07 PM","Mar 8, 2026, 7:30 PM","","Incline Bench Press (Dumbbell)",,"",0,"normal",25,17,,,
"chest triceps","Mar 8, 2026, 6:07 PM","Mar 8, 2026, 7:30 PM","","Incline Bench Press (Dumbbell)",,"",1,"normal",30,15,,,
"chest triceps","Mar 8, 2026, 6:07 PM","Mar 8, 2026, 7:30 PM","","Incline Bench Press (Dumbbell)",,"",2,"normal",30,15,,,
"chest triceps","Mar 8, 2026, 6:07 PM","Mar 8, 2026, 7:30 PM","","Triceps Rope Pushdown",,"",0,"normal",20,16,,,
"chest triceps","Mar 8, 2026, 6:07 PM","Mar 8, 2026, 7:30 PM","","Triceps Rope Pushdown",,"",1,"normal",20,15,,,
"chest triceps","Mar 8, 2026, 6:07 PM","Mar 8, 2026, 7:30 PM","","Push Up",,"",0,"normal",,30,,,
"chest triceps","Mar 8, 2026, 6:07 PM","Mar 8, 2026, 7:30 PM","","Cable Fly Crossovers",,"",0,"normal",10,15,,,
"chest triceps","Mar 8, 2026, 6:07 PM","Mar 8, 2026, 7:30 PM","","Cable Fly Crossovers",,"",1,"normal",10,15,,,
"chest triceps","Mar 8, 2026, 6:07 PM","Mar 8, 2026, 7:30 PM","","Cable Fly Crossovers",,"",2,"normal",7.5,15,,,
"chest triceps","Mar 8, 2026, 6:07 PM","Mar 8, 2026, 7:30 PM","","Cable Fly Crossovers",,"",3,"normal",7.5,10,,,
"chest triceps","Mar 8, 2026, 6:07 PM","Mar 8, 2026, 7:30 PM","","Plank",,"",0,"normal",,,,195,
"chest triceps","Mar 8, 2026, 6:07 PM","Mar 8, 2026, 7:30 PM","","Chest Fly (Machine)",,"",0,"normal",48,15,,,
"chest triceps","Mar 8, 2026, 6:07 PM","Mar 8, 2026, 7:30 PM","","Dead Hang",,"",0,"normal",,,,41,
"back bicep","Mar 7, 2026, 5:52 PM","Mar 7, 2026, 7:18 PM","","Pull Up",,"",0,"normal",,16,,,
"back bicep","Mar 7, 2026, 5:52 PM","Mar 7, 2026, 7:18 PM","","Pull Up",,"",1,"normal",,12,,,
"back bicep","Mar 7, 2026, 5:52 PM","Mar 7, 2026, 7:18 PM","","Bicep Curl (Dumbbell)",,"",0,"warmup",15,20,,,
"back bicep","Mar 7, 2026, 5:52 PM","Mar 7, 2026, 7:18 PM","","Bicep Curl (Dumbbell)",,"",1,"normal",25,11,,,
"back bicep","Mar 7, 2026, 5:52 PM","Mar 7, 2026, 7:18 PM","","Preacher Curl (Barbell)",,"",0,"normal",20,18,,,
"back bicep","Mar 7, 2026, 5:52 PM","Mar 7, 2026, 7:18 PM","","Reverse Curl (Barbell)",,"",0,"normal",20,20,,,
"back bicep","Mar 7, 2026, 5:52 PM","Mar 7, 2026, 7:18 PM","","Reverse Curl (Barbell)",,"",1,"normal",20,12,,,
"back bicep","Mar 7, 2026, 5:52 PM","Mar 7, 2026, 7:18 PM","","Plank",,"",0,"normal",,,,195,
"back bicep","Mar 7, 2026, 5:52 PM","Mar 7, 2026, 7:18 PM","","Lat Pulldown (Machine)",,"",0,"warmup",49,15,,,
"back bicep","Mar 7, 2026, 5:52 PM","Mar 7, 2026, 7:18 PM","","Lat Pulldown (Machine)",,"",1,"normal",55,10,,,
"back bicep","Mar 7, 2026, 5:52 PM","Mar 7, 2026, 7:18 PM","","Lat Pulldown (Machine)",,"",2,"normal",55,9,,,
"back bicep","Mar 7, 2026, 5:52 PM","Mar 7, 2026, 7:18 PM","","Iso-Lateral Row (Machine)",,"",0,"normal",52.5,15,,,
"back bicep","Mar 7, 2026, 5:52 PM","Mar 7, 2026, 7:18 PM","","Iso-Lateral Row (Machine)",,"",1,"normal",60,15,,,
"back bicep","Mar 7, 2026, 5:52 PM","Mar 7, 2026, 7:18 PM","","Iso-Lateral Row (Machine)",,"",2,"normal",60,15,,,
"back bicep","Mar 7, 2026, 5:52 PM","Mar 7, 2026, 7:18 PM","","Side Plank",,"",0,"normal",,,,60,
"back bicep","Mar 7, 2026, 5:52 PM","Mar 7, 2026, 7:18 PM","","Dead Hang",,"",0,"normal",,,,20,
"arms/shoulders","Mar 6, 2026, 6:26 PM","Mar 6, 2026, 7:26 PM","","Shoulder Press (Dumbbell)",,"",0,"normal",20,20,,,
"arms/shoulders","Mar 6, 2026, 6:26 PM","Mar 6, 2026, 7:26 PM","","Shoulder Press (Dumbbell)",,"",1,"normal",25,15,,,
"arms/shoulders","Mar 6, 2026, 6:26 PM","Mar 6, 2026, 7:26 PM","","Shoulder Press (Dumbbell)",,"",2,"normal",30,8,,,
"arms/shoulders","Mar 6, 2026, 6:26 PM","Mar 6, 2026, 7:26 PM","","Face Pull",,"",0,"normal",22.5,13,,,
"arms/shoulders","Mar 6, 2026, 6:26 PM","Mar 6, 2026, 7:26 PM","","Face Pull",,"",1,"normal",20,13,,,
"arms/shoulders","Mar 6, 2026, 6:26 PM","Mar 6, 2026, 7:26 PM","","Lateral Raise (Dumbbell)",,"",0,"normal",5,30,,,
"arms/shoulders","Mar 6, 2026, 6:26 PM","Mar 6, 2026, 7:26 PM","","Lateral Raise (Dumbbell)",,"",1,"normal",10,25,,,
"arms/shoulders","Mar 6, 2026, 6:26 PM","Mar 6, 2026, 7:26 PM","","Lateral Raise (Dumbbell)",,"",2,"normal",15,8,,,
"arms/shoulders","Mar 6, 2026, 6:26 PM","Mar 6, 2026, 7:26 PM","","Shrug (Dumbbell)",,"",0,"normal",35,12,,,
"arms/shoulders","Mar 6, 2026, 6:26 PM","Mar 6, 2026, 7:26 PM","","Shrug (Dumbbell)",,"",1,"normal",35,12,,,
"arms/shoulders","Mar 6, 2026, 6:26 PM","Mar 6, 2026, 7:26 PM","","Plank",,"",0,"normal",,,,195,
"arms/shoulders","Mar 6, 2026, 6:26 PM","Mar 6, 2026, 7:26 PM","","Push Up",,"",0,"normal",,25,,,
"arms/shoulders","Mar 6, 2026, 6:26 PM","Mar 6, 2026, 7:26 PM","","Dead Hang",,"",0,"normal",,,,24,
"legs","Mar 5, 2026, 6:07 PM","Mar 5, 2026, 7:22 PM","","Leg Extension (Machine)",,"",0,"warmup",22.5,15,,,
"legs","Mar 5, 2026, 6:07 PM","Mar 5, 2026, 7:22 PM","","Leg Extension (Machine)",,"",1,"normal",45,15,,,
"legs","Mar 5, 2026, 6:07 PM","Mar 5, 2026, 7:22 PM","","Seated Calf Raise",,"",0,"normal",35,14,,,
"legs","Mar 5, 2026, 6:07 PM","Mar 5, 2026, 7:22 PM","","Seated Calf Raise",,"",1,"normal",35,10,,,
"legs","Mar 5, 2026, 6:07 PM","Mar 5, 2026, 7:22 PM","","Lying Leg Curl (Machine)",,"",0,"normal",45,15,,,
"legs","Mar 5, 2026, 6:07 PM","Mar 5, 2026, 7:22 PM","","Lying Leg Curl (Machine)",,"",1,"normal",48,15,,,
"legs","Mar 5, 2026, 6:07 PM","Mar 5, 2026, 7:22 PM","","Plank",,"",0,"normal",,,,195,
"legs","Mar 5, 2026, 6:07 PM","Mar 5, 2026, 7:22 PM","","Goblet Squat",,"",0,"normal",16,15,,,
"legs","Mar 5, 2026, 6:07 PM","Mar 5, 2026, 7:22 PM","","Goblet Squat",,"",1,"normal",20,15,,,
"legs","Mar 5, 2026, 6:07 PM","Mar 5, 2026, 7:22 PM","","Dead Hang",,"",0,"normal",,,,37,
"legs","Mar 5, 2026, 6:07 PM","Mar 5, 2026, 7:22 PM","","Cycling",,"",0,"normal",,,,60,
"arms/shoulders","Mar 4, 2026, 6:36 PM","Mar 4, 2026, 8:06 PM","","Bicep Curl (Barbell)",,"",0,"normal",20,18,,,
"arms/shoulders","Mar 4, 2026, 6:36 PM","Mar 4, 2026, 8:06 PM","","Bicep Curl (Barbell)",,"",1,"normal",20,16,,,
"arms/shoulders","Mar 4, 2026, 6:36 PM","Mar 4, 2026, 8:06 PM","","Bicep Curl (Dumbbell)",,"",0,"warmup",15,20,,,
"arms/shoulders","Mar 4, 2026, 6:36 PM","Mar 4, 2026, 8:06 PM","","Bicep Curl (Dumbbell)",,"",1,"normal",25,15,,,
"arms/shoulders","Mar 4, 2026, 6:36 PM","Mar 4, 2026, 8:06 PM","","Triceps Rope Pushdown",,"",0,"normal",20,16,,,
"arms/shoulders","Mar 4, 2026, 6:36 PM","Mar 4, 2026, 8:06 PM","","Triceps Extension (Dumbbell)",,"",0,"normal",12.5,20,,,
"arms/shoulders","Mar 4, 2026, 6:36 PM","Mar 4, 2026, 8:06 PM","","Triceps Extension (Dumbbell)",,"",1,"normal",15,15,,,
"arms/shoulders","Mar 4, 2026, 6:36 PM","Mar 4, 2026, 8:06 PM","","Single Arm Triceps Pushdown (Cable)",,"",0,"normal",7.5,15,,,
"arms/shoulders","Mar 4, 2026, 6:36 PM","Mar 4, 2026, 8:06 PM","","Plank",,"",0,"normal",,,,195,
"arms/shoulders","Mar 4, 2026, 6:36 PM","Mar 4, 2026, 8:06 PM","","Side Plank",,"",0,"normal",,,,60,
"arms/shoulders","Mar 4, 2026, 6:36 PM","Mar 4, 2026, 8:06 PM","","Push Up",,"",0,"normal",,15,,,
"arms/shoulders","Mar 4, 2026, 6:36 PM","Mar 4, 2026, 8:06 PM","","Preacher Curl (Barbell)",,"",0,"normal",20,18,,,
"arms/shoulders","Mar 4, 2026, 6:36 PM","Mar 4, 2026, 8:06 PM","","Preacher Curl (Barbell)",,"",1,"normal",20,15,,,
"arms/shoulders","Mar 4, 2026, 6:36 PM","Mar 4, 2026, 8:06 PM","","Dead Hang",,"",0,"normal",,,,44,
"arms/shoulders","Mar 4, 2026, 6:36 PM","Mar 4, 2026, 8:06 PM","","Dead Hang",,"",1,"normal",,,,30,
"arms/shoulders","Mar 4, 2026, 6:36 PM","Mar 4, 2026, 8:06 PM","","Hammer Curl (Dumbbell)",,"",0,"normal",25,15,,,
"arms/shoulders","Mar 4, 2026, 6:36 PM","Mar 4, 2026, 8:06 PM","","Hammer Curl (Dumbbell)",,"",1,"normal",30,9,,,
"chest triceps","Mar 1, 2026, 6:09 PM","Mar 1, 2026, 7:05 PM","","Bench Press (Barbell)",,"",0,"normal",40,12,,,
"chest triceps","Mar 1, 2026, 6:09 PM","Mar 1, 2026, 7:05 PM","","Bench Press (Barbell)",,"",1,"normal",45,3,,,
"chest triceps","Mar 1, 2026, 6:09 PM","Mar 1, 2026, 7:05 PM","","Incline Bench Press (Dumbbell)",,"",0,"normal",25,15,,,
"chest triceps","Mar 1, 2026, 6:09 PM","Mar 1, 2026, 7:05 PM","","Incline Bench Press (Dumbbell)",,"",1,"normal",30,15,,,
"chest triceps","Mar 1, 2026, 6:09 PM","Mar 1, 2026, 7:05 PM","","Incline Bench Press (Dumbbell)",,"",2,"normal",30,13,,,
"chest triceps","Mar 1, 2026, 6:09 PM","Mar 1, 2026, 7:05 PM","","Triceps Rope Pushdown",,"",0,"normal",20,16,,,
"chest triceps","Mar 1, 2026, 6:09 PM","Mar 1, 2026, 7:05 PM","","Triceps Rope Pushdown",,"",1,"normal",20,14,,,
"chest triceps","Mar 1, 2026, 6:09 PM","Mar 1, 2026, 7:05 PM","","Skullcrusher (Dumbbell)",,"",0,"normal",15,6,,,
"chest triceps","Mar 1, 2026, 6:09 PM","Mar 1, 2026, 7:05 PM","","Skullcrusher (Dumbbell)",,"",1,"normal",10,20,,,
"chest triceps","Mar 1, 2026, 6:09 PM","Mar 1, 2026, 7:05 PM","","Skullcrusher (Dumbbell)",,"",2,"normal",10,17,,,
"chest triceps","Mar 1, 2026, 6:09 PM","Mar 1, 2026, 7:05 PM","","Push Up",,"",0,"normal",,25,,,
"chest triceps","Mar 1, 2026, 6:09 PM","Mar 1, 2026, 7:05 PM","","Push Up",,"",1,"normal",,16,,,
"chest triceps","Mar 1, 2026, 6:09 PM","Mar 1, 2026, 7:05 PM","","Plank",,"",0,"normal",,,,195,
"chest triceps","Mar 1, 2026, 6:09 PM","Mar 1, 2026, 7:05 PM","","Chest Fly (Machine)",,"",0,"normal",45,15,,,
"chest triceps","Mar 1, 2026, 6:09 PM","Mar 1, 2026, 7:05 PM","","Chest Fly (Machine)",,"",1,"normal",45,15,,,
"chest triceps","Mar 1, 2026, 6:09 PM","Mar 1, 2026, 7:05 PM","","Triceps Extension (Dumbbell)",,"",0,"normal",15,15,,,
"chest triceps","Mar 1, 2026, 6:09 PM","Mar 1, 2026, 7:05 PM","","Dead Hang",,"",0,"normal",,,,21,
"back bicep","Feb 28, 2026, 6:00 PM","Feb 28, 2026, 6:58 PM","","Pull Up",,"",0,"normal",,15,,,
"back bicep","Feb 28, 2026, 6:00 PM","Feb 28, 2026, 6:58 PM","","Pull Up",,"",1,"normal",,12,,,
"back bicep","Feb 28, 2026, 6:00 PM","Feb 28, 2026, 6:58 PM","","Bicep Curl (Dumbbell)",,"",0,"warmup",20,15,,,
"back bicep","Feb 28, 2026, 6:00 PM","Feb 28, 2026, 6:58 PM","","Bicep Curl (Dumbbell)",,"",1,"normal",25,15,,,
"back bicep","Feb 28, 2026, 6:00 PM","Feb 28, 2026, 6:58 PM","","Preacher Curl (Barbell)",,"",0,"normal",2,15,,,
"back bicep","Feb 28, 2026, 6:00 PM","Feb 28, 2026, 6:58 PM","","Preacher Curl (Barbell)",,"",1,"normal",20,16,,,
"back bicep","Feb 28, 2026, 6:00 PM","Feb 28, 2026, 6:58 PM","","Preacher Curl (Barbell)",,"",2,"normal",20,12,,,
"back bicep","Feb 28, 2026, 6:00 PM","Feb 28, 2026, 6:58 PM","","Reverse Curl (Barbell)",,"",0,"normal",15,20,,,
"back bicep","Feb 28, 2026, 6:00 PM","Feb 28, 2026, 6:58 PM","","Reverse Curl (Barbell)",,"",1,"normal",20,12,,,
"back bicep","Feb 28, 2026, 6:00 PM","Feb 28, 2026, 6:58 PM","","Plank",,"",0,"normal",,,,190,
"back bicep","Feb 28, 2026, 6:00 PM","Feb 28, 2026, 6:58 PM","","Lat Pulldown (Machine)",,"",0,"normal",52.5,13,,,
"back bicep","Feb 28, 2026, 6:00 PM","Feb 28, 2026, 6:58 PM","","Lat Pulldown (Machine)",,"",1,"normal",55,8,,,
"back bicep","Feb 28, 2026, 6:00 PM","Feb 28, 2026, 6:58 PM","","Iso-Lateral Row (Machine)",,"",0,"normal",52.5,15,,,
"back bicep","Feb 28, 2026, 6:00 PM","Feb 28, 2026, 6:58 PM","","Iso-Lateral Row (Machine)",,"",1,"normal",60,15,,,
"back bicep","Feb 28, 2026, 6:00 PM","Feb 28, 2026, 6:58 PM","","Iso-Lateral Row (Machine)",,"",2,"normal",60,15,,,
"back bicep","Feb 28, 2026, 6:00 PM","Feb 28, 2026, 6:58 PM","","Side Plank",,"",0,"normal",,,,60,
"arms/shoulders","Feb 25, 2026, 7:26 PM","Feb 25, 2026, 8:06 PM","","Bicep Curl (Barbell)",,"",0,"normal",20,15,,,
"arms/shoulders","Feb 25, 2026, 7:26 PM","Feb 25, 2026, 8:06 PM","","Bicep Curl (Barbell)",,"",1,"normal",20,15,,,
"arms/shoulders","Feb 25, 2026, 7:26 PM","Feb 25, 2026, 8:06 PM","","Bicep Curl (Dumbbell)",,"",0,"warmup",15,20,,,
"arms/shoulders","Feb 25, 2026, 7:26 PM","Feb 25, 2026, 8:06 PM","","Bicep Curl (Dumbbell)",,"",1,"normal",25,15,,,
"arms/shoulders","Feb 25, 2026, 7:26 PM","Feb 25, 2026, 8:06 PM","","Triceps Rope Pushdown",,"",0,"normal",18.4,14,,,
"arms/shoulders","Feb 25, 2026, 7:26 PM","Feb 25, 2026, 8:06 PM","","Triceps Extension (Dumbbell)",,"",0,"normal",15,18,,,
"arms/shoulders","Feb 25, 2026, 7:26 PM","Feb 25, 2026, 8:06 PM","","Triceps Extension (Dumbbell)",,"",1,"normal",17.5,12,,,
"arms/shoulders","Feb 25, 2026, 7:26 PM","Feb 25, 2026, 8:06 PM","","Skullcrusher (Dumbbell)",,"",0,"normal",10,20,,,
"arms/shoulders","Feb 25, 2026, 7:26 PM","Feb 25, 2026, 8:06 PM","","Reverse Curl (Barbell)",,"",0,"normal",20,16,,,
"arms/shoulders","Feb 25, 2026, 7:26 PM","Feb 25, 2026, 8:06 PM","","Reverse Curl (Barbell)",,"",1,"normal",20,16,,,
"arms/shoulders","Feb 25, 2026, 7:26 PM","Feb 25, 2026, 8:06 PM","","Plank",,"",0,"normal",,,,190,
"arms/shoulders","Feb 25, 2026, 7:26 PM","Feb 25, 2026, 8:06 PM","","Dead Hang",,"",0,"normal",,,,30,
"legs","Feb 18, 2026, 6:30 PM","Feb 18, 2026, 7:47 PM","","Leg Extension (Machine)",,"",0,"warmup",22.5,15,,,
"legs","Feb 18, 2026, 6:30 PM","Feb 18, 2026, 7:47 PM","","Leg Extension (Machine)",,"",1,"normal",52.5,15,,,
"legs","Feb 18, 2026, 6:30 PM","Feb 18, 2026, 7:47 PM","","Leg Extension (Machine)",,"",2,"normal",52.5,15,,,
"legs","Feb 18, 2026, 6:30 PM","Feb 18, 2026, 7:47 PM","","Seated Calf Raise",,"",0,"normal",30,15,,,
"legs","Feb 18, 2026, 6:30 PM","Feb 18, 2026, 7:47 PM","","Seated Calf Raise",,"",1,"normal",30,15,,,
"legs","Feb 18, 2026, 6:30 PM","Feb 18, 2026, 7:47 PM","","Lying Leg Curl (Machine)",,"",0,"normal",48,15,,,
"legs","Feb 18, 2026, 6:30 PM","Feb 18, 2026, 7:47 PM","","Lying Leg Curl (Machine)",,"",1,"normal",52,12,,,
"legs","Feb 18, 2026, 6:30 PM","Feb 18, 2026, 7:47 PM","","Lying Leg Curl (Machine)",,"",2,"normal",52,12,,,
"legs","Feb 18, 2026, 6:30 PM","Feb 18, 2026, 7:47 PM","","Plank",,"",0,"normal",,,,190,
"legs","Feb 18, 2026, 6:30 PM","Feb 18, 2026, 7:47 PM","","Goblet Squat",,"",0,"normal",17.5,15,,,
"legs","Feb 18, 2026, 6:30 PM","Feb 18, 2026, 7:47 PM","","Goblet Squat",,"",1,"normal",20,15,,,
"legs","Feb 18, 2026, 6:30 PM","Feb 18, 2026, 7:47 PM","","Dead Hang",,"",0,"normal",,,,43,
"legs","Feb 18, 2026, 6:30 PM","Feb 18, 2026, 7:47 PM","","Dead Hang",,"",1,"normal",,,,22,
"legs","Feb 18, 2026, 6:30 PM","Feb 18, 2026, 7:47 PM","","Cycling",,"",0,"normal",,,,131,
"arms/shoulders","Feb 17, 2026, 6:32 PM","Feb 17, 2026, 7:52 PM","","Bicep Curl (Barbell)",,"",0,"normal",20,20,,,
"arms/shoulders","Feb 17, 2026, 6:32 PM","Feb 17, 2026, 7:52 PM","","Bicep Curl (Dumbbell)",,"",0,"warmup",15,20,,,
"arms/shoulders","Feb 17, 2026, 6:32 PM","Feb 17, 2026, 7:52 PM","","Bicep Curl (Dumbbell)",,"",1,"normal",25,15,,,
"arms/shoulders","Feb 17, 2026, 6:32 PM","Feb 17, 2026, 7:52 PM","","Bicep Curl (Dumbbell)",,"",2,"normal",25,15,,,
"arms/shoulders","Feb 17, 2026, 6:32 PM","Feb 17, 2026, 7:52 PM","","Triceps Rope Pushdown",,"",0,"normal",20,20,,,
"arms/shoulders","Feb 17, 2026, 6:32 PM","Feb 17, 2026, 7:52 PM","","Triceps Rope Pushdown",,"",1,"normal",20,18,,,
"arms/shoulders","Feb 17, 2026, 6:32 PM","Feb 17, 2026, 7:52 PM","","Triceps Extension (Dumbbell)",,"",0,"normal",15,24,,,
"arms/shoulders","Feb 17, 2026, 6:32 PM","Feb 17, 2026, 7:52 PM","","Triceps Extension (Dumbbell)",,"",1,"normal",17,10,,,
"arms/shoulders","Feb 17, 2026, 6:32 PM","Feb 17, 2026, 7:52 PM","","Skullcrusher (Dumbbell)",,"",0,"normal",15,10,,,
"arms/shoulders","Feb 17, 2026, 6:32 PM","Feb 17, 2026, 7:52 PM","","Skullcrusher (Dumbbell)",,"",1,"normal",10,20,,,
"arms/shoulders","Feb 17, 2026, 6:32 PM","Feb 17, 2026, 7:52 PM","","Reverse Curl (Barbell)",,"",0,"normal",20,20,,,
"arms/shoulders","Feb 17, 2026, 6:32 PM","Feb 17, 2026, 7:52 PM","","Reverse Curl (Barbell)",,"",1,"normal",20,17,,,
"arms/shoulders","Feb 17, 2026, 6:32 PM","Feb 17, 2026, 7:52 PM","","Plank",,"",0,"normal",,,,190,
"arms/shoulders","Feb 17, 2026, 6:32 PM","Feb 17, 2026, 7:52 PM","","Side Plank",,"",0,"normal",,,,60,
"arms/shoulders","Feb 17, 2026, 6:32 PM","Feb 17, 2026, 7:52 PM","","Push Up",,"",0,"normal",,15,,,
"arms/shoulders","Feb 17, 2026, 6:32 PM","Feb 17, 2026, 7:52 PM","","Preacher Curl (Barbell)",,"",0,"normal",15,20,,,
"arms/shoulders","Feb 17, 2026, 6:32 PM","Feb 17, 2026, 7:52 PM","","Preacher Curl (Barbell)",,"",1,"normal",20,16,,,
"arms/shoulders","Feb 17, 2026, 6:32 PM","Feb 17, 2026, 7:52 PM","","Triceps Pushdown",,"",0,"normal",20,14,,,
"arms/shoulders","Feb 17, 2026, 6:32 PM","Feb 17, 2026, 7:52 PM","","Dead Hang",,"",0,"normal",,,,30,
"chest triceps","Feb 15, 2026, 5:56 PM","Feb 15, 2026, 7:14 PM","","Incline Bench Press (Dumbbell)",,"",0,"normal",25,15,,,
"chest triceps","Feb 15, 2026, 5:56 PM","Feb 15, 2026, 7:14 PM","","Incline Bench Press (Dumbbell)",,"",1,"normal",30,15,,,
"chest triceps","Feb 15, 2026, 5:56 PM","Feb 15, 2026, 7:14 PM","","Incline Bench Press (Dumbbell)",,"",2,"normal",30,16,,,
"chest triceps","Feb 15, 2026, 5:56 PM","Feb 15, 2026, 7:14 PM","","Triceps Rope Pushdown",,"",0,"normal",20,13,,,
"chest triceps","Feb 15, 2026, 5:56 PM","Feb 15, 2026, 7:14 PM","","Triceps Rope Pushdown",,"",1,"normal",20,14,,,
"chest triceps","Feb 15, 2026, 5:56 PM","Feb 15, 2026, 7:14 PM","","Skullcrusher (Dumbbell)",,"",0,"normal",10,20,,,
"chest triceps","Feb 15, 2026, 5:56 PM","Feb 15, 2026, 7:14 PM","","Skullcrusher (Dumbbell)",,"",1,"normal",15,8,,,
"chest triceps","Feb 15, 2026, 5:56 PM","Feb 15, 2026, 7:14 PM","","Triceps Pushdown",,"",0,"normal",20,8,,,
"chest triceps","Feb 15, 2026, 5:56 PM","Feb 15, 2026, 7:14 PM","","Push Up",,"",0,"normal",,27,,,
"chest triceps","Feb 15, 2026, 5:56 PM","Feb 15, 2026, 7:14 PM","","Cable Fly Crossovers",,"",0,"normal",10,15,,,
"chest triceps","Feb 15, 2026, 5:56 PM","Feb 15, 2026, 7:14 PM","","Cable Fly Crossovers",,"",1,"normal",12.5,15,,,
"chest triceps","Feb 15, 2026, 5:56 PM","Feb 15, 2026, 7:14 PM","","Plank",,"",0,"normal",,,,185,
"chest triceps","Feb 15, 2026, 5:56 PM","Feb 15, 2026, 7:14 PM","","Chest Fly (Machine)",,"",0,"warmup",37.5,15,,,
"chest triceps","Feb 15, 2026, 5:56 PM","Feb 15, 2026, 7:14 PM","","Chest Fly (Machine)",,"",1,"normal",45,15,,,
"chest triceps","Feb 15, 2026, 5:56 PM","Feb 15, 2026, 7:14 PM","","Chest Fly (Machine)",,"",2,"normal",45,15,,,
"chest triceps","Feb 15, 2026, 5:56 PM","Feb 15, 2026, 7:14 PM","","Dead Hang",,"",0,"normal",,,,31,
"chest triceps","Feb 15, 2026, 5:56 PM","Feb 15, 2026, 7:14 PM","","Dead Hang",,"",1,"normal",,,,21,
"chest triceps","Feb 15, 2026, 5:56 PM","Feb 15, 2026, 7:14 PM","","Dead Hang",,"",2,"normal",,,,30,
"back bicep","Feb 14, 2026, 6:22 PM","Feb 14, 2026, 7:24 PM","","Pull Up",,"",0,"normal",,15,,,
"back bicep","Feb 14, 2026, 6:22 PM","Feb 14, 2026, 7:24 PM","","Pull Up",,"",1,"normal",,12,,,
"back bicep","Feb 14, 2026, 6:22 PM","Feb 14, 2026, 7:24 PM","","Back Extension (Weighted Hyperextension)",,"",0,"normal",15,15,,,
"back bicep","Feb 14, 2026, 6:22 PM","Feb 14, 2026, 7:24 PM","","Back Extension (Weighted Hyperextension)",,"",1,"normal",15,15,,,
"back bicep","Feb 14, 2026, 6:22 PM","Feb 14, 2026, 7:24 PM","","Bicep Curl (Barbell)",,"",0,"normal",20,20,,,
"back bicep","Feb 14, 2026, 6:22 PM","Feb 14, 2026, 7:24 PM","","Bicep Curl (Barbell)",,"",1,"normal",20,17,,,
"back bicep","Feb 14, 2026, 6:22 PM","Feb 14, 2026, 7:24 PM","","Hammer Curl (Cable)",,"",0,"normal",25,15,,,
"back bicep","Feb 14, 2026, 6:22 PM","Feb 14, 2026, 7:24 PM","","Hammer Curl (Cable)",,"",1,"normal",30,8,,,
"back bicep","Feb 14, 2026, 6:22 PM","Feb 14, 2026, 7:24 PM","","Hammer Curl (Dumbbell)",,"",0,"normal",25,15,,,
"back bicep","Feb 14, 2026, 6:22 PM","Feb 14, 2026, 7:24 PM","","Hammer Curl (Dumbbell)",,"",1,"normal",30,8,,,
"back bicep","Feb 14, 2026, 6:22 PM","Feb 14, 2026, 7:24 PM","","Plank",,"",0,"normal",,,,185,
"back bicep","Feb 14, 2026, 6:22 PM","Feb 14, 2026, 7:24 PM","","Lat Pulldown (Machine)",,"",0,"normal",52.5,13,,,
"back bicep","Feb 14, 2026, 6:22 PM","Feb 14, 2026, 7:24 PM","","Lat Pulldown (Machine)",,"",1,"normal",52.5,15,,,
"back bicep","Feb 14, 2026, 6:22 PM","Feb 14, 2026, 7:24 PM","","Iso-Lateral Row (Machine)",,"",0,"normal",52.5,18,,,
"back bicep","Feb 14, 2026, 6:22 PM","Feb 14, 2026, 7:24 PM","","Iso-Lateral Row (Machine)",,"",1,"normal",60,17,,,
"back bicep","Feb 14, 2026, 6:22 PM","Feb 14, 2026, 7:24 PM","","Iso-Lateral Row (Machine)",,"",2,"normal",60,15,,,
"arms/shoulders","Feb 12, 2026, 5:46 PM","Feb 12, 2026, 6:56 PM","","Shoulder Press (Dumbbell)",,"",0,"warmup",15,15,,,
"arms/shoulders","Feb 12, 2026, 5:46 PM","Feb 12, 2026, 6:56 PM","","Shoulder Press (Dumbbell)",,"",1,"normal",20,20,,,
"arms/shoulders","Feb 12, 2026, 5:46 PM","Feb 12, 2026, 6:56 PM","","Shoulder Press (Dumbbell)",,"",2,"normal",25,13,,,
"arms/shoulders","Feb 12, 2026, 5:46 PM","Feb 12, 2026, 6:56 PM","","Lateral Raise (Dumbbell)",,"",0,"normal",5,32,,,
"arms/shoulders","Feb 12, 2026, 5:46 PM","Feb 12, 2026, 6:56 PM","","Lateral Raise (Dumbbell)",,"",1,"normal",10,27,,,
"arms/shoulders","Feb 12, 2026, 5:46 PM","Feb 12, 2026, 6:56 PM","","Lateral Raise (Dumbbell)",,"",2,"normal",15,12,,,
"arms/shoulders","Feb 12, 2026, 5:46 PM","Feb 12, 2026, 6:56 PM","","Lateral Raise (Dumbbell)",,"",3,"normal",15,8,,,
"arms/shoulders","Feb 12, 2026, 5:46 PM","Feb 12, 2026, 6:56 PM","","Rear Delt Reverse Fly (Machine)",,"",0,"normal",26,15,,,
"arms/shoulders","Feb 12, 2026, 5:46 PM","Feb 12, 2026, 6:56 PM","","Rear Delt Reverse Fly (Machine)",,"",1,"normal",30,15,,,
"arms/shoulders","Feb 12, 2026, 5:46 PM","Feb 12, 2026, 6:56 PM","","Plank",,"",0,"normal",,,,190,
"legs","Feb 11, 2026, 6:31 PM","Feb 11, 2026, 7:35 PM","","Leg Extension (Machine)",,"",0,"warmup",22.5,15,,,
"legs","Feb 11, 2026, 6:31 PM","Feb 11, 2026, 7:35 PM","","Leg Extension (Machine)",,"",1,"normal",48,15,,,
"legs","Feb 11, 2026, 6:31 PM","Feb 11, 2026, 7:35 PM","","Seated Calf Raise",,"",0,"normal",30,15,,,
"legs","Feb 11, 2026, 6:31 PM","Feb 11, 2026, 7:35 PM","","Seated Calf Raise",,"",1,"normal",30,12,,,
"legs","Feb 11, 2026, 6:31 PM","Feb 11, 2026, 7:35 PM","","Lying Leg Curl (Machine)",,"",0,"normal",45,15,,,
"legs","Feb 11, 2026, 6:31 PM","Feb 11, 2026, 7:35 PM","","Lying Leg Curl (Machine)",,"",1,"normal",48,12,,,
"legs","Feb 11, 2026, 6:31 PM","Feb 11, 2026, 7:35 PM","","Plank",,"",0,"normal",,,,185,
"legs","Feb 11, 2026, 6:31 PM","Feb 11, 2026, 7:35 PM","","Side Plank",,"",0,"normal",,,,60,
"legs","Feb 11, 2026, 6:31 PM","Feb 11, 2026, 7:35 PM","","Goblet Squat",,"",0,"normal",17.5,15,,,
"legs","Feb 11, 2026, 6:31 PM","Feb 11, 2026, 7:35 PM","","Goblet Squat",,"",1,"normal",20,15,,,
"legs","Feb 11, 2026, 6:31 PM","Feb 11, 2026, 7:35 PM","","Dead Hang",,"",0,"normal",,,,21,
"arms/shoulders","Feb 10, 2026, 6:41 PM","Feb 10, 2026, 7:50 PM","","Bicep Curl (Dumbbell)",,"",0,"warmup",15,20,,,
"arms/shoulders","Feb 10, 2026, 6:41 PM","Feb 10, 2026, 7:50 PM","","Bicep Curl (Dumbbell)",,"",1,"normal",25,14,,,
"arms/shoulders","Feb 10, 2026, 6:41 PM","Feb 10, 2026, 7:50 PM","","Bicep Curl (Dumbbell)",,"",2,"normal",25,10,,,
"arms/shoulders","Feb 10, 2026, 6:41 PM","Feb 10, 2026, 7:50 PM","","Triceps Rope Pushdown",,"",0,"normal",20,13,,,
"arms/shoulders","Feb 10, 2026, 6:41 PM","Feb 10, 2026, 7:50 PM","","Triceps Rope Pushdown",,"",1,"normal",20,12,,,
"arms/shoulders","Feb 10, 2026, 6:41 PM","Feb 10, 2026, 7:50 PM","","Triceps Rope Pushdown",,"",2,"dropset",17.5,5,,,
"arms/shoulders","Feb 10, 2026, 6:41 PM","Feb 10, 2026, 7:50 PM","","Triceps Extension (Dumbbell)",,"",0,"normal",12.5,20,,,
"arms/shoulders","Feb 10, 2026, 6:41 PM","Feb 10, 2026, 7:50 PM","","Triceps Extension (Dumbbell)",,"",1,"normal",15,17,,,
"arms/shoulders","Feb 10, 2026, 6:41 PM","Feb 10, 2026, 7:50 PM","","Reverse Curl (Barbell)",,"",0,"normal",20,20,,,
"arms/shoulders","Feb 10, 2026, 6:41 PM","Feb 10, 2026, 7:50 PM","","Reverse Curl (Barbell)",,"",1,"normal",20,18,,,
"arms/shoulders","Feb 10, 2026, 6:41 PM","Feb 10, 2026, 7:50 PM","","Single Arm Triceps Pushdown (Cable)",,"",0,"normal",10,15,,,
"arms/shoulders","Feb 10, 2026, 6:41 PM","Feb 10, 2026, 7:50 PM","","Plank",,"",0,"normal",,,,185,
"arms/shoulders","Feb 10, 2026, 6:41 PM","Feb 10, 2026, 7:50 PM","","Preacher Curl (Barbell)",,"",0,"normal",15,20,,,
"arms/shoulders","Feb 10, 2026, 6:41 PM","Feb 10, 2026, 7:50 PM","","Preacher Curl (Barbell)",,"",1,"normal",20,15,,,
"arms/shoulders","Feb 10, 2026, 6:41 PM","Feb 10, 2026, 7:50 PM","","Dead Hang",,"",0,"normal",,,,30,
"chest triceps","Feb 8, 2026, 5:51 PM","Feb 8, 2026, 7:40 PM","","Bench Press (Barbell)",,"",0,"normal",40,12,,,
"chest triceps","Feb 8, 2026, 5:51 PM","Feb 8, 2026, 7:40 PM","","Bench Press (Barbell)",,"",1,"normal",45,9,,,
"chest triceps","Feb 8, 2026, 5:51 PM","Feb 8, 2026, 7:40 PM","","Bench Press (Barbell)",,"",2,"normal",50,4,,,
"chest triceps","Feb 8, 2026, 5:51 PM","Feb 8, 2026, 7:40 PM","","Incline Bench Press (Dumbbell)",,"",0,"normal",25,15,,,
"chest triceps","Feb 8, 2026, 5:51 PM","Feb 8, 2026, 7:40 PM","","Incline Bench Press (Dumbbell)",,"",1,"normal",30,11,,,
"chest triceps","Feb 8, 2026, 5:51 PM","Feb 8, 2026, 7:40 PM","","Triceps Rope Pushdown",,"",0,"normal",20,13,,,
"chest triceps","Feb 8, 2026, 5:51 PM","Feb 8, 2026, 7:40 PM","","Triceps Rope Pushdown",,"",1,"normal",20,12,,,
"chest triceps","Feb 8, 2026, 5:51 PM","Feb 8, 2026, 7:40 PM","","Skullcrusher (Dumbbell)",,"",0,"normal",10,20,,,
"chest triceps","Feb 8, 2026, 5:51 PM","Feb 8, 2026, 7:40 PM","","Skullcrusher (Dumbbell)",,"",1,"normal",15,8,,,
"chest triceps","Feb 8, 2026, 5:51 PM","Feb 8, 2026, 7:40 PM","","Skullcrusher (Dumbbell)",,"",2,"normal",15,9,,,
"chest triceps","Feb 8, 2026, 5:51 PM","Feb 8, 2026, 7:40 PM","","Triceps Pushdown",,"",0,"normal",22.5,10,,,
"chest triceps","Feb 8, 2026, 5:51 PM","Feb 8, 2026, 7:40 PM","","Triceps Pushdown",,"",1,"normal",22.5,10,,,
"chest triceps","Feb 8, 2026, 5:51 PM","Feb 8, 2026, 7:40 PM","","Push Up",,"",0,"normal",,25,,,
"chest triceps","Feb 8, 2026, 5:51 PM","Feb 8, 2026, 7:40 PM","","Cable Fly Crossovers",,"",0,"normal",7.5,15,,,
"chest triceps","Feb 8, 2026, 5:51 PM","Feb 8, 2026, 7:40 PM","","Cable Fly Crossovers",,"",1,"normal",10,15,,,
"chest triceps","Feb 8, 2026, 5:51 PM","Feb 8, 2026, 7:40 PM","","Cable Fly Crossovers",,"",2,"normal",7.5,12,,,
"chest triceps","Feb 8, 2026, 5:51 PM","Feb 8, 2026, 7:40 PM","","Plank",,"",0,"normal",,,,190,
"back bicep","Feb 7, 2026, 5:59 PM","Feb 7, 2026, 7:06 PM","","Pull Up",,"",0,"normal",,11,,,
"back bicep","Feb 7, 2026, 5:59 PM","Feb 7, 2026, 7:06 PM","","Pull Up",,"",1,"normal",,11,,,
"back bicep","Feb 7, 2026, 5:59 PM","Feb 7, 2026, 7:06 PM","","Back Extension (Weighted Hyperextension)",,"",0,"normal",10,15,,,
"back bicep","Feb 7, 2026, 5:59 PM","Feb 7, 2026, 7:06 PM","","Back Extension (Weighted Hyperextension)",,"",1,"normal",10,15,,,
"back bicep","Feb 7, 2026, 5:59 PM","Feb 7, 2026, 7:06 PM","","Bicep Curl (Dumbbell)",,"",0,"warmup",15,20,,,
"back bicep","Feb 7, 2026, 5:59 PM","Feb 7, 2026, 7:06 PM","","Preacher Curl (Barbell)",,"",0,"normal",15,15,,,
"back bicep","Feb 7, 2026, 5:59 PM","Feb 7, 2026, 7:06 PM","","Preacher Curl (Barbell)",,"",1,"normal",20,13,,,
"back bicep","Feb 7, 2026, 5:59 PM","Feb 7, 2026, 7:06 PM","","Hammer Curl (Dumbbell)",,"",0,"normal",25,15,,,
"back bicep","Feb 7, 2026, 5:59 PM","Feb 7, 2026, 7:06 PM","","Hammer Curl (Dumbbell)",,"",1,"dropset",20,8,,,
"back bicep","Feb 7, 2026, 5:59 PM","Feb 7, 2026, 7:06 PM","","Hammer Curl (Dumbbell)",,"",2,"dropset",15,8,,,
"back bicep","Feb 7, 2026, 5:59 PM","Feb 7, 2026, 7:06 PM","","Plank",,"",0,"normal",,,,180,
"back bicep","Feb 7, 2026, 5:59 PM","Feb 7, 2026, 7:06 PM","","Lat Pulldown (Machine)",,"",0,"warmup",49,13,,,
"back bicep","Feb 7, 2026, 5:59 PM","Feb 7, 2026, 7:06 PM","","Lat Pulldown (Machine)",,"",1,"normal",52.5,10,,,
"back bicep","Feb 7, 2026, 5:59 PM","Feb 7, 2026, 7:06 PM","","Iso-Lateral Row (Machine)",,"",0,"normal",52.5,15,,,
"back bicep","Feb 7, 2026, 5:59 PM","Feb 7, 2026, 7:06 PM","","Iso-Lateral Row (Machine)",,"",1,"normal",55,15,,,
"back bicep","Feb 7, 2026, 5:59 PM","Feb 7, 2026, 7:06 PM","","Iso-Lateral Row (Machine)",,"",2,"normal",60,15,,,
"back bicep","Feb 7, 2026, 5:59 PM","Feb 7, 2026, 7:06 PM","","Side Plank",,"",0,"normal",,,,60,
"back bicep","Feb 7, 2026, 5:59 PM","Feb 7, 2026, 7:06 PM","","Dead Hang",,"",0,"normal",,,,20,
"legs","Feb 5, 2026, 6:30 PM","Feb 5, 2026, 7:35 PM","","Leg Extension (Machine)",,"",0,"warmup",22.5,15,,,
"legs","Feb 5, 2026, 6:30 PM","Feb 5, 2026, 7:35 PM","","Leg Extension (Machine)",,"",1,"normal",48,15,,,
"legs","Feb 5, 2026, 6:30 PM","Feb 5, 2026, 7:35 PM","","Seated Calf Raise",,"",0,"normal",30,15,,,
"legs","Feb 5, 2026, 6:30 PM","Feb 5, 2026, 7:35 PM","","Seated Calf Raise",,"",1,"normal",30,12,,,
"legs","Feb 5, 2026, 6:30 PM","Feb 5, 2026, 7:35 PM","","Lying Leg Curl (Machine)",,"",0,"normal",40,12,,,
"legs","Feb 5, 2026, 6:30 PM","Feb 5, 2026, 7:35 PM","","Lying Leg Curl (Machine)",,"",1,"normal",48,8,,,
"legs","Feb 5, 2026, 6:30 PM","Feb 5, 2026, 7:35 PM","","Plank",,"",0,"normal",,,,185,
"legs","Feb 5, 2026, 6:30 PM","Feb 5, 2026, 7:35 PM","","Side Plank",,"",0,"normal",,,,55,
"legs","Feb 5, 2026, 6:30 PM","Feb 5, 2026, 7:35 PM","","Goblet Squat",,"",0,"normal",17.5,16,,,
"legs","Feb 5, 2026, 6:30 PM","Feb 5, 2026, 7:35 PM","","Goblet Squat",,"",1,"normal",20,10,,,
"legs","Feb 5, 2026, 6:30 PM","Feb 5, 2026, 7:35 PM","","Dead Hang",,"",0,"normal",,,,30,
"arms/shoulders","Feb 3, 2026, 5:52 PM","Feb 3, 2026, 7:01 PM","","Bicep Curl (Barbell)",,"",0,"normal",20,20,,,
"arms/shoulders","Feb 3, 2026, 5:52 PM","Feb 3, 2026, 7:01 PM","","Bicep Curl (Barbell)",,"",1,"normal",20,15,,,
"arms/shoulders","Feb 3, 2026, 5:52 PM","Feb 3, 2026, 7:01 PM","","Bicep Curl (Dumbbell)",,"",0,"warmup",15,20,,,
"arms/shoulders","Feb 3, 2026, 5:52 PM","Feb 3, 2026, 7:01 PM","","Bicep Curl (Dumbbell)",,"",1,"normal",25,13,,,
"arms/shoulders","Feb 3, 2026, 5:52 PM","Feb 3, 2026, 7:01 PM","","Triceps Extension (Dumbbell)",,"",0,"normal",12.5,18,,,
"arms/shoulders","Feb 3, 2026, 5:52 PM","Feb 3, 2026, 7:01 PM","","Triceps Extension (Dumbbell)",,"",1,"normal",15,20,,,
"arms/shoulders","Feb 3, 2026, 5:52 PM","Feb 3, 2026, 7:01 PM","","Triceps Extension (Dumbbell)",,"",2,"normal",15,15,,,
"arms/shoulders","Feb 3, 2026, 5:52 PM","Feb 3, 2026, 7:01 PM","","Reverse Curl (Barbell)",,"",0,"normal",20,18,,,
"arms/shoulders","Feb 3, 2026, 5:52 PM","Feb 3, 2026, 7:01 PM","","Reverse Curl (Barbell)",,"",1,"normal",20,15,,,
"arms/shoulders","Feb 3, 2026, 5:52 PM","Feb 3, 2026, 7:01 PM","","Single Arm Triceps Pushdown (Cable)",,"",0,"normal",7.5,15,,,
"arms/shoulders","Feb 3, 2026, 5:52 PM","Feb 3, 2026, 7:01 PM","","Single Arm Triceps Pushdown (Cable)",,"",1,"normal",7.5,15,,,
"arms/shoulders","Feb 3, 2026, 5:52 PM","Feb 3, 2026, 7:01 PM","","Dead Hang",,"",0,"normal",,,,24,
"arms/shoulders","Feb 3, 2026, 5:52 PM","Feb 3, 2026, 7:01 PM","","Dead Hang",,"",1,"normal",,,,17,
"chest triceps","Feb 1, 2026, 6:19 PM","Feb 1, 2026, 7:29 PM","","Bench Press (Barbell)",,"",0,"normal",40,15,,,
"chest triceps","Feb 1, 2026, 6:19 PM","Feb 1, 2026, 7:29 PM","","Bench Press (Barbell)",,"",1,"normal",45,8,,,
"chest triceps","Feb 1, 2026, 6:19 PM","Feb 1, 2026, 7:29 PM","","Incline Bench Press (Dumbbell)",,"",0,"normal",25,15,,,
"chest triceps","Feb 1, 2026, 6:19 PM","Feb 1, 2026, 7:29 PM","","Incline Bench Press (Dumbbell)",,"",1,"normal",30,13,,,
"chest triceps","Feb 1, 2026, 6:19 PM","Feb 1, 2026, 7:29 PM","","Triceps Rope Pushdown",,"",0,"normal",20,15,,,
"chest triceps","Feb 1, 2026, 6:19 PM","Feb 1, 2026, 7:29 PM","","Skullcrusher (Dumbbell)",,"",0,"normal",10,16,,,
"chest triceps","Feb 1, 2026, 6:19 PM","Feb 1, 2026, 7:29 PM","","Skullcrusher (Dumbbell)",,"",1,"normal",15,8,,,
"chest triceps","Feb 1, 2026, 6:19 PM","Feb 1, 2026, 7:29 PM","","Triceps Pushdown",,"",0,"normal",22.5,10,,,
"chest triceps","Feb 1, 2026, 6:19 PM","Feb 1, 2026, 7:29 PM","","Triceps Pushdown",,"",1,"normal",17.5,18,,,
"chest triceps","Feb 1, 2026, 6:19 PM","Feb 1, 2026, 7:29 PM","","Push Up",,"",0,"normal",,25,,,
"chest triceps","Feb 1, 2026, 6:19 PM","Feb 1, 2026, 7:29 PM","","Cable Fly Crossovers",,"",0,"normal",7.5,20,,,
"chest triceps","Feb 1, 2026, 6:19 PM","Feb 1, 2026, 7:29 PM","","Cable Fly Crossovers",,"",1,"normal",10,20,,,
"chest triceps","Feb 1, 2026, 6:19 PM","Feb 1, 2026, 7:29 PM","","Cable Fly Crossovers",,"",2,"normal",5,20,,,
"chest triceps","Feb 1, 2026, 6:19 PM","Feb 1, 2026, 7:29 PM","","Plank",,"",0,"normal",,,,180,
"chest triceps","Feb 1, 2026, 6:19 PM","Feb 1, 2026, 7:29 PM","","Dead Hang",,"",0,"normal",,,,31,
"chest triceps","Feb 1, 2026, 6:19 PM","Feb 1, 2026, 7:29 PM","","Overhead Triceps Extension (Cable)",,"",0,"normal",10,15,,,
"chest triceps","Feb 1, 2026, 6:19 PM","Feb 1, 2026, 7:29 PM","","Overhead Triceps Extension (Cable)",,"",1,"normal",12.5,15,,,
"back bicep","Jan 31, 2026, 5:56 PM","Jan 31, 2026, 7:00 PM","","Pull Up",,"",0,"normal",,12,,,
"back bicep","Jan 31, 2026, 5:56 PM","Jan 31, 2026, 7:00 PM","","Pull Up",,"",1,"normal",,12,,,
"back bicep","Jan 31, 2026, 5:56 PM","Jan 31, 2026, 7:00 PM","","Back Extension (Weighted Hyperextension)",,"",0,"normal",,12,,,
"back bicep","Jan 31, 2026, 5:56 PM","Jan 31, 2026, 7:00 PM","","Back Extension (Weighted Hyperextension)",,"",1,"normal",10,15,,,
"back bicep","Jan 31, 2026, 5:56 PM","Jan 31, 2026, 7:00 PM","","Back Extension (Weighted Hyperextension)",,"",2,"normal",16,4,,,
"back bicep","Jan 31, 2026, 5:56 PM","Jan 31, 2026, 7:00 PM","","Back Extension (Weighted Hyperextension)",,"",3,"normal",10,12,,,
"back bicep","Jan 31, 2026, 5:56 PM","Jan 31, 2026, 7:00 PM","","Bicep Curl (Barbell)",,"",0,"normal",20,15,,,
"back bicep","Jan 31, 2026, 5:56 PM","Jan 31, 2026, 7:00 PM","","Bicep Curl (Dumbbell)",,"",0,"warmup",15,20,,,
"back bicep","Jan 31, 2026, 5:56 PM","Jan 31, 2026, 7:00 PM","","Bicep Curl (Dumbbell)",,"",1,"normal",25,12,,,
"back bicep","Jan 31, 2026, 5:56 PM","Jan 31, 2026, 7:00 PM","","Bicep Curl (Dumbbell)",,"",2,"normal",20,16,,,
"back bicep","Jan 31, 2026, 5:56 PM","Jan 31, 2026, 7:00 PM","","Preacher Curl (Barbell)",,"",0,"normal",15,21,,,
"back bicep","Jan 31, 2026, 5:56 PM","Jan 31, 2026, 7:00 PM","","Preacher Curl (Barbell)",,"",1,"normal",20,12,,,
"back bicep","Jan 31, 2026, 5:56 PM","Jan 31, 2026, 7:00 PM","","Preacher Curl (Barbell)",,"",2,"normal",20,12,,,
"back bicep","Jan 31, 2026, 5:56 PM","Jan 31, 2026, 7:00 PM","","Hammer Curl (Dumbbell)",,"",0,"normal",25,12,,,
"back bicep","Jan 31, 2026, 5:56 PM","Jan 31, 2026, 7:00 PM","","Hammer Curl (Dumbbell)",,"",1,"normal",25,10,,,
"back bicep","Jan 31, 2026, 5:56 PM","Jan 31, 2026, 7:00 PM","","Plank",,"",0,"normal",,,,185,
"back bicep","Jan 31, 2026, 5:56 PM","Jan 31, 2026, 7:00 PM","","Lat Pulldown (Machine)",,"",0,"warmup",49,15,,,
"back bicep","Jan 31, 2026, 5:56 PM","Jan 31, 2026, 7:00 PM","","Lat Pulldown (Machine)",,"",1,"normal",52.5,10,,,
"back bicep","Jan 31, 2026, 5:56 PM","Jan 31, 2026, 7:00 PM","","Iso-Lateral Row (Machine)",,"",0,"normal",52.5,18,,,
"back bicep","Jan 31, 2026, 5:56 PM","Jan 31, 2026, 7:00 PM","","Iso-Lateral Row (Machine)",,"",1,"normal",55,15,,,
"back bicep","Jan 31, 2026, 5:56 PM","Jan 31, 2026, 7:00 PM","","Iso-Lateral Row (Machine)",,"",2,"normal",55,17,,,
"back bicep","Jan 31, 2026, 5:56 PM","Jan 31, 2026, 7:00 PM","","Push Up",,"",0,"normal",,15,,,
"back bicep","Jan 31, 2026, 5:56 PM","Jan 31, 2026, 7:00 PM","","Side Plank",,"",0,"normal",,,,55,
"back bicep","Jan 31, 2026, 5:56 PM","Jan 31, 2026, 7:00 PM","","Dead Hang",,"",0,"normal",,,,20,
"arms/shoulders","Jan 29, 2026, 6:59 PM","Jan 29, 2026, 7:43 PM","","Shoulder Press (Dumbbell)",,"",0,"warmup",15,21,,,
"arms/shoulders","Jan 29, 2026, 6:59 PM","Jan 29, 2026, 7:43 PM","","Shoulder Press (Dumbbell)",,"",1,"normal",20,18,,,
"arms/shoulders","Jan 29, 2026, 6:59 PM","Jan 29, 2026, 7:43 PM","","Shoulder Press (Dumbbell)",,"",2,"normal",25,12,,,
"arms/shoulders","Jan 29, 2026, 6:59 PM","Jan 29, 2026, 7:43 PM","","Face Pull",,"",0,"normal",20,17,,,
"arms/shoulders","Jan 29, 2026, 6:59 PM","Jan 29, 2026, 7:43 PM","","Face Pull",,"",1,"normal",22.5,12,,,
"arms/shoulders","Jan 29, 2026, 6:59 PM","Jan 29, 2026, 7:43 PM","","Face Pull",,"",2,"normal",22.5,12,,,
"arms/shoulders","Jan 29, 2026, 6:59 PM","Jan 29, 2026, 7:43 PM","","Lateral Raise (Dumbbell)",,"",0,"normal",5,28,,,
"arms/shoulders","Jan 29, 2026, 6:59 PM","Jan 29, 2026, 7:43 PM","","Lateral Raise (Dumbbell)",,"",1,"normal",10,15,,,
"arms/shoulders","Jan 29, 2026, 6:59 PM","Jan 29, 2026, 7:43 PM","","Lateral Raise (Dumbbell)",,"",2,"normal",15,8,,,
"arms/shoulders","Jan 29, 2026, 6:59 PM","Jan 29, 2026, 7:43 PM","","Shrug (Dumbbell)",,"",0,"normal",35,12,,,
"arms/shoulders","Jan 29, 2026, 6:59 PM","Jan 29, 2026, 7:43 PM","","Shrug (Dumbbell)",,"",1,"normal",35,12,,,
"arms/shoulders","Jan 29, 2026, 6:59 PM","Jan 29, 2026, 7:43 PM","","Plank",,"",0,"normal",,,,185,
"arms/shoulders","Jan 29, 2026, 6:59 PM","Jan 29, 2026, 7:43 PM","","Side Plank",,"",0,"normal",,,,60,
"arms/shoulders","Jan 29, 2026, 6:59 PM","Jan 29, 2026, 7:43 PM","","Push Up",,"",0,"normal",,25,,,
"arms/shoulders","Jan 29, 2026, 6:59 PM","Jan 29, 2026, 7:43 PM","","Dead Hang",,"",0,"normal",,,,30,
"legs","Jan 28, 2026, 5:28 PM","Jan 28, 2026, 6:30 PM","","Leg Extension (Machine)",,"",0,"warmup",22.5,15,,,
"legs","Jan 28, 2026, 5:28 PM","Jan 28, 2026, 6:30 PM","","Leg Extension (Machine)",,"",1,"normal",48,15,,,
"legs","Jan 28, 2026, 5:28 PM","Jan 28, 2026, 6:30 PM","","Seated Calf Raise",,"",0,"normal",32.5,15,,,
"legs","Jan 28, 2026, 5:28 PM","Jan 28, 2026, 6:30 PM","","Seated Calf Raise",,"",1,"normal",35,14,,,
"legs","Jan 28, 2026, 5:28 PM","Jan 28, 2026, 6:30 PM","","Seated Calf Raise",,"",2,"normal",35,6,,,
"legs","Jan 28, 2026, 5:28 PM","Jan 28, 2026, 6:30 PM","","Lying Leg Curl (Machine)",,"",0,"normal",40,18,,,
"legs","Jan 28, 2026, 5:28 PM","Jan 28, 2026, 6:30 PM","","Lying Leg Curl (Machine)",,"",1,"normal",45,15,,,
"legs","Jan 28, 2026, 5:28 PM","Jan 28, 2026, 6:30 PM","","Plank",,"",0,"normal",,,,180,
"legs","Jan 28, 2026, 5:28 PM","Jan 28, 2026, 6:30 PM","","Side Plank",,"",0,"normal",,,,55,
"legs","Jan 28, 2026, 5:28 PM","Jan 28, 2026, 6:30 PM","","Goblet Squat",,"",0,"normal",17.5,16,,,
"legs","Jan 28, 2026, 5:28 PM","Jan 28, 2026, 6:30 PM","","Goblet Squat",,"",1,"normal",20,15,,,
"legs","Jan 28, 2026, 5:28 PM","Jan 28, 2026, 6:30 PM","","Dead Hang",,"",0,"normal",,,,40,
"legs","Jan 28, 2026, 5:28 PM","Jan 28, 2026, 6:30 PM","","Dead Hang",,"",1,"normal",,,,38,
"legs","Jan 28, 2026, 5:28 PM","Jan 28, 2026, 6:30 PM","","Cycling",,"",0,"normal",,,,69,
"arms/shoulders","Jan 27, 2026, 6:38 PM","Jan 27, 2026, 7:42 PM","","Bicep Curl (Barbell)",,"",0,"normal",20,20,,,
"arms/shoulders","Jan 27, 2026, 6:38 PM","Jan 27, 2026, 7:42 PM","","Bicep Curl (Barbell)",,"",1,"normal",20,15,,,
"arms/shoulders","Jan 27, 2026, 6:38 PM","Jan 27, 2026, 7:42 PM","","Bicep Curl (Dumbbell)",,"",0,"warmup",15,20,,,
"arms/shoulders","Jan 27, 2026, 6:38 PM","Jan 27, 2026, 7:42 PM","","Bicep Curl (Dumbbell)",,"",1,"normal",20,18,,,
"arms/shoulders","Jan 27, 2026, 6:38 PM","Jan 27, 2026, 7:42 PM","","Bicep Curl (Dumbbell)",,"",2,"dropset",15,6,,,
"arms/shoulders","Jan 27, 2026, 6:38 PM","Jan 27, 2026, 7:42 PM","","Bicep Curl (Dumbbell)",,"",3,"normal",25,12,,,
"arms/shoulders","Jan 27, 2026, 6:38 PM","Jan 27, 2026, 7:42 PM","","Bicep Curl (Dumbbell)",,"",4,"dropset",15,8,,,
"arms/shoulders","Jan 27, 2026, 6:38 PM","Jan 27, 2026, 7:42 PM","","Triceps Rope Pushdown",,"",0,"normal",20.4,7,,,
"arms/shoulders","Jan 27, 2026, 6:38 PM","Jan 27, 2026, 7:42 PM","","Triceps Rope Pushdown",,"",1,"normal",18.9,7,,,
"arms/shoulders","Jan 27, 2026, 6:38 PM","Jan 27, 2026, 7:42 PM","","Triceps Extension (Dumbbell)",,"",0,"normal",12.5,22,,,
"arms/shoulders","Jan 27, 2026, 6:38 PM","Jan 27, 2026, 7:42 PM","","Triceps Extension (Dumbbell)",,"",1,"normal",15,18,,,
"arms/shoulders","Jan 27, 2026, 6:38 PM","Jan 27, 2026, 7:42 PM","","Skullcrusher (Dumbbell)",,"",0,"normal",10,20,,,
"arms/shoulders","Jan 27, 2026, 6:38 PM","Jan 27, 2026, 7:42 PM","","Skullcrusher (Dumbbell)",,"",1,"normal",15,10,,,
"arms/shoulders","Jan 27, 2026, 6:38 PM","Jan 27, 2026, 7:42 PM","","Reverse Curl (Barbell)",,"",0,"normal",20,20,,,
"arms/shoulders","Jan 27, 2026, 6:38 PM","Jan 27, 2026, 7:42 PM","","Dead Hang",,"",0,"normal",,,,37,
"arms/shoulders","Jan 27, 2026, 6:38 PM","Jan 27, 2026, 7:42 PM","","Dead Hang",,"",1,"normal",,,,33,
"arms/shoulders","Jan 27, 2026, 6:38 PM","Jan 27, 2026, 7:42 PM","","Seated Incline Curl (Dumbbell)",,"",0,"normal",7.5,12,,,
"arms/shoulders","Jan 27, 2026, 6:38 PM","Jan 27, 2026, 7:42 PM","","Seated Incline Curl (Dumbbell)",,"",1,"normal",7.5,15,,,
"arms/shoulders","Jan 22, 2026, 6:45 PM","Jan 22, 2026, 7:59 PM","","Shoulder Press (Dumbbell)",,"",0,"normal",20,16,,,
"arms/shoulders","Jan 22, 2026, 6:45 PM","Jan 22, 2026, 7:59 PM","","Shoulder Press (Dumbbell)",,"",1,"normal",25,15,,,
"arms/shoulders","Jan 22, 2026, 6:45 PM","Jan 22, 2026, 7:59 PM","","Shoulder Press (Dumbbell)",,"",2,"normal",30,5,,,
"arms/shoulders","Jan 22, 2026, 6:45 PM","Jan 22, 2026, 7:59 PM","","Face Pull",,"",0,"normal",20,17,,,
"arms/shoulders","Jan 22, 2026, 6:45 PM","Jan 22, 2026, 7:59 PM","","Face Pull",,"",1,"normal",20,15,,,
"arms/shoulders","Jan 22, 2026, 6:45 PM","Jan 22, 2026, 7:59 PM","","Lateral Raise (Dumbbell)",,"",0,"normal",10,28,,,
"arms/shoulders","Jan 22, 2026, 6:45 PM","Jan 22, 2026, 7:59 PM","","Lateral Raise (Dumbbell)",,"",1,"normal",15,14,,,
"arms/shoulders","Jan 22, 2026, 6:45 PM","Jan 22, 2026, 7:59 PM","","Lateral Raise (Dumbbell)",,"",2,"normal",15,12,,,
"arms/shoulders","Jan 22, 2026, 6:45 PM","Jan 22, 2026, 7:59 PM","","Shrug (Dumbbell)",,"",0,"normal",35,12,,,
"arms/shoulders","Jan 22, 2026, 6:45 PM","Jan 22, 2026, 7:59 PM","","Shrug (Dumbbell)",,"",1,"normal",35,12,,,
"arms/shoulders","Jan 22, 2026, 6:45 PM","Jan 22, 2026, 7:59 PM","","Plank",,"",0,"normal",,,,180,
"arms/shoulders","Jan 22, 2026, 6:45 PM","Jan 22, 2026, 7:59 PM","","Side Plank",,"",0,"normal",,,,55,
"legs","Jan 21, 2026, 6:18 PM","Jan 21, 2026, 7:29 PM","","Leg Extension (Machine)",,"",0,"warmup",22.5,15,,,
"legs","Jan 21, 2026, 6:18 PM","Jan 21, 2026, 7:29 PM","","Leg Extension (Machine)",,"",1,"normal",37.5,15,,,
"legs","Jan 21, 2026, 6:18 PM","Jan 21, 2026, 7:29 PM","","Seated Calf Raise",,"",0,"normal",30,16,,,
"legs","Jan 21, 2026, 6:18 PM","Jan 21, 2026, 7:29 PM","","Seated Calf Raise",,"",1,"normal",30,14,,,
"legs","Jan 21, 2026, 6:18 PM","Jan 21, 2026, 7:29 PM","","Lying Leg Curl (Machine)",,"",0,"normal",40,18,,,
"legs","Jan 21, 2026, 6:18 PM","Jan 21, 2026, 7:29 PM","","Lying Leg Curl (Machine)",,"",1,"normal",45,11,,,
"legs","Jan 21, 2026, 6:18 PM","Jan 21, 2026, 7:29 PM","","Plank",,"",0,"normal",,,,175,
"legs","Jan 21, 2026, 6:18 PM","Jan 21, 2026, 7:29 PM","","Goblet Squat",,"",0,"normal",17.5,16,,,
"legs","Jan 21, 2026, 6:18 PM","Jan 21, 2026, 7:29 PM","","Goblet Squat",,"",1,"normal",17.5,15,,,
"legs","Jan 21, 2026, 6:18 PM","Jan 21, 2026, 7:29 PM","","Dead Hang",,"",0,"normal",,,,38,
"legs","Jan 21, 2026, 6:18 PM","Jan 21, 2026, 7:29 PM","","Dead Hang",,"",1,"normal",,,,33,
"legs","Jan 21, 2026, 6:18 PM","Jan 21, 2026, 7:29 PM","","Cycling",,"",0,"normal",,,,86,
"arms/shoulders","Jan 20, 2026, 5:46 PM","Jan 20, 2026, 6:59 PM","","Bicep Curl (Barbell)",,"",0,"normal",20,20,,,
"arms/shoulders","Jan 20, 2026, 5:46 PM","Jan 20, 2026, 6:59 PM","","Bicep Curl (Barbell)",,"",1,"normal",20,13,,,
"arms/shoulders","Jan 20, 2026, 5:46 PM","Jan 20, 2026, 6:59 PM","","Bicep Curl (Dumbbell)",,"",0,"warmup",15,20,,,
"arms/shoulders","Jan 20, 2026, 5:46 PM","Jan 20, 2026, 6:59 PM","","Bicep Curl (Dumbbell)",,"",1,"normal",25,15,,,
"arms/shoulders","Jan 20, 2026, 5:46 PM","Jan 20, 2026, 6:59 PM","","Triceps Rope Pushdown",,"",0,"normal",20.4,15,,,
"arms/shoulders","Jan 20, 2026, 5:46 PM","Jan 20, 2026, 6:59 PM","","Triceps Rope Pushdown",,"",1,"normal",20.4,12,,,
"arms/shoulders","Jan 20, 2026, 5:46 PM","Jan 20, 2026, 6:59 PM","","Triceps Extension (Dumbbell)",,"",0,"normal",12.5,22,,,
"arms/shoulders","Jan 20, 2026, 5:46 PM","Jan 20, 2026, 6:59 PM","","Reverse Curl (Barbell)",,"",0,"normal",20,20,,,
"arms/shoulders","Jan 20, 2026, 5:46 PM","Jan 20, 2026, 6:59 PM","","Reverse Curl (Barbell)",,"",1,"normal",20,15,,,
"arms/shoulders","Jan 20, 2026, 5:46 PM","Jan 20, 2026, 6:59 PM","","Single Arm Triceps Pushdown (Cable)",,"",0,"normal",6.8,15,,,
"arms/shoulders","Jan 20, 2026, 5:46 PM","Jan 20, 2026, 6:59 PM","","Plank",,"",0,"normal",,,,180,
"arms/shoulders","Jan 20, 2026, 5:46 PM","Jan 20, 2026, 6:59 PM","","Preacher Curl (Barbell)",,"",0,"normal",15,20,,,
"arms/shoulders","Jan 20, 2026, 5:46 PM","Jan 20, 2026, 6:59 PM","","Triceps Pushdown",,"",0,"normal",20.4,15,,,
"arms/shoulders","Jan 20, 2026, 5:46 PM","Jan 20, 2026, 6:59 PM","","Dead Hang",,"",0,"normal",,,,38,
"arms/shoulders","Jan 20, 2026, 5:46 PM","Jan 20, 2026, 6:59 PM","","Dead Hang",,"",1,"normal",,,,25,
"arms/shoulders","Jan 20, 2026, 5:46 PM","Jan 20, 2026, 6:59 PM","","Hammer Curl (Dumbbell)",,"",0,"normal",25,16,,,
"chest triceps","Jan 18, 2026, 5:32 PM","Jan 18, 2026, 6:35 PM","","Bench Press (Barbell)",,"",0,"normal",40,15,,,
"chest triceps","Jan 18, 2026, 5:32 PM","Jan 18, 2026, 6:35 PM","","Bench Press (Barbell)",,"",1,"normal",45,12,,,
"chest triceps","Jan 18, 2026, 5:32 PM","Jan 18, 2026, 6:35 PM","","Incline Bench Press (Dumbbell)",,"",0,"normal",25,15,,,
"chest triceps","Jan 18, 2026, 5:32 PM","Jan 18, 2026, 6:35 PM","","Incline Bench Press (Dumbbell)",,"",1,"normal",30,10,,,
"chest triceps","Jan 18, 2026, 5:32 PM","Jan 18, 2026, 6:35 PM","","Triceps Rope Pushdown",,"",0,"normal",20,15,,,
"chest triceps","Jan 18, 2026, 5:32 PM","Jan 18, 2026, 6:35 PM","","Skullcrusher (Dumbbell)",,"",0,"normal",10,12,,,
"chest triceps","Jan 18, 2026, 5:32 PM","Jan 18, 2026, 6:35 PM","","Triceps Pushdown",,"",0,"normal",22.5,15,,,
"chest triceps","Jan 18, 2026, 5:32 PM","Jan 18, 2026, 6:35 PM","","Triceps Pushdown",,"",1,"normal",20,15,,,
"chest triceps","Jan 18, 2026, 5:32 PM","Jan 18, 2026, 6:35 PM","","Push Up",,"",0,"normal",,25,,,
"chest triceps","Jan 18, 2026, 5:32 PM","Jan 18, 2026, 6:35 PM","","Plank",,"",0,"normal",,,,175,
"chest triceps","Jan 18, 2026, 5:32 PM","Jan 18, 2026, 6:35 PM","","Chest Fly (Machine)",,"",0,"warmup",37.5,15,,,
"chest triceps","Jan 18, 2026, 5:32 PM","Jan 18, 2026, 6:35 PM","","Chest Fly (Machine)",,"",1,"normal",45,12,,,
"chest triceps","Jan 18, 2026, 5:32 PM","Jan 18, 2026, 6:35 PM","","Triceps Extension (Dumbbell)",,"",0,"normal",12.5,16,,,
"back bicep","Jan 17, 2026, 5:38 PM","Jan 17, 2026, 6:53 PM","","Pull Up",,"",0,"normal",,15,,,
"back bicep","Jan 17, 2026, 5:38 PM","Jan 17, 2026, 6:53 PM","","Pull Up",,"",1,"normal",,11,,,
"back bicep","Jan 17, 2026, 5:38 PM","Jan 17, 2026, 6:53 PM","","Back Extension (Weighted Hyperextension)",,"",0,"normal",,10,,,
"back bicep","Jan 17, 2026, 5:38 PM","Jan 17, 2026, 6:53 PM","","Back Extension (Weighted Hyperextension)",,"",1,"normal",10,12,,,
"back bicep","Jan 17, 2026, 5:38 PM","Jan 17, 2026, 6:53 PM","","Bicep Curl (Barbell)",,"",0,"normal",20,15,,,
"back bicep","Jan 17, 2026, 5:38 PM","Jan 17, 2026, 6:53 PM","","Bicep Curl (Barbell)",,"",1,"normal",20,12,,,
"back bicep","Jan 17, 2026, 5:38 PM","Jan 17, 2026, 6:53 PM","","Bicep Curl (Dumbbell)",,"",0,"warmup",15,20,,,
"back bicep","Jan 17, 2026, 5:38 PM","Jan 17, 2026, 6:53 PM","","Bicep Curl (Dumbbell)",,"",1,"dropset",25,14,,,
"back bicep","Jan 17, 2026, 5:38 PM","Jan 17, 2026, 6:53 PM","","Bicep Curl (Dumbbell)",,"",2,"normal",25,14,,,
"back bicep","Jan 17, 2026, 5:38 PM","Jan 17, 2026, 6:53 PM","","Hammer Curl (Cable)",,"",0,"normal",25,15,,,
"back bicep","Jan 17, 2026, 5:38 PM","Jan 17, 2026, 6:53 PM","","Plank",,"",0,"normal",,,,180,
"back bicep","Jan 17, 2026, 5:38 PM","Jan 17, 2026, 6:53 PM","","Lat Pulldown (Machine)",,"",0,"warmup",52.5,12,,,
"back bicep","Jan 17, 2026, 5:38 PM","Jan 17, 2026, 6:53 PM","","Lat Pulldown (Machine)",,"",1,"normal",52.5,13,,,
"back bicep","Jan 17, 2026, 5:38 PM","Jan 17, 2026, 6:53 PM","","Iso-Lateral Row (Machine)",,"",0,"normal",52.5,18,,,
"back bicep","Jan 17, 2026, 5:38 PM","Jan 17, 2026, 6:53 PM","","Iso-Lateral Row (Machine)",,"",1,"normal",52.5,15,,,
"back bicep","Jan 17, 2026, 5:38 PM","Jan 17, 2026, 6:53 PM","","Side Plank",,"",0,"normal",,,,55,
"back bicep","Jan 17, 2026, 5:38 PM","Jan 17, 2026, 6:53 PM","","Dead Hang",,"",0,"normal",,,,24,
"back bicep","Jan 17, 2026, 5:38 PM","Jan 17, 2026, 6:53 PM","","Dead Hang",,"",1,"normal",,,,20,
"arms/shoulders","Jan 16, 2026, 6:22 PM","Jan 16, 2026, 7:17 PM","","Shoulder Press (Dumbbell)",,"",0,"warmup",15,18,,,
"arms/shoulders","Jan 16, 2026, 6:22 PM","Jan 16, 2026, 7:17 PM","","Shoulder Press (Dumbbell)",,"",1,"normal",25,15,,,
"arms/shoulders","Jan 16, 2026, 6:22 PM","Jan 16, 2026, 7:17 PM","","Shoulder Press (Dumbbell)",,"",2,"normal",25,13,,,
"arms/shoulders","Jan 16, 2026, 6:22 PM","Jan 16, 2026, 7:17 PM","","Face Pull",,"",0,"normal",20,17,,,
"arms/shoulders","Jan 16, 2026, 6:22 PM","Jan 16, 2026, 7:17 PM","","Face Pull",,"",1,"normal",22.5,15,,,
"arms/shoulders","Jan 16, 2026, 6:22 PM","Jan 16, 2026, 7:17 PM","","Lateral Raise (Dumbbell)",,"",0,"normal",5,28,,,
"arms/shoulders","Jan 16, 2026, 6:22 PM","Jan 16, 2026, 7:17 PM","","Lateral Raise (Dumbbell)",,"",1,"normal",10,22,,,
"arms/shoulders","Jan 16, 2026, 6:22 PM","Jan 16, 2026, 7:17 PM","","Lateral Raise (Dumbbell)",,"",2,"normal",10,18,,,
"arms/shoulders","Jan 16, 2026, 6:22 PM","Jan 16, 2026, 7:17 PM","","Shrug (Dumbbell)",,"",0,"normal",30,15,,,
"arms/shoulders","Jan 16, 2026, 6:22 PM","Jan 16, 2026, 7:17 PM","","Shrug (Dumbbell)",,"",1,"normal",35,12,,,
"arms/shoulders","Jan 16, 2026, 6:22 PM","Jan 16, 2026, 7:17 PM","","Shrug (Dumbbell)",,"",2,"normal",35,12,,,
"arms/shoulders","Jan 16, 2026, 6:22 PM","Jan 16, 2026, 7:17 PM","","Plank",,"",0,"normal",,,,175,
"arms/shoulders","Jan 16, 2026, 6:22 PM","Jan 16, 2026, 7:17 PM","","Dead Hang",,"",0,"normal",,,,33,
"legs","Jan 15, 2026, 2:02 PM","Jan 15, 2026, 2:40 PM","","Leg Extension (Machine)",,"",0,"warmup",22.5,15,,,
"legs","Jan 15, 2026, 2:02 PM","Jan 15, 2026, 2:40 PM","","Leg Extension (Machine)",,"",1,"normal",37.5,15,,,
"legs","Jan 15, 2026, 2:02 PM","Jan 15, 2026, 2:40 PM","","Seated Calf Raise",,"",0,"normal",30,16,,,
"legs","Jan 15, 2026, 2:02 PM","Jan 15, 2026, 2:40 PM","","Lying Leg Curl (Machine)",,"",0,"normal",40,18,,,
"legs","Jan 15, 2026, 2:02 PM","Jan 15, 2026, 2:40 PM","","Plank",,"",0,"normal",,,,175,
"legs","Jan 15, 2026, 2:02 PM","Jan 15, 2026, 2:40 PM","","Goblet Squat",,"",0,"normal",15,15,,,
"arms/shoulders","Jan 14, 2026, 2:18 PM","Jan 14, 2026, 3:08 PM","","Bicep Curl (Barbell)",,"",0,"normal",20,17,,,
"arms/shoulders","Jan 14, 2026, 2:18 PM","Jan 14, 2026, 3:08 PM","","Bicep Curl (Dumbbell)",,"",0,"warmup",15,20,,,
"arms/shoulders","Jan 14, 2026, 2:18 PM","Jan 14, 2026, 3:08 PM","","Bicep Curl (Dumbbell)",,"",1,"normal",25,10,,,
"arms/shoulders","Jan 14, 2026, 2:18 PM","Jan 14, 2026, 3:08 PM","","Bicep Curl (Dumbbell)",,"",2,"normal",20,15,,,
"arms/shoulders","Jan 14, 2026, 2:18 PM","Jan 14, 2026, 3:08 PM","","Triceps Rope Pushdown",,"",0,"normal",20,15,,,
"arms/shoulders","Jan 14, 2026, 2:18 PM","Jan 14, 2026, 3:08 PM","","Triceps Extension (Dumbbell)",,"",0,"normal",12.5,16,,,
"arms/shoulders","Jan 14, 2026, 2:18 PM","Jan 14, 2026, 3:08 PM","","Skullcrusher (Dumbbell)",,"",0,"normal",10,15,,,
"arms/shoulders","Jan 14, 2026, 2:18 PM","Jan 14, 2026, 3:08 PM","","Reverse Curl (Barbell)",,"",0,"normal",20,18,,,
"arms/shoulders","Jan 14, 2026, 2:18 PM","Jan 14, 2026, 3:08 PM","","Plank",,"",0,"normal",,,,175,
"arms/shoulders","Jan 14, 2026, 2:18 PM","Jan 14, 2026, 3:08 PM","","Side Plank",,"",0,"normal",,,,55,
"arms/shoulders","Jan 14, 2026, 2:18 PM","Jan 14, 2026, 3:08 PM","","Triceps Pushdown",,"",0,"normal",20,15,,,
"chest triceps","Jan 7, 2026, 7:02 PM","Jan 7, 2026, 8:01 PM","","Bench Press (Barbell)",,"",0,"normal",40,12,,,
"chest triceps","Jan 7, 2026, 7:02 PM","Jan 7, 2026, 8:01 PM","","Bench Press (Barbell)",,"",1,"normal",45,8,,,
"chest triceps","Jan 7, 2026, 7:02 PM","Jan 7, 2026, 8:01 PM","","Incline Bench Press (Dumbbell)",,"",0,"normal",20,12,,,
"chest triceps","Jan 7, 2026, 7:02 PM","Jan 7, 2026, 8:01 PM","","Incline Bench Press (Dumbbell)",,"",1,"normal",25,15,,,
"chest triceps","Jan 7, 2026, 7:02 PM","Jan 7, 2026, 8:01 PM","","Incline Bench Press (Dumbbell)",,"",2,"normal",30,10,,,
"chest triceps","Jan 7, 2026, 7:02 PM","Jan 7, 2026, 8:01 PM","","Triceps Rope Pushdown",,"",0,"normal",18.1,11,,,
"chest triceps","Jan 7, 2026, 7:02 PM","Jan 7, 2026, 8:01 PM","","Triceps Rope Pushdown",,"",1,"normal",16.3,6,,,
"chest triceps","Jan 7, 2026, 7:02 PM","Jan 7, 2026, 8:01 PM","","Triceps Pushdown",,"",0,"normal",18.1,15,,,
"chest triceps","Jan 7, 2026, 7:02 PM","Jan 7, 2026, 8:01 PM","","Push Up",,"",0,"normal",,25,,,
"chest triceps","Jan 7, 2026, 7:02 PM","Jan 7, 2026, 8:01 PM","","Cable Fly Crossovers",,"",0,"normal",9.1,12,,,
"chest triceps","Jan 7, 2026, 7:02 PM","Jan 7, 2026, 8:01 PM","","Cable Fly Crossovers",,"",1,"normal",6.8,15,,,
"chest triceps","Jan 7, 2026, 7:02 PM","Jan 7, 2026, 8:01 PM","","Cable Fly Crossovers",,"",2,"normal",6.8,15,,,
"chest triceps","Jan 7, 2026, 7:02 PM","Jan 7, 2026, 8:01 PM","","Plank",,"",0,"normal",,,,175,
"chest triceps","Jan 7, 2026, 7:02 PM","Jan 7, 2026, 8:01 PM","","Triceps Extension (Dumbbell)",,"",0,"normal",12.5,16,,,
"chest triceps","Jan 7, 2026, 7:02 PM","Jan 7, 2026, 8:01 PM","","Dead Hang",,"",0,"normal",,,,31,
"chest triceps","Jan 7, 2026, 7:02 PM","Jan 7, 2026, 8:01 PM","","Overhead Triceps Extension (Cable)",,"",0,"normal",9.1,15,,,
"back bicep","Jan 6, 2026, 6:55 PM","Jan 6, 2026, 7:53 PM","","Pull Up",,"",0,"normal",,14,,,
"back bicep","Jan 6, 2026, 6:55 PM","Jan 6, 2026, 7:53 PM","","Pull Up",,"",1,"normal",,6,,,
"back bicep","Jan 6, 2026, 6:55 PM","Jan 6, 2026, 7:53 PM","","Pull Up",,"",2,"normal",,6,,,
"back bicep","Jan 6, 2026, 6:55 PM","Jan 6, 2026, 7:53 PM","","Seated Cable Row - V Grip (Cable)",,"",0,"normal",41,16,,,
"back bicep","Jan 6, 2026, 6:55 PM","Jan 6, 2026, 7:53 PM","","Seated Cable Row - V Grip (Cable)",,"",1,"normal",45,14,,,
"back bicep","Jan 6, 2026, 6:55 PM","Jan 6, 2026, 7:53 PM","","Seated Cable Row - V Grip (Cable)",,"",2,"normal",45,12,,,
"back bicep","Jan 6, 2026, 6:55 PM","Jan 6, 2026, 7:53 PM","","Bicep Curl (Barbell)",,"",0,"normal",20,20,,,
"back bicep","Jan 6, 2026, 6:55 PM","Jan 6, 2026, 7:53 PM","","Bicep Curl (Barbell)",,"",1,"normal",25,12,,,
"back bicep","Jan 6, 2026, 6:55 PM","Jan 6, 2026, 7:53 PM","","Bicep Curl (Dumbbell)",,"",0,"warmup",15,15,,,
"back bicep","Jan 6, 2026, 6:55 PM","Jan 6, 2026, 7:53 PM","","Bicep Curl (Dumbbell)",,"",1,"normal",25,11,,,
"back bicep","Jan 6, 2026, 6:55 PM","Jan 6, 2026, 7:53 PM","","Bicep Curl (Dumbbell)",,"",2,"dropset",20,2,,,
"back bicep","Jan 6, 2026, 6:55 PM","Jan 6, 2026, 7:53 PM","","Reverse Curl (Barbell)",,"",0,"normal",20,20,,,
"back bicep","Jan 6, 2026, 6:55 PM","Jan 6, 2026, 7:53 PM","","Reverse Curl (Barbell)",,"",1,"normal",20,12,,,
"back bicep","Jan 6, 2026, 6:55 PM","Jan 6, 2026, 7:53 PM","","Plank",,"",0,"normal",,,,175,
"back bicep","Jan 6, 2026, 6:55 PM","Jan 6, 2026, 7:53 PM","","Dead Hang",,"",0,"normal",,,,31,
"legs","Jan 4, 2026, 7:15 PM","Jan 4, 2026, 8:19 PM","","Leg Extension (Machine)",,"",0,"warmup",18,15,,,
"legs","Jan 4, 2026, 7:15 PM","Jan 4, 2026, 8:19 PM","","Leg Extension (Machine)",,"",1,"normal",36,15,,,
"legs","Jan 4, 2026, 7:15 PM","Jan 4, 2026, 8:19 PM","","Leg Extension (Machine)",,"",2,"normal",36,15,,,
"legs","Jan 4, 2026, 7:15 PM","Jan 4, 2026, 8:19 PM","","Lying Leg Curl (Machine)",,"",0,"normal",36,15,,,
"legs","Jan 4, 2026, 7:15 PM","Jan 4, 2026, 8:19 PM","","Standing Calf Raise (Smith)",,"",0,"normal",40,15,,,
"legs","Jan 4, 2026, 7:15 PM","Jan 4, 2026, 8:19 PM","","Standing Calf Raise (Smith)",,"",1,"normal",40,15,,,
"legs","Jan 4, 2026, 7:15 PM","Jan 4, 2026, 8:19 PM","","Plank",,"",0,"normal",,,,175,
"legs","Jan 4, 2026, 7:15 PM","Jan 4, 2026, 8:19 PM","","Side Plank",,"",0,"normal",,,,55,
"legs","Jan 4, 2026, 7:15 PM","Jan 4, 2026, 8:19 PM","","Goblet Squat",,"",0,"normal",15,15,,,
"legs","Jan 4, 2026, 7:15 PM","Jan 4, 2026, 8:19 PM","","Goblet Squat",,"",1,"normal",15,16,,,
"legs","Jan 4, 2026, 7:15 PM","Jan 4, 2026, 8:19 PM","","Dead Hang",,"",0,"normal",,,,31,
"legs","Jan 4, 2026, 7:15 PM","Jan 4, 2026, 8:19 PM","","Dead Hang",,"",1,"normal",,,,30,
"legs","Jan 4, 2026, 7:15 PM","Jan 4, 2026, 8:19 PM","","Lunge (Dumbbell)",,"",0,"normal",10,10,,,
"chest triceps","Dec 30, 2025, 7:23 PM","Dec 30, 2025, 8:00 PM","","Bench Press (Barbell)",,"",0,"normal",40,12,,,
"chest triceps","Dec 30, 2025, 7:23 PM","Dec 30, 2025, 8:00 PM","","Bench Press (Barbell)",,"",1,"normal",40,12,,,
"chest triceps","Dec 30, 2025, 7:23 PM","Dec 30, 2025, 8:00 PM","","Skullcrusher (Dumbbell)",,"",0,"normal",10,15,,,
"chest triceps","Dec 30, 2025, 7:23 PM","Dec 30, 2025, 8:00 PM","","Push Up",,"",0,"normal",,25,,,
"chest triceps","Dec 30, 2025, 7:23 PM","Dec 30, 2025, 8:00 PM","","Cable Fly Crossovers",,"",0,"normal",9.1,16,,,
"chest triceps","Dec 30, 2025, 7:23 PM","Dec 30, 2025, 8:00 PM","","Cable Fly Crossovers",,"",1,"normal",9.1,16,,,
"chest triceps","Dec 30, 2025, 7:23 PM","Dec 30, 2025, 8:00 PM","","Cable Fly Crossovers",,"",2,"normal",4.3,15,,,
"chest triceps","Dec 30, 2025, 7:23 PM","Dec 30, 2025, 8:00 PM","","Plank",,"",0,"normal",,,,175,
"back bicep","Dec 27, 2025, 8:05 PM","Dec 27, 2025, 8:43 PM","","Pull Up",,"",0,"normal",,10,,,
"back bicep","Dec 27, 2025, 8:05 PM","Dec 27, 2025, 8:43 PM","","Pull Up",,"",1,"normal",,8,,,
"back bicep","Dec 27, 2025, 8:05 PM","Dec 27, 2025, 8:43 PM","","Seated Cable Row - V Grip (Cable)",,"",0,"normal",41,15,,,
"back bicep","Dec 27, 2025, 8:05 PM","Dec 27, 2025, 8:43 PM","","Seated Cable Row - V Grip (Cable)",,"",1,"normal",41,15,,,
"back bicep","Dec 27, 2025, 8:05 PM","Dec 27, 2025, 8:43 PM","","Bicep Curl (Dumbbell)",,"",0,"warmup",15,20,,,
"back bicep","Dec 27, 2025, 8:05 PM","Dec 27, 2025, 8:43 PM","","Bicep Curl (Dumbbell)",,"",1,"normal",25,10,,,
"back bicep","Dec 27, 2025, 8:05 PM","Dec 27, 2025, 8:43 PM","","Hammer Curl (Cable)",,"",0,"normal",25,15,,,
"back bicep","Dec 27, 2025, 8:05 PM","Dec 27, 2025, 8:43 PM","","Reverse Curl (Barbell)",,"",0,"normal",20,20,,,
"back bicep","Dec 27, 2025, 8:05 PM","Dec 27, 2025, 8:43 PM","","Plank",,"",0,"normal",,,,175,
"back bicep","Dec 27, 2025, 8:05 PM","Dec 27, 2025, 8:43 PM","","Side Plank",,"",0,"normal",,,,55,
"arms/shoulders","Dec 24, 2025, 7:40 PM","Dec 24, 2025, 8:36 PM","","Bicep Curl (Barbell)",,"",0,"normal",20,20,,,
"arms/shoulders","Dec 24, 2025, 7:40 PM","Dec 24, 2025, 8:36 PM","","Bicep Curl (Barbell)",,"",1,"normal",25,15,,,
"arms/shoulders","Dec 24, 2025, 7:40 PM","Dec 24, 2025, 8:36 PM","","Bicep Curl (Dumbbell)",,"",0,"warmup",15,20,,,
"arms/shoulders","Dec 24, 2025, 7:40 PM","Dec 24, 2025, 8:36 PM","","Bicep Curl (Dumbbell)",,"",1,"normal",20,18,,,
"arms/shoulders","Dec 24, 2025, 7:40 PM","Dec 24, 2025, 8:36 PM","","Triceps Rope Pushdown",,"",0,"normal",18.1,11,,,
"arms/shoulders","Dec 24, 2025, 7:40 PM","Dec 24, 2025, 8:36 PM","","Triceps Rope Pushdown",,"",1,"normal",18.1,15,,,
"arms/shoulders","Dec 24, 2025, 7:40 PM","Dec 24, 2025, 8:36 PM","","Triceps Extension (Dumbbell)",,"",0,"normal",12.5,18,,,
"arms/shoulders","Dec 24, 2025, 7:40 PM","Dec 24, 2025, 8:36 PM","","Reverse Curl (Barbell)",,"",0,"normal",20,18,,,
"arms/shoulders","Dec 24, 2025, 7:40 PM","Dec 24, 2025, 8:36 PM","","Plank",,"",0,"normal",,,,175,
"arms/shoulders","Dec 24, 2025, 7:40 PM","Dec 24, 2025, 8:36 PM","","Side Plank",,"",0,"normal",,,,55,
"arms/shoulders","Dec 24, 2025, 7:40 PM","Dec 24, 2025, 8:36 PM","","Triceps Pushdown",,"",0,"normal",18.1,15,,,
"arms/shoulders","Dec 24, 2025, 7:40 PM","Dec 24, 2025, 8:36 PM","","Overhead Triceps Extension (Cable)",,"",0,"normal",9.1,15,,,
"arms/shoulders","Dec 24, 2025, 7:40 PM","Dec 24, 2025, 8:36 PM","","Overhead Triceps Extension (Cable)",,"",1,"normal",11.3,15,,,
"arms/shoulders","Dec 24, 2025, 7:40 PM","Dec 24, 2025, 8:36 PM","","Seated Incline Curl (Dumbbell)",,"",0,"normal",7.5,13,,,
"arms/shoulders","Dec 24, 2025, 7:40 PM","Dec 24, 2025, 8:36 PM","","Seated Incline Curl (Dumbbell)",,"",1,"normal",5,5,,,
"chest triceps","Dec 21, 2025, 6:22 PM","Dec 21, 2025, 7:31 PM","","Incline Bench Press (Dumbbell)",,"",0,"normal",20,20,,,
"chest triceps","Dec 21, 2025, 6:22 PM","Dec 21, 2025, 7:31 PM","","Incline Bench Press (Dumbbell)",,"",1,"normal",25,15,,,
"chest triceps","Dec 21, 2025, 6:22 PM","Dec 21, 2025, 7:31 PM","","Incline Bench Press (Dumbbell)",,"",2,"normal",30,15,,,
"chest triceps","Dec 21, 2025, 6:22 PM","Dec 21, 2025, 7:31 PM","","Triceps Pushdown",,"",0,"normal",20,19,,,
"chest triceps","Dec 21, 2025, 6:22 PM","Dec 21, 2025, 7:31 PM","","Push Up",,"",0,"normal",,26,,,
"chest triceps","Dec 21, 2025, 6:22 PM","Dec 21, 2025, 7:31 PM","","Push Up",,"",1,"normal",,10,,,
"chest triceps","Dec 21, 2025, 6:22 PM","Dec 21, 2025, 7:31 PM","","Cable Fly Crossovers",,"",0,"normal",10,18,,,
"chest triceps","Dec 21, 2025, 6:22 PM","Dec 21, 2025, 7:31 PM","","Cable Fly Crossovers",,"",1,"normal",7.5,11,,,
"chest triceps","Dec 21, 2025, 6:22 PM","Dec 21, 2025, 7:31 PM","","Cable Fly Crossovers",,"",2,"dropset",5,7,,,
"chest triceps","Dec 21, 2025, 6:22 PM","Dec 21, 2025, 7:31 PM","","Plank",,"",0,"normal",,,,175,
"chest triceps","Dec 21, 2025, 6:22 PM","Dec 21, 2025, 7:31 PM","","Decline Bench Press (Dumbbell)",,"",0,"normal",20,15,,,
"chest triceps","Dec 21, 2025, 6:22 PM","Dec 21, 2025, 7:31 PM","","Decline Bench Press (Dumbbell)",,"",1,"normal",30,12,,,
"back bicep","Dec 20, 2025, 6:18 PM","Dec 20, 2025, 7:42 PM","","Pull Up",,"",0,"normal",,14,,,
"back bicep","Dec 20, 2025, 6:18 PM","Dec 20, 2025, 7:42 PM","","Pull Up",,"",1,"normal",,9,,,
"back bicep","Dec 20, 2025, 6:18 PM","Dec 20, 2025, 7:42 PM","","Back Extension (Weighted Hyperextension)",,"",0,"normal",10,12,,,
"back bicep","Dec 20, 2025, 6:18 PM","Dec 20, 2025, 7:42 PM","","Back Extension (Weighted Hyperextension)",,"",1,"normal",10,16,,,
"back bicep","Dec 20, 2025, 6:18 PM","Dec 20, 2025, 7:42 PM","","Bicep Curl (Dumbbell)",,"",0,"warmup",15,20,,,
"back bicep","Dec 20, 2025, 6:18 PM","Dec 20, 2025, 7:42 PM","","Bicep Curl (Dumbbell)",,"",1,"normal",25,12,,,
"back bicep","Dec 20, 2025, 6:18 PM","Dec 20, 2025, 7:42 PM","","Bicep Curl (Dumbbell)",,"",2,"normal",25,10,,,
"back bicep","Dec 20, 2025, 6:18 PM","Dec 20, 2025, 7:42 PM","","Reverse Curl (Barbell)",,"",0,"normal",20,20,,,
"back bicep","Dec 20, 2025, 6:18 PM","Dec 20, 2025, 7:42 PM","","Reverse Curl (Barbell)",,"",1,"normal",20,18,,,
"back bicep","Dec 20, 2025, 6:18 PM","Dec 20, 2025, 7:42 PM","","Plank",,"",0,"normal",,,,175,
"back bicep","Dec 20, 2025, 6:18 PM","Dec 20, 2025, 7:42 PM","","Lat Pulldown (Machine)",,"",0,"warmup",45,15,,,
"back bicep","Dec 20, 2025, 6:18 PM","Dec 20, 2025, 7:42 PM","","Lat Pulldown (Machine)",,"",1,"normal",52.5,14,,,
"back bicep","Dec 20, 2025, 6:18 PM","Dec 20, 2025, 7:42 PM","","Iso-Lateral Row (Machine)",,"",0,"normal",52.5,18,,,
"back bicep","Dec 20, 2025, 6:18 PM","Dec 20, 2025, 7:42 PM","","Iso-Lateral Row (Machine)",,"",1,"normal",52.5,20,,,
"back bicep","Dec 20, 2025, 6:18 PM","Dec 20, 2025, 7:42 PM","","Side Plank",,"",0,"normal",,,,55,
"arms/shoulders","Dec 18, 2025, 6:10 PM","Dec 18, 2025, 7:22 PM","","Bicep Curl (Barbell)",,"",0,"normal",20,18,,,
"arms/shoulders","Dec 18, 2025, 6:10 PM","Dec 18, 2025, 7:22 PM","","Bicep Curl (Barbell)",,"",1,"normal",20,12,,,
"arms/shoulders","Dec 18, 2025, 6:10 PM","Dec 18, 2025, 7:22 PM","","Bicep Curl (Dumbbell)",,"",0,"warmup",15,20,,,
"arms/shoulders","Dec 18, 2025, 6:10 PM","Dec 18, 2025, 7:22 PM","","Bicep Curl (Dumbbell)",,"",1,"dropset",15,10,,,
"arms/shoulders","Dec 18, 2025, 6:10 PM","Dec 18, 2025, 7:22 PM","","Bicep Curl (Dumbbell)",,"",2,"normal",25,13,,,
"arms/shoulders","Dec 18, 2025, 6:10 PM","Dec 18, 2025, 7:22 PM","","Bicep Curl (Dumbbell)",,"",3,"normal",25,11,,,
"arms/shoulders","Dec 18, 2025, 6:10 PM","Dec 18, 2025, 7:22 PM","","Bicep Curl (Dumbbell)",,"",4,"dropset",20,9,,,
"arms/shoulders","Dec 18, 2025, 6:10 PM","Dec 18, 2025, 7:22 PM","","Triceps Rope Pushdown",,"",0,"normal",20,16,,,
"arms/shoulders","Dec 18, 2025, 6:10 PM","Dec 18, 2025, 7:22 PM","","Triceps Extension (Dumbbell)",,"",0,"normal",15,19,,,
"arms/shoulders","Dec 18, 2025, 6:10 PM","Dec 18, 2025, 7:22 PM","","Triceps Extension (Dumbbell)",,"",1,"normal",15,16,,,
"arms/shoulders","Dec 18, 2025, 6:10 PM","Dec 18, 2025, 7:22 PM","","Triceps Extension (Dumbbell)",,"",2,"normal",10,24,,,
"arms/shoulders","Dec 18, 2025, 6:10 PM","Dec 18, 2025, 7:22 PM","","Reverse Curl (Barbell)",,"",0,"normal",20,16,,,
"arms/shoulders","Dec 18, 2025, 6:10 PM","Dec 18, 2025, 7:22 PM","","Reverse Curl (Barbell)",,"",1,"normal",20,18,,,
"arms/shoulders","Dec 18, 2025, 6:10 PM","Dec 18, 2025, 7:22 PM","","Plank",,"",0,"normal",,,,170,
"arms/shoulders","Dec 18, 2025, 6:10 PM","Dec 18, 2025, 7:22 PM","","Triceps Pushdown",,"",0,"normal",20,19,,,
"arms/shoulders","Dec 18, 2025, 6:10 PM","Dec 18, 2025, 7:22 PM","","Triceps Pushdown",,"",1,"normal",20,11,,,
"arms/shoulders","Dec 18, 2025, 6:10 PM","Dec 18, 2025, 7:22 PM","","Dead Hang",,"",0,"normal",,,,31,
"arms/shoulders","Dec 18, 2025, 6:10 PM","Dec 18, 2025, 7:22 PM","","Dead Hang",,"",1,"normal",,,,25,
"legs","Dec 16, 2025, 7:03 PM","Dec 16, 2025, 7:59 PM","","Leg Extension (Machine)",,"",0,"warmup",22.5,15,,,
"legs","Dec 16, 2025, 7:03 PM","Dec 16, 2025, 7:59 PM","","Leg Extension (Machine)",,"",1,"normal",37.5,15,,,
"legs","Dec 16, 2025, 7:03 PM","Dec 16, 2025, 7:59 PM","","Leg Extension (Machine)",,"",2,"normal",45,15,,,
"legs","Dec 16, 2025, 7:03 PM","Dec 16, 2025, 7:59 PM","","Seated Calf Raise",,"",0,"normal",30,16,,,
"legs","Dec 16, 2025, 7:03 PM","Dec 16, 2025, 7:59 PM","","Seated Calf Raise",,"",1,"normal",35,14,,,
"legs","Dec 16, 2025, 7:03 PM","Dec 16, 2025, 7:59 PM","","Seated Calf Raise",,"",2,"normal",35,14,,,
"legs","Dec 16, 2025, 7:03 PM","Dec 16, 2025, 7:59 PM","","Plank",,"",0,"normal",,,,175,
"legs","Dec 16, 2025, 7:03 PM","Dec 16, 2025, 7:59 PM","","Side Plank",,"",0,"normal",,,,50,
"legs","Dec 16, 2025, 7:03 PM","Dec 16, 2025, 7:59 PM","","Goblet Squat",,"",0,"normal",17.5,15,,,
"legs","Dec 16, 2025, 7:03 PM","Dec 16, 2025, 7:59 PM","","Goblet Squat",,"",1,"normal",20,16,,,
"legs","Dec 16, 2025, 7:03 PM","Dec 16, 2025, 7:59 PM","","Dead Hang",,"",0,"normal",,,,31,
"chest triceps","Dec 14, 2025, 6:38 PM","Dec 14, 2025, 7:56 PM","","Bench Press (Barbell)",,"",0,"normal",40,12,,,
"chest triceps","Dec 14, 2025, 6:38 PM","Dec 14, 2025, 7:56 PM","","Bench Press (Barbell)",,"",1,"normal",45,8,,,
"chest triceps","Dec 14, 2025, 6:38 PM","Dec 14, 2025, 7:56 PM","","Incline Bench Press (Dumbbell)",,"",0,"normal",25,15,,,
"chest triceps","Dec 14, 2025, 6:38 PM","Dec 14, 2025, 7:56 PM","","Incline Bench Press (Dumbbell)",,"",1,"normal",30,10,,,
"chest triceps","Dec 14, 2025, 6:38 PM","Dec 14, 2025, 7:56 PM","","Incline Bench Press (Dumbbell)",,"",2,"normal",20,10,,,
"chest triceps","Dec 14, 2025, 6:38 PM","Dec 14, 2025, 7:56 PM","","Triceps Rope Pushdown",,"",0,"normal",17.5,16,,,
"chest triceps","Dec 14, 2025, 6:38 PM","Dec 14, 2025, 7:56 PM","","Triceps Rope Pushdown",,"",1,"normal",20,14,,,
"chest triceps","Dec 14, 2025, 6:38 PM","Dec 14, 2025, 7:56 PM","","Triceps Rope Pushdown",,"",2,"normal",20,10,,,
"chest triceps","Dec 14, 2025, 6:38 PM","Dec 14, 2025, 7:56 PM","","Triceps Rope Pushdown",,"",3,"dropset",17.5,5,,,
"chest triceps","Dec 14, 2025, 6:38 PM","Dec 14, 2025, 7:56 PM","","Push Up",,"",0,"normal",,25,,,
"chest triceps","Dec 14, 2025, 6:38 PM","Dec 14, 2025, 7:56 PM","","Push Up",,"",1,"normal",,20,,,
"chest triceps","Dec 14, 2025, 6:38 PM","Dec 14, 2025, 7:56 PM","","Cable Fly Crossovers",,"",0,"normal",10,18,,,
"chest triceps","Dec 14, 2025, 6:38 PM","Dec 14, 2025, 7:56 PM","","Cable Fly Crossovers",,"",1,"normal",10,14,,,
"chest triceps","Dec 14, 2025, 6:38 PM","Dec 14, 2025, 7:56 PM","","Cable Fly Crossovers",,"",2,"normal",7.5,10,,,
"chest triceps","Dec 14, 2025, 6:38 PM","Dec 14, 2025, 7:56 PM","","Cable Fly Crossovers",,"",3,"dropset",5,6,,,
"chest triceps","Dec 14, 2025, 6:38 PM","Dec 14, 2025, 7:56 PM","","Cable Fly Crossovers",,"",4,"normal",5,18,,,
"chest triceps","Dec 14, 2025, 6:38 PM","Dec 14, 2025, 7:56 PM","","Cable Fly Crossovers",,"",5,"dropset",5,8,,,
"chest triceps","Dec 14, 2025, 6:38 PM","Dec 14, 2025, 7:56 PM","","Plank",,"",0,"normal",,,,175,
"chest triceps","Dec 14, 2025, 6:38 PM","Dec 14, 2025, 7:56 PM","","Dead Hang",,"",0,"normal",,,,30,
"chest triceps","Dec 14, 2025, 6:38 PM","Dec 14, 2025, 7:56 PM","","Overhead Triceps Extension (Cable)",,"",0,"normal",7.5,10,,,
"chest triceps","Dec 14, 2025, 6:38 PM","Dec 14, 2025, 7:56 PM","","Overhead Triceps Extension (Cable)",,"",1,"normal",10,8,,,
"back bicep","Dec 13, 2025, 6:12 PM","Dec 13, 2025, 7:35 PM","","Pull Up",,"",0,"normal",,14,,,
"back bicep","Dec 13, 2025, 6:12 PM","Dec 13, 2025, 7:35 PM","","Pull Up",,"",1,"normal",,9,,,
"back bicep","Dec 13, 2025, 6:12 PM","Dec 13, 2025, 7:35 PM","","Back Extension (Weighted Hyperextension)",,"",0,"normal",10,16,,,
"back bicep","Dec 13, 2025, 6:12 PM","Dec 13, 2025, 7:35 PM","","Back Extension (Weighted Hyperextension)",,"",1,"normal",15,15,,,
"back bicep","Dec 13, 2025, 6:12 PM","Dec 13, 2025, 7:35 PM","","Bicep Curl (Barbell)",,"",0,"normal",20,20,,,
"back bicep","Dec 13, 2025, 6:12 PM","Dec 13, 2025, 7:35 PM","","Bicep Curl (Barbell)",,"",1,"normal",20,9,,,
"back bicep","Dec 13, 2025, 6:12 PM","Dec 13, 2025, 7:35 PM","","Bicep Curl (Barbell)",,"",2,"normal",20,19,,,
"back bicep","Dec 13, 2025, 6:12 PM","Dec 13, 2025, 7:35 PM","","Bicep Curl (Dumbbell)",,"",0,"warmup",15,20,,,
"back bicep","Dec 13, 2025, 6:12 PM","Dec 13, 2025, 7:35 PM","","Preacher Curl (Barbell)",,"",0,"normal",20,16,,,
"back bicep","Dec 13, 2025, 6:12 PM","Dec 13, 2025, 7:35 PM","","Hammer Curl (Cable)",,"",0,"normal",25,15,,,
"back bicep","Dec 13, 2025, 6:12 PM","Dec 13, 2025, 7:35 PM","","Plank",,"",0,"normal",,,,170,
"back bicep","Dec 13, 2025, 6:12 PM","Dec 13, 2025, 7:35 PM","","Lat Pulldown (Machine)",,"",0,"normal",52.5,14,,,
"back bicep","Dec 13, 2025, 6:12 PM","Dec 13, 2025, 7:35 PM","","Lat Pulldown (Machine)",,"",1,"normal",52.5,10,,,
"back bicep","Dec 13, 2025, 6:12 PM","Dec 13, 2025, 7:35 PM","","Iso-Lateral Row (Machine)",,"",0,"normal",52.5,18,,,
"back bicep","Dec 13, 2025, 6:12 PM","Dec 13, 2025, 7:35 PM","","Iso-Lateral Row (Machine)",,"",1,"normal",55,19,,,
"back bicep","Dec 13, 2025, 6:12 PM","Dec 13, 2025, 7:35 PM","","Iso-Lateral Row (Machine)",,"",2,"normal",55,14,,,
"back bicep","Dec 13, 2025, 6:12 PM","Dec 13, 2025, 7:35 PM","","Side Plank",,"",0,"normal",,,,50,
"arms/shoulders","Dec 11, 2025, 6:09 PM","Dec 11, 2025, 7:36 PM","","Bicep Curl (Barbell)",,"",0,"normal",20,20,,,
"arms/shoulders","Dec 11, 2025, 6:09 PM","Dec 11, 2025, 7:36 PM","","Bicep Curl (Barbell)",,"",1,"normal",20,16,,,
"arms/shoulders","Dec 11, 2025, 6:09 PM","Dec 11, 2025, 7:36 PM","","Bicep Curl (Dumbbell)",,"",0,"warmup",15,20,,,
"arms/shoulders","Dec 11, 2025, 6:09 PM","Dec 11, 2025, 7:36 PM","","Bicep Curl (Dumbbell)",,"",1,"normal",20,20,,,
"arms/shoulders","Dec 11, 2025, 6:09 PM","Dec 11, 2025, 7:36 PM","","Bicep Curl (Dumbbell)",,"",2,"normal",25,9,,,
"arms/shoulders","Dec 11, 2025, 6:09 PM","Dec 11, 2025, 7:36 PM","","Triceps Rope Pushdown",,"",0,"normal",20,15,,,
"arms/shoulders","Dec 11, 2025, 6:09 PM","Dec 11, 2025, 7:36 PM","","Triceps Rope Pushdown",,"",1,"normal",20,14,,,
"arms/shoulders","Dec 11, 2025, 6:09 PM","Dec 11, 2025, 7:36 PM","","Triceps Rope Pushdown",,"",2,"normal",20,8,,,
"arms/shoulders","Dec 11, 2025, 6:09 PM","Dec 11, 2025, 7:36 PM","","Triceps Extension (Dumbbell)",,"",0,"normal",15,19,,,
"arms/shoulders","Dec 11, 2025, 6:09 PM","Dec 11, 2025, 7:36 PM","","Triceps Extension (Dumbbell)",,"",1,"normal",15,19,,,
"arms/shoulders","Dec 11, 2025, 6:09 PM","Dec 11, 2025, 7:36 PM","","Skullcrusher (Dumbbell)",,"",0,"normal",10,21,,,
"arms/shoulders","Dec 11, 2025, 6:09 PM","Dec 11, 2025, 7:36 PM","","Skullcrusher (Dumbbell)",,"",1,"normal",15,9,,,
"arms/shoulders","Dec 11, 2025, 6:09 PM","Dec 11, 2025, 7:36 PM","","Reverse Curl (Barbell)",,"",0,"normal",20,18,,,
"arms/shoulders","Dec 11, 2025, 6:09 PM","Dec 11, 2025, 7:36 PM","","Reverse Curl (Barbell)",,"",1,"normal",20,18,,,
"arms/shoulders","Dec 11, 2025, 6:09 PM","Dec 11, 2025, 7:36 PM","","Single Arm Triceps Pushdown (Cable)",,"",0,"normal",7.5,15,,,
"arms/shoulders","Dec 11, 2025, 6:09 PM","Dec 11, 2025, 7:36 PM","","Dead Hang",,"",0,"normal",,,,30,
"arms/shoulders","Dec 11, 2025, 6:09 PM","Dec 11, 2025, 7:36 PM","","Dead Hang",,"",1,"normal",,,,20,
"legs","Dec 8, 2025, 5:37 PM","Dec 8, 2025, 6:18 PM","","Leg Extension (Machine)",,"",0,"warmup",22.5,15,,,
"legs","Dec 8, 2025, 5:37 PM","Dec 8, 2025, 6:18 PM","","Seated Calf Raise",,"",0,"normal",30,16,,,
"legs","Dec 8, 2025, 5:37 PM","Dec 8, 2025, 6:18 PM","","Seated Calf Raise",,"",1,"normal",35,13,,,
"legs","Dec 8, 2025, 5:37 PM","Dec 8, 2025, 6:18 PM","","Plank",,"",0,"normal",,,,165,
"legs","Dec 8, 2025, 5:37 PM","Dec 8, 2025, 6:18 PM","","Side Plank",,"",0,"normal",,,,50,
"legs","Dec 8, 2025, 5:37 PM","Dec 8, 2025, 6:18 PM","","Goblet Squat",,"",0,"normal",17.5,15,,,
"legs","Dec 8, 2025, 5:37 PM","Dec 8, 2025, 6:18 PM","","Goblet Squat",,"",1,"normal",17.5,15,,,
"chest triceps","Dec 7, 2025, 6:37 PM","Dec 7, 2025, 8:21 PM","","Bench Press (Barbell)",,"",0,"normal",40,10,,,
"chest triceps","Dec 7, 2025, 6:37 PM","Dec 7, 2025, 8:21 PM","","Bench Press (Barbell)",,"",1,"normal",45,10,,,
"chest triceps","Dec 7, 2025, 6:37 PM","Dec 7, 2025, 8:21 PM","","Bench Press (Barbell)",,"",2,"normal",50,8,,,
"chest triceps","Dec 7, 2025, 6:37 PM","Dec 7, 2025, 8:21 PM","","Incline Bench Press (Dumbbell)",,"",0,"normal",25,15,,,
"chest triceps","Dec 7, 2025, 6:37 PM","Dec 7, 2025, 8:21 PM","","Incline Bench Press (Dumbbell)",,"",1,"normal",30,10,,,
"chest triceps","Dec 7, 2025, 6:37 PM","Dec 7, 2025, 8:21 PM","","Push Up",,"",0,"normal",,25,,,
"chest triceps","Dec 7, 2025, 6:37 PM","Dec 7, 2025, 8:21 PM","","Cable Fly Crossovers",,"",0,"normal",10,16,,,
"chest triceps","Dec 7, 2025, 6:37 PM","Dec 7, 2025, 8:21 PM","","Single Arm Triceps Pushdown (Cable)",,"",0,"normal",7.5,15,,,
"chest triceps","Dec 7, 2025, 6:37 PM","Dec 7, 2025, 8:21 PM","","Single Arm Triceps Pushdown (Cable)",,"",1,"normal",7.5,15,,,
"chest triceps","Dec 7, 2025, 6:37 PM","Dec 7, 2025, 8:21 PM","","Plank",,"",0,"normal",,,,165,
"chest triceps","Dec 7, 2025, 6:37 PM","Dec 7, 2025, 8:21 PM","","Dead Hang",,"",0,"normal",,,,35,
"chest triceps","Dec 7, 2025, 6:37 PM","Dec 7, 2025, 8:21 PM","","Dead Hang",,"",1,"normal",,,,15,
"chest triceps","Dec 7, 2025, 6:37 PM","Dec 7, 2025, 8:21 PM","","Decline Bench Press (Dumbbell)",,"",0,"normal",25,15,,,
"chest triceps","Dec 7, 2025, 6:37 PM","Dec 7, 2025, 8:21 PM","","Decline Bench Press (Dumbbell)",,"",1,"normal",30,10,,,
"back bicep","Dec 6, 2025, 6:16 PM","Dec 6, 2025, 7:32 PM","","Pull Up",,"",0,"normal",,11,,,
"back bicep","Dec 6, 2025, 6:16 PM","Dec 6, 2025, 7:32 PM","","Pull Up",,"",1,"normal",,12,,,
"back bicep","Dec 6, 2025, 6:16 PM","Dec 6, 2025, 7:32 PM","","Back Extension (Weighted Hyperextension)",,"",0,"normal",,15,,,
"back bicep","Dec 6, 2025, 6:16 PM","Dec 6, 2025, 7:32 PM","","Back Extension (Weighted Hyperextension)",,"",1,"normal",10,16,,,
"back bicep","Dec 6, 2025, 6:16 PM","Dec 6, 2025, 7:32 PM","","Back Extension (Weighted Hyperextension)",,"",2,"normal",15,10,,,
"back bicep","Dec 6, 2025, 6:16 PM","Dec 6, 2025, 7:32 PM","","Bicep Curl (Dumbbell)",,"",0,"warmup",15,16,,,
"back bicep","Dec 6, 2025, 6:16 PM","Dec 6, 2025, 7:32 PM","","Bicep Curl (Dumbbell)",,"",1,"normal",20,16,,,
"back bicep","Dec 6, 2025, 6:16 PM","Dec 6, 2025, 7:32 PM","","Hammer Curl (Cable)",,"",0,"normal",25,15,,,
"back bicep","Dec 6, 2025, 6:16 PM","Dec 6, 2025, 7:32 PM","","Hammer Curl (Cable)",,"",1,"normal",25,12,,,
"back bicep","Dec 6, 2025, 6:16 PM","Dec 6, 2025, 7:32 PM","","Reverse Curl (Barbell)",,"",0,"normal",20,14,,,
"back bicep","Dec 6, 2025, 6:16 PM","Dec 6, 2025, 7:32 PM","","Seated Incline Curl (Dumbbell)",,"",0,"normal",7.5,12,,,
"back bicep","Dec 6, 2025, 6:16 PM","Dec 6, 2025, 7:32 PM","","Seated Incline Curl (Dumbbell)",,"",1,"normal",5,6,,,
"back bicep","Dec 6, 2025, 6:16 PM","Dec 6, 2025, 7:32 PM","","Plank",,"",0,"normal",,,,165,
"back bicep","Dec 6, 2025, 6:16 PM","Dec 6, 2025, 7:32 PM","","Lat Pulldown (Machine)",,"",0,"warmup",49,15,,,
"back bicep","Dec 6, 2025, 6:16 PM","Dec 6, 2025, 7:32 PM","","Lat Pulldown (Machine)",,"",1,"normal",52.5,14,,,
"back bicep","Dec 6, 2025, 6:16 PM","Dec 6, 2025, 7:32 PM","","Lat Pulldown (Machine)",,"",2,"normal",49,10,,,
"back bicep","Dec 6, 2025, 6:16 PM","Dec 6, 2025, 7:32 PM","","Lat Pulldown (Machine)",,"",3,"normal",49,10,,,
"back bicep","Dec 6, 2025, 6:16 PM","Dec 6, 2025, 7:32 PM","","Iso-Lateral Row (Machine)",,"",0,"normal",52.5,19,,,
"back bicep","Dec 6, 2025, 6:16 PM","Dec 6, 2025, 7:32 PM","","Iso-Lateral Row (Machine)",,"",1,"normal",52.5,19,,,
"back bicep","Dec 6, 2025, 6:16 PM","Dec 6, 2025, 7:32 PM","","Dead Hang",,"",0,"normal",,,,24,
"arms/shoulders","Dec 4, 2025, 7:22 PM","Dec 4, 2025, 8:05 PM","","Bicep Curl (Barbell)",,"",0,"normal",20,18,,,
"arms/shoulders","Dec 4, 2025, 7:22 PM","Dec 4, 2025, 8:05 PM","","Bicep Curl (Dumbbell)",,"",0,"warmup",15,18,,,
"arms/shoulders","Dec 4, 2025, 7:22 PM","Dec 4, 2025, 8:05 PM","","Bicep Curl (Dumbbell)",,"",1,"normal",20,18,,,
"arms/shoulders","Dec 4, 2025, 7:22 PM","Dec 4, 2025, 8:05 PM","","Triceps Extension (Dumbbell)",,"",0,"normal",15,16,,,
"arms/shoulders","Dec 4, 2025, 7:22 PM","Dec 4, 2025, 8:05 PM","","Preacher Curl (Barbell)",,"",0,"normal",20,15,,,
"arms/shoulders","Dec 4, 2025, 7:22 PM","Dec 4, 2025, 8:05 PM","","Preacher Curl (Barbell)",,"",1,"normal",20,12,,,
"arms/shoulders","Dec 4, 2025, 7:22 PM","Dec 4, 2025, 8:05 PM","","Triceps Pushdown",,"",0,"normal",20,15,,,
"arms/shoulders","Dec 4, 2025, 7:22 PM","Dec 4, 2025, 8:05 PM","","Overhead Triceps Extension (Cable)",,"",0,"normal",10,8,,,
"arms/shoulders","Nov 27, 2025, 6:24 PM","Nov 27, 2025, 7:14 PM","","Bicep Curl (Barbell)",,"",0,"normal",20,20,,,
"arms/shoulders","Nov 27, 2025, 6:24 PM","Nov 27, 2025, 7:14 PM","","Bicep Curl (Dumbbell)",,"",0,"warmup",15,16,,,
"arms/shoulders","Nov 27, 2025, 6:24 PM","Nov 27, 2025, 7:14 PM","","Bicep Curl (Dumbbell)",,"",1,"normal",20,18,,,
"arms/shoulders","Nov 27, 2025, 6:24 PM","Nov 27, 2025, 7:14 PM","","Bicep Curl (Dumbbell)",,"",2,"normal",25,12,,,
"arms/shoulders","Nov 27, 2025, 6:24 PM","Nov 27, 2025, 7:14 PM","","Plank",,"",0,"normal",,,,165,
"arms/shoulders","Nov 27, 2025, 6:24 PM","Nov 27, 2025, 7:14 PM","","Push Up",,"",0,"normal",,25,,,
"legs","Nov 26, 2025, 6:25 PM","Nov 26, 2025, 7:42 PM","","Leg Extension (Machine)",,"",0,"warmup",22.5,15,,,
"legs","Nov 26, 2025, 6:25 PM","Nov 26, 2025, 7:42 PM","","Leg Extension (Machine)",,"",1,"normal",45,15,,,
"legs","Nov 26, 2025, 6:25 PM","Nov 26, 2025, 7:42 PM","","Seated Calf Raise",,"",0,"normal",30,16,,,
"legs","Nov 26, 2025, 6:25 PM","Nov 26, 2025, 7:42 PM","","Seated Calf Raise",,"",1,"normal",35,13,,,
"legs","Nov 26, 2025, 6:25 PM","Nov 26, 2025, 7:42 PM","","Seated Calf Raise",,"",2,"normal",35,12,,,
"legs","Nov 26, 2025, 6:25 PM","Nov 26, 2025, 7:42 PM","","Lying Leg Curl (Machine)",,"",0,"normal",41,17,,,
"legs","Nov 26, 2025, 6:25 PM","Nov 26, 2025, 7:42 PM","","Lying Leg Curl (Machine)",,"",1,"normal",45,13,,,
"legs","Nov 26, 2025, 6:25 PM","Nov 26, 2025, 7:42 PM","","Goblet Squat",,"",0,"normal",17.5,17,,,
"legs","Nov 26, 2025, 6:25 PM","Nov 26, 2025, 7:42 PM","","Goblet Squat",,"",1,"normal",20,15,,,
"legs","Nov 26, 2025, 6:25 PM","Nov 26, 2025, 7:42 PM","","Dead Hang",,"",0,"normal",,,,31,
"legs","Nov 26, 2025, 6:25 PM","Nov 26, 2025, 7:42 PM","","Cycling",,"",0,"normal",,,,120,
"arms/shoulders","Nov 25, 2025, 6:57 PM","Nov 25, 2025, 7:37 PM","","Shoulder Press (Dumbbell)",,"",0,"normal",20,15,,,
"arms/shoulders","Nov 25, 2025, 6:57 PM","Nov 25, 2025, 7:37 PM","","Shoulder Press (Dumbbell)",,"",1,"normal",25,15,,,
"arms/shoulders","Nov 25, 2025, 6:57 PM","Nov 25, 2025, 7:37 PM","","Shoulder Press (Dumbbell)",,"",2,"normal",25,12,,,
"arms/shoulders","Nov 25, 2025, 6:57 PM","Nov 25, 2025, 7:37 PM","","Lateral Raise (Dumbbell)",,"",0,"normal",5,32,,,
"arms/shoulders","Nov 25, 2025, 6:57 PM","Nov 25, 2025, 7:37 PM","","Lateral Raise (Dumbbell)",,"",1,"normal",10,26,,,
"arms/shoulders","Nov 25, 2025, 6:57 PM","Nov 25, 2025, 7:37 PM","","Lateral Raise (Dumbbell)",,"",2,"normal",10,14,,,
"arms/shoulders","Nov 25, 2025, 6:57 PM","Nov 25, 2025, 7:37 PM","","Shrug (Dumbbell)",,"",0,"normal",30,15,,,
"arms/shoulders","Nov 25, 2025, 6:57 PM","Nov 25, 2025, 7:37 PM","","Shrug (Dumbbell)",,"",1,"normal",35,12,,,
"chest triceps","Nov 23, 2025, 6:29 PM","Nov 23, 2025, 7:24 PM","","Bench Press (Barbell)",,"",0,"normal",40,13,,,
"chest triceps","Nov 23, 2025, 6:29 PM","Nov 23, 2025, 7:24 PM","","Bench Press (Barbell)",,"",1,"normal",45,8,,,
"chest triceps","Nov 23, 2025, 6:29 PM","Nov 23, 2025, 7:24 PM","","Incline Bench Press (Dumbbell)",,"",0,"normal",25,15,,,
"chest triceps","Nov 23, 2025, 6:29 PM","Nov 23, 2025, 7:24 PM","","Push Up",,"",0,"normal",,25,,,
"chest triceps","Nov 23, 2025, 6:29 PM","Nov 23, 2025, 7:24 PM","","Cable Fly Crossovers",,"",0,"normal",7.5,15,,,
"chest triceps","Nov 23, 2025, 6:29 PM","Nov 23, 2025, 7:24 PM","","Cable Fly Crossovers",,"",1,"normal",10,18,,,
"chest triceps","Nov 23, 2025, 6:29 PM","Nov 23, 2025, 7:24 PM","","Cable Fly Crossovers",,"",2,"normal",7.5,8,,,
"chest triceps","Nov 23, 2025, 6:29 PM","Nov 23, 2025, 7:24 PM","","Cable Fly Crossovers",,"",3,"dropset",5,8,,,
"chest triceps","Nov 23, 2025, 6:29 PM","Nov 23, 2025, 7:24 PM","","Plank",,"",0,"normal",,,,165,
"back bicep","Nov 22, 2025, 5:44 PM","Nov 22, 2025, 6:39 PM","","Pull Up",,"",0,"normal",,9,,,
"back bicep","Nov 22, 2025, 5:44 PM","Nov 22, 2025, 6:39 PM","","Pull Up",,"",1,"normal",,9,,,
"back bicep","Nov 22, 2025, 5:44 PM","Nov 22, 2025, 6:39 PM","","Seated Cable Row - V Grip (Cable)",,"",0,"normal",36,19,,,
"back bicep","Nov 22, 2025, 5:44 PM","Nov 22, 2025, 6:39 PM","","Seated Cable Row - V Grip (Cable)",,"",1,"normal",43,16,,,
"back bicep","Nov 22, 2025, 5:44 PM","Nov 22, 2025, 6:39 PM","","Seated Cable Row - V Grip (Cable)",,"",2,"normal",50,12,,,
"back bicep","Nov 22, 2025, 5:44 PM","Nov 22, 2025, 6:39 PM","","EZ Bar Biceps Curl",,"",0,"normal",20,13,,,
"back bicep","Nov 22, 2025, 5:44 PM","Nov 22, 2025, 6:39 PM","","Hammer Curl (Cable)",,"",0,"normal",25,15,,,
"back bicep","Nov 22, 2025, 5:44 PM","Nov 22, 2025, 6:39 PM","","Plank",,"",0,"normal",,,,165,
"back bicep","Nov 22, 2025, 5:44 PM","Nov 22, 2025, 6:39 PM","","Lat Pulldown (Machine)",,"",0,"warmup",49,15,,,
"back bicep","Nov 22, 2025, 5:44 PM","Nov 22, 2025, 6:39 PM","","Lat Pulldown (Machine)",,"",1,"normal",52.5,12,,,
"back bicep","Nov 21, 2025, 7:19 PM","Nov 21, 2025, 8:04 PM","","Pull Up",,"",0,"normal",,10,,,
"back bicep","Nov 21, 2025, 7:19 PM","Nov 21, 2025, 8:04 PM","","Pull Up",,"",1,"normal",,6,,,
"back bicep","Nov 21, 2025, 7:19 PM","Nov 21, 2025, 8:04 PM","","Pull Up",,"",2,"normal",,10,,,
"back bicep","Nov 21, 2025, 7:19 PM","Nov 21, 2025, 8:04 PM","","Preacher Curl (Barbell)",,"",0,"normal",20,16,,,
"back bicep","Nov 21, 2025, 7:19 PM","Nov 21, 2025, 8:04 PM","","Preacher Curl (Barbell)",,"",1,"normal",20,15,,,
"back bicep","Nov 21, 2025, 7:19 PM","Nov 21, 2025, 8:04 PM","","Reverse Curl (Barbell)",,"",0,"normal",20,11,,,
"back bicep","Nov 21, 2025, 7:19 PM","Nov 21, 2025, 8:04 PM","","Plank",,"",0,"normal",,,,160,
"back bicep","Nov 21, 2025, 7:19 PM","Nov 21, 2025, 8:04 PM","","Lat Pulldown (Machine)",,"",0,"normal",52.5,10,,,
"back bicep","Nov 21, 2025, 7:19 PM","Nov 21, 2025, 8:04 PM","","Iso-Lateral Row (Machine)",,"",0,"normal",52.5,18,,,
"back bicep","Nov 21, 2025, 7:19 PM","Nov 21, 2025, 8:04 PM","","Side Plank",,"",0,"normal",,,,50,
"legs","Nov 20, 2025, 6:44 PM","Nov 20, 2025, 7:44 PM","","Leg Extension (Machine)",,"",0,"warmup",19,15,,,
"legs","Nov 20, 2025, 6:44 PM","Nov 20, 2025, 7:44 PM","","Leg Extension (Machine)",,"",1,"normal",41,16,,,
"legs","Nov 20, 2025, 6:44 PM","Nov 20, 2025, 7:44 PM","","Seated Calf Raise",,"",0,"normal",30,16,,,
"legs","Nov 20, 2025, 6:44 PM","Nov 20, 2025, 7:44 PM","","Seated Calf Raise",,"",1,"normal",35,13,,,
"legs","Nov 20, 2025, 6:44 PM","Nov 20, 2025, 7:44 PM","","Lying Leg Curl (Machine)",,"",0,"normal",37.5,17,,,
"legs","Nov 20, 2025, 6:44 PM","Nov 20, 2025, 7:44 PM","","Lying Leg Curl (Machine)",,"",1,"normal",45,11,,,
"legs","Nov 20, 2025, 6:44 PM","Nov 20, 2025, 7:44 PM","","Goblet Squat",,"",0,"normal",17.5,15,,,
"legs","Nov 20, 2025, 6:44 PM","Nov 20, 2025, 7:44 PM","","Goblet Squat",,"",1,"normal",20,16,,,
"legs","Nov 20, 2025, 6:44 PM","Nov 20, 2025, 7:44 PM","","Dead Hang",,"",0,"normal",,,,40,
"legs","Nov 20, 2025, 6:44 PM","Nov 20, 2025, 7:44 PM","","Dead Hang",,"",1,"normal",,,,33,
"legs","Nov 20, 2025, 6:44 PM","Nov 20, 2025, 7:44 PM","","Cycling",,"",0,"normal",,,,120,
"arms/shoulders","Nov 18, 2025, 7:08 PM","Nov 18, 2025, 8:01 PM","","Bicep Curl (Barbell)",,"",0,"normal",20,18,,,
"arms/shoulders","Nov 18, 2025, 7:08 PM","Nov 18, 2025, 8:01 PM","","Bicep Curl (Dumbbell)",,"",0,"warmup",15,20,,,
"arms/shoulders","Nov 18, 2025, 7:08 PM","Nov 18, 2025, 8:01 PM","","Bicep Curl (Dumbbell)",,"",1,"normal",20,18,,,
"arms/shoulders","Nov 18, 2025, 7:08 PM","Nov 18, 2025, 8:01 PM","","Bicep Curl (Dumbbell)",,"",2,"normal",25,8,,,
"arms/shoulders","Nov 18, 2025, 7:08 PM","Nov 18, 2025, 8:01 PM","","Bicep Curl (Dumbbell)",,"",3,"dropset",20,10,,,
"arms/shoulders","Nov 18, 2025, 7:08 PM","Nov 18, 2025, 8:01 PM","","Triceps Extension (Dumbbell)",,"",0,"normal",12.5,18,,,
"arms/shoulders","Nov 18, 2025, 7:08 PM","Nov 18, 2025, 8:01 PM","","Triceps Extension (Dumbbell)",,"",1,"normal",15,16,,,
"arms/shoulders","Nov 18, 2025, 7:08 PM","Nov 18, 2025, 8:01 PM","","Reverse Curl (Barbell)",,"",0,"normal",20,12,,,
"arms/shoulders","Nov 18, 2025, 7:08 PM","Nov 18, 2025, 8:01 PM","","Single Arm Triceps Pushdown (Cable)",,"",0,"normal",7.5,15,,,
"arms/shoulders","Nov 18, 2025, 7:08 PM","Nov 18, 2025, 8:01 PM","","Plank",,"",0,"normal",,,,160,
"arms/shoulders","Nov 18, 2025, 7:08 PM","Nov 18, 2025, 8:01 PM","","Dead Hang",,"",0,"normal",,,,30,
"arms/shoulders","Nov 17, 2025, 7:26 PM","Nov 17, 2025, 7:57 PM","","Shoulder Press (Dumbbell)",,"",0,"warmup",15,15,,,
"arms/shoulders","Nov 17, 2025, 7:26 PM","Nov 17, 2025, 7:57 PM","","Shoulder Press (Dumbbell)",,"",1,"normal",20,15,,,
"arms/shoulders","Nov 17, 2025, 7:26 PM","Nov 17, 2025, 7:57 PM","","Lateral Raise (Dumbbell)",,"",0,"normal",5,26,,,
"arms/shoulders","Nov 17, 2025, 7:26 PM","Nov 17, 2025, 7:57 PM","","Lateral Raise (Dumbbell)",,"",1,"normal",10,20,,,
"arms/shoulders","Nov 17, 2025, 7:26 PM","Nov 17, 2025, 7:57 PM","","Lateral Raise (Dumbbell)",,"",2,"normal",10,18,,,
"arms/shoulders","Nov 17, 2025, 7:26 PM","Nov 17, 2025, 7:57 PM","","Lateral Raise (Dumbbell)",,"",3,"dropset",5,15,,,
"arms/shoulders","Nov 17, 2025, 7:26 PM","Nov 17, 2025, 7:57 PM","","Shrug (Dumbbell)",,"",0,"normal",30,15,,,
"arms/shoulders","Nov 17, 2025, 7:26 PM","Nov 17, 2025, 7:57 PM","","Shrug (Dumbbell)",,"",1,"normal",30,15,,,
"arms/shoulders","Nov 17, 2025, 7:26 PM","Nov 17, 2025, 7:57 PM","","Dead Hang",,"",0,"normal",,,,32,
"chest triceps","Nov 16, 2025, 7:07 PM","Nov 16, 2025, 8:04 PM","","Incline Bench Press (Dumbbell)",,"",0,"normal",10,18,,,
"chest triceps","Nov 16, 2025, 7:07 PM","Nov 16, 2025, 8:04 PM","","Incline Bench Press (Dumbbell)",,"",1,"normal",25,18,,,
"chest triceps","Nov 16, 2025, 7:07 PM","Nov 16, 2025, 8:04 PM","","Incline Bench Press (Dumbbell)",,"",2,"normal",30,15,,,
"chest triceps","Nov 16, 2025, 7:07 PM","Nov 16, 2025, 8:04 PM","","Triceps Rope Pushdown",,"",0,"normal",17.5,18,,,
"chest triceps","Nov 16, 2025, 7:07 PM","Nov 16, 2025, 8:04 PM","","Triceps Pushdown",,"",0,"normal",20,11,,,
"chest triceps","Nov 16, 2025, 7:07 PM","Nov 16, 2025, 8:04 PM","","Triceps Pushdown",,"",1,"dropset",17.5,5,,,
"chest triceps","Nov 16, 2025, 7:07 PM","Nov 16, 2025, 8:04 PM","","Push Up",,"",0,"normal",,25,,,
"chest triceps","Nov 16, 2025, 7:07 PM","Nov 16, 2025, 8:04 PM","","Cable Fly Crossovers",,"",0,"normal",7.5,20,,,
"chest triceps","Nov 16, 2025, 7:07 PM","Nov 16, 2025, 8:04 PM","","Cable Fly Crossovers",,"",1,"normal",10,17,,,
"chest triceps","Nov 16, 2025, 7:07 PM","Nov 16, 2025, 8:04 PM","","Plank",,"",0,"normal",,,,160,
"chest triceps","Nov 16, 2025, 7:07 PM","Nov 16, 2025, 8:04 PM","","Chest Fly (Machine)",,"",0,"normal",34,18,,,
"chest triceps","Nov 16, 2025, 7:07 PM","Nov 16, 2025, 8:04 PM","","Chest Fly (Machine)",,"",1,"normal",40,15,,,
"chest triceps","Nov 16, 2025, 7:07 PM","Nov 16, 2025, 8:04 PM","","Dead Hang",,"",0,"normal",,,,41,
"chest triceps","Nov 16, 2025, 7:07 PM","Nov 16, 2025, 8:04 PM","","Overhead Triceps Extension (Cable)",,"",0,"normal",10,6,,,
"chest triceps","Nov 16, 2025, 7:07 PM","Nov 16, 2025, 8:04 PM","","Overhead Triceps Extension (Cable)",,"",1,"normal",12.5,4,,,
"back bicep","Nov 15, 2025, 7:38 PM","Nov 15, 2025, 8:23 PM","","Pull Up",,"",0,"normal",,11,,,
"back bicep","Nov 15, 2025, 7:38 PM","Nov 15, 2025, 8:23 PM","","Pull Up",,"",1,"normal",,9,,,
"back bicep","Nov 15, 2025, 7:38 PM","Nov 15, 2025, 8:23 PM","","Pull Up",,"",2,"normal",,7,,,
"back bicep","Nov 15, 2025, 7:38 PM","Nov 15, 2025, 8:23 PM","","Back Extension (Weighted Hyperextension)",,"",0,"normal",5,15,,,
"back bicep","Nov 15, 2025, 7:38 PM","Nov 15, 2025, 8:23 PM","","Back Extension (Weighted Hyperextension)",,"",1,"normal",15,11,,,
"back bicep","Nov 15, 2025, 7:38 PM","Nov 15, 2025, 8:23 PM","","Bicep Curl (Barbell)",,"",0,"normal",20,15,,,
"back bicep","Nov 15, 2025, 7:38 PM","Nov 15, 2025, 8:23 PM","","Bicep Curl (Dumbbell)",,"",0,"warmup",15,16,,,
"back bicep","Nov 15, 2025, 7:38 PM","Nov 15, 2025, 8:23 PM","","Reverse Curl (Barbell)",,"",0,"normal",15,20,,,
"back bicep","Nov 15, 2025, 7:38 PM","Nov 15, 2025, 8:23 PM","","Plank",,"",0,"normal",,,,120,
"back bicep","Nov 15, 2025, 7:38 PM","Nov 15, 2025, 8:23 PM","","Lat Pulldown (Machine)",,"",0,"normal",52.5,6,,,
"back bicep","Nov 15, 2025, 7:38 PM","Nov 15, 2025, 8:23 PM","","Iso-Lateral Row (Machine)",,"",0,"normal",49,15,,,
"back bicep","Nov 15, 2025, 7:38 PM","Nov 15, 2025, 8:23 PM","","Iso-Lateral Row (Machine)",,"",1,"normal",52.5,18,,,
"legs","Nov 14, 2025, 5:35 PM","Nov 14, 2025, 6:37 PM","","Leg Extension (Machine)",,"",0,"warmup",21,15,,,
"legs","Nov 14, 2025, 5:35 PM","Nov 14, 2025, 6:37 PM","","Leg Extension (Machine)",,"",1,"normal",41,17,,,
"legs","Nov 14, 2025, 5:35 PM","Nov 14, 2025, 6:37 PM","","Leg Extension (Machine)",,"",2,"normal",45,15,,,
"legs","Nov 14, 2025, 5:35 PM","Nov 14, 2025, 6:37 PM","","Seated Calf Raise",,"",0,"normal",30,16,,,
"legs","Nov 14, 2025, 5:35 PM","Nov 14, 2025, 6:37 PM","","Seated Calf Raise",,"",1,"normal",35,14,,,
"legs","Nov 14, 2025, 5:35 PM","Nov 14, 2025, 6:37 PM","","Lying Leg Curl (Machine)",,"",0,"normal",37.5,17,,,
"legs","Nov 14, 2025, 5:35 PM","Nov 14, 2025, 6:37 PM","","Plank",,"",0,"normal",,,,160,
"legs","Nov 14, 2025, 5:35 PM","Nov 14, 2025, 6:37 PM","","Side Plank",,"",0,"normal",,,,50,
"legs","Nov 14, 2025, 5:35 PM","Nov 14, 2025, 6:37 PM","","Goblet Squat",,"",0,"normal",17.5,15,,,
"legs","Nov 14, 2025, 5:35 PM","Nov 14, 2025, 6:37 PM","","Dead Hang",,"",0,"normal",,,,32,
"legs","Nov 14, 2025, 5:35 PM","Nov 14, 2025, 6:37 PM","","Dead Hang",,"",1,"normal",,,,33,
"legs","Nov 14, 2025, 5:35 PM","Nov 14, 2025, 6:37 PM","","Dead Hang",,"",2,"normal",,,,25,
"legs","Nov 14, 2025, 5:35 PM","Nov 14, 2025, 6:37 PM","","Cycling",,"",0,"normal",,,,240,
"arms/shoulders","Nov 12, 2025, 6:24 PM","Nov 12, 2025, 7:41 PM","","Bicep Curl (Barbell)",,"",0,"normal",20,15,,,
"arms/shoulders","Nov 12, 2025, 6:24 PM","Nov 12, 2025, 7:41 PM","","Bicep Curl (Barbell)",,"",1,"normal",15,20,,,
"arms/shoulders","Nov 12, 2025, 6:24 PM","Nov 12, 2025, 7:41 PM","","Bicep Curl (Dumbbell)",,"",0,"warmup",15,20,,,
"arms/shoulders","Nov 12, 2025, 6:24 PM","Nov 12, 2025, 7:41 PM","","Bicep Curl (Dumbbell)",,"",1,"normal",20,16,,,
"arms/shoulders","Nov 12, 2025, 6:24 PM","Nov 12, 2025, 7:41 PM","","Bicep Curl (Dumbbell)",,"",2,"normal",25,10,,,
"arms/shoulders","Nov 12, 2025, 6:24 PM","Nov 12, 2025, 7:41 PM","","Triceps Rope Pushdown",,"",0,"normal",17.5,17,,,
"arms/shoulders","Nov 12, 2025, 6:24 PM","Nov 12, 2025, 7:41 PM","","Triceps Rope Pushdown",,"",1,"normal",17.5,17,,,
"arms/shoulders","Nov 12, 2025, 6:24 PM","Nov 12, 2025, 7:41 PM","","Triceps Rope Pushdown",,"",2,"normal",20,12,,,
"arms/shoulders","Nov 12, 2025, 6:24 PM","Nov 12, 2025, 7:41 PM","","Triceps Extension (Dumbbell)",,"",0,"normal",12.5,16,,,
"arms/shoulders","Nov 12, 2025, 6:24 PM","Nov 12, 2025, 7:41 PM","","Triceps Extension (Dumbbell)",,"",1,"normal",12.5,18,,,
"arms/shoulders","Nov 12, 2025, 6:24 PM","Nov 12, 2025, 7:41 PM","","Skullcrusher (Dumbbell)",,"",0,"normal",10,18,,,
"arms/shoulders","Nov 12, 2025, 6:24 PM","Nov 12, 2025, 7:41 PM","","Skullcrusher (Dumbbell)",,"",1,"normal",10,18,,,
"arms/shoulders","Nov 12, 2025, 6:24 PM","Nov 12, 2025, 7:41 PM","","Single Arm Triceps Pushdown (Cable)",,"",0,"normal",7.5,15,,,
"arms/shoulders","Nov 12, 2025, 6:24 PM","Nov 12, 2025, 7:41 PM","","Single Arm Triceps Pushdown (Cable)",,"",1,"normal",7.5,15,,,
"arms/shoulders","Nov 12, 2025, 6:24 PM","Nov 12, 2025, 7:41 PM","","Single Arm Triceps Pushdown (Cable)",,"",2,"normal",7.5,15,,,
"arms/shoulders","Nov 12, 2025, 6:24 PM","Nov 12, 2025, 7:41 PM","","Dead Hang",,"",0,"normal",,,,36,
"arms/shoulders","Nov 12, 2025, 6:24 PM","Nov 12, 2025, 7:41 PM","","Dead Hang",,"",1,"normal",,,,34,
"arms/shoulders","Nov 12, 2025, 6:24 PM","Nov 12, 2025, 7:41 PM","","Hammer Curl (Dumbbell)",,"",0,"normal",25,16,,,
"arms/shoulders","Nov 12, 2025, 6:24 PM","Nov 12, 2025, 7:41 PM","","Hammer Curl (Dumbbell)",,"",1,"normal",25,16,,,
"arms/shoulders","Nov 12, 2025, 6:24 PM","Nov 12, 2025, 7:41 PM","","Cycling",,"",0,"normal",,,,120,
"arms/shoulders","Nov 11, 2025, 6:03 PM","Nov 11, 2025, 7:11 PM","","Shoulder Press (Dumbbell)",,"",0,"warmup",15,20,,,
"arms/shoulders","Nov 11, 2025, 6:03 PM","Nov 11, 2025, 7:11 PM","","Shoulder Press (Dumbbell)",,"",1,"normal",20,17,,,
"arms/shoulders","Nov 11, 2025, 6:03 PM","Nov 11, 2025, 7:11 PM","","Shoulder Press (Dumbbell)",,"",2,"normal",25,12,,,
"arms/shoulders","Nov 11, 2025, 6:03 PM","Nov 11, 2025, 7:11 PM","","Face Pull",,"",0,"normal",20,17,,,
"arms/shoulders","Nov 11, 2025, 6:03 PM","Nov 11, 2025, 7:11 PM","","Face Pull",,"",1,"normal",22.5,15,,,
"arms/shoulders","Nov 11, 2025, 6:03 PM","Nov 11, 2025, 7:11 PM","","Lateral Raise (Dumbbell)",,"",0,"normal",5,32,,,
"arms/shoulders","Nov 11, 2025, 6:03 PM","Nov 11, 2025, 7:11 PM","","Lateral Raise (Dumbbell)",,"",1,"normal",10,20,,,
"arms/shoulders","Nov 11, 2025, 6:03 PM","Nov 11, 2025, 7:11 PM","","Lateral Raise (Dumbbell)",,"",2,"normal",10,12,,,
"arms/shoulders","Nov 11, 2025, 6:03 PM","Nov 11, 2025, 7:11 PM","","Shrug (Dumbbell)",,"",0,"normal",30,15,,,
"arms/shoulders","Nov 11, 2025, 6:03 PM","Nov 11, 2025, 7:11 PM","","Shrug (Dumbbell)",,"",1,"normal",30,15,,,
"arms/shoulders","Nov 11, 2025, 6:03 PM","Nov 11, 2025, 7:11 PM","","Dead Hang",,"",0,"normal",,,,30,
"arms/shoulders","Nov 11, 2025, 6:03 PM","Nov 11, 2025, 7:11 PM","","Dead Hang",,"",1,"normal",,,,30,
"arms/shoulders","Nov 11, 2025, 6:03 PM","Nov 11, 2025, 7:11 PM","","suitcase carry",,"",0,"normal",20,,,35,
"arms/shoulders","Nov 11, 2025, 6:03 PM","Nov 11, 2025, 7:11 PM","","suitcase carry",,"",1,"normal",20,,,35,
"arms/shoulders","Nov 11, 2025, 6:03 PM","Nov 11, 2025, 7:11 PM","","Cycling",,"",0,"normal",,,,180,
"chest triceps","Nov 9, 2025, 6:34 PM","Nov 9, 2025, 7:33 PM","","Incline Bench Press (Dumbbell)",,"",0,"normal",25,17,,,
"chest triceps","Nov 9, 2025, 6:34 PM","Nov 9, 2025, 7:33 PM","","Incline Bench Press (Dumbbell)",,"",1,"normal",30,12,,,
"chest triceps","Nov 9, 2025, 6:34 PM","Nov 9, 2025, 7:33 PM","","Triceps Rope Pushdown",,"",0,"normal",17.5,17,,,
"chest triceps","Nov 9, 2025, 6:34 PM","Nov 9, 2025, 7:33 PM","","Triceps Rope Pushdown",,"",1,"normal",17.5,17,,,
"chest triceps","Nov 9, 2025, 6:34 PM","Nov 9, 2025, 7:33 PM","","Triceps Rope Pushdown",,"",2,"normal",20,12,,,
"chest triceps","Nov 9, 2025, 6:34 PM","Nov 9, 2025, 7:33 PM","","Push Up",,"",0,"normal",,25,,,
"chest triceps","Nov 9, 2025, 6:34 PM","Nov 9, 2025, 7:33 PM","","Push Up",,"",1,"normal",,25,,,
"chest triceps","Nov 9, 2025, 6:34 PM","Nov 9, 2025, 7:33 PM","","Single Arm Triceps Pushdown (Cable)",,"",0,"normal",7.5,15,,,
"chest triceps","Nov 9, 2025, 6:34 PM","Nov 9, 2025, 7:33 PM","","Single Arm Triceps Pushdown (Cable)",,"",1,"dropset",7.5,15,,,
"chest triceps","Nov 9, 2025, 6:34 PM","Nov 9, 2025, 7:33 PM","","Single Arm Triceps Pushdown (Cable)",,"",2,"normal",7.5,15,,,
"chest triceps","Nov 9, 2025, 6:34 PM","Nov 9, 2025, 7:33 PM","","Plank",,"",0,"normal",,,,160,
"chest triceps","Nov 9, 2025, 6:34 PM","Nov 9, 2025, 7:33 PM","","Bench Press (Dumbbell)",,"",0,"warmup",30,8,,,
"chest triceps","Nov 9, 2025, 6:34 PM","Nov 9, 2025, 7:33 PM","","Bench Press (Dumbbell)",,"",1,"normal",30,8,,,
"chest triceps","Nov 9, 2025, 6:34 PM","Nov 9, 2025, 7:33 PM","","Bench Press (Dumbbell)",,"",2,"normal",25,12,,,
"chest triceps","Nov 9, 2025, 6:34 PM","Nov 9, 2025, 7:33 PM","","Triceps Extension (Dumbbell)",,"",0,"normal",12.5,20,,,
"chest triceps","Nov 9, 2025, 6:34 PM","Nov 9, 2025, 7:33 PM","","Triceps Extension (Dumbbell)",,"",1,"normal",15,15,,,
"chest triceps","Nov 9, 2025, 6:34 PM","Nov 9, 2025, 7:33 PM","","Dead Hang",,"",0,"normal",,,,35,
"chest triceps","Nov 9, 2025, 6:34 PM","Nov 9, 2025, 7:33 PM","","Dead Hang",,"",1,"normal",,,,20,
"chest triceps","Nov 9, 2025, 6:34 PM","Nov 9, 2025, 7:33 PM","","Overhead Triceps Extension (Cable)",,"",0,"normal",10,15,,,
"chest triceps","Nov 9, 2025, 6:34 PM","Nov 9, 2025, 7:33 PM","","Overhead Triceps Extension (Cable)",,"",1,"normal",12.5,15,,,
"back bicep","Nov 8, 2025, 6:00 PM","Nov 8, 2025, 7:11 PM","","Pull Up",,"",0,"normal",,12,,,
"back bicep","Nov 8, 2025, 6:00 PM","Nov 8, 2025, 7:11 PM","","Pull Up",,"",1,"normal",,7,,,
"back bicep","Nov 8, 2025, 6:00 PM","Nov 8, 2025, 7:11 PM","","Pull Up",,"",2,"normal",,7,,,
"back bicep","Nov 8, 2025, 6:00 PM","Nov 8, 2025, 7:11 PM","","Back Extension (Weighted Hyperextension)",,"",0,"normal",,15,,,
"back bicep","Nov 8, 2025, 6:00 PM","Nov 8, 2025, 7:11 PM","","Back Extension (Weighted Hyperextension)",,"",1,"normal",10,15,,,
"back bicep","Nov 8, 2025, 6:00 PM","Nov 8, 2025, 7:11 PM","","Bicep Curl (Barbell)",,"",0,"normal",20,18,,,
"back bicep","Nov 8, 2025, 6:00 PM","Nov 8, 2025, 7:11 PM","","Bicep Curl (Dumbbell)",,"",0,"warmup",15,16,,,
"back bicep","Nov 8, 2025, 6:00 PM","Nov 8, 2025, 7:11 PM","","Bicep Curl (Dumbbell)",,"",1,"normal",25,13,,,
"back bicep","Nov 8, 2025, 6:00 PM","Nov 8, 2025, 7:11 PM","","Hammer Curl (Cable)",,"",0,"normal",25,10,,,
"back bicep","Nov 8, 2025, 6:00 PM","Nov 8, 2025, 7:11 PM","","Hammer Curl (Cable)",,"",1,"normal",20,8,,,
"back bicep","Nov 8, 2025, 6:00 PM","Nov 8, 2025, 7:11 PM","","Plank",,"",0,"normal",,,,160,
"back bicep","Nov 8, 2025, 6:00 PM","Nov 8, 2025, 7:11 PM","","Lat Pulldown (Machine)",,"",0,"normal",45,16,,,
"back bicep","Nov 8, 2025, 6:00 PM","Nov 8, 2025, 7:11 PM","","Lat Pulldown (Machine)",,"",1,"normal",49,10,,,
"back bicep","Nov 8, 2025, 6:00 PM","Nov 8, 2025, 7:11 PM","","Iso-Lateral Row (Machine)",,"",0,"normal",49,19,,,
"back bicep","Nov 8, 2025, 6:00 PM","Nov 8, 2025, 7:11 PM","","Iso-Lateral Row (Machine)",,"",1,"normal",52.5,19,,,
"back bicep","Nov 8, 2025, 6:00 PM","Nov 8, 2025, 7:11 PM","","Iso-Lateral Row (Machine)",,"",2,"normal",45,15,,,
"back bicep","Nov 8, 2025, 6:00 PM","Nov 8, 2025, 7:11 PM","","Side Plank",,"",0,"normal",,,,50,
"legs","Nov 5, 2025, 5:05 PM","Nov 5, 2025, 6:07 PM","","Leg Extension (Machine)",,"",0,"warmup",15,15,,,
"legs","Nov 5, 2025, 5:05 PM","Nov 5, 2025, 6:07 PM","","Leg Extension (Machine)",,"",1,"normal",37.5,15,,,
"legs","Nov 5, 2025, 5:05 PM","Nov 5, 2025, 6:07 PM","","Leg Extension (Machine)",,"",2,"normal",41,14,,,
"legs","Nov 5, 2025, 5:05 PM","Nov 5, 2025, 6:07 PM","","Seated Calf Raise",,"",0,"normal",30,16,,,
"legs","Nov 5, 2025, 5:05 PM","Nov 5, 2025, 6:07 PM","","Seated Calf Raise",,"",1,"normal",30,16,,,
"legs","Nov 5, 2025, 5:05 PM","Nov 5, 2025, 6:07 PM","","Lying Leg Curl (Machine)",,"",0,"normal",37.5,17,,,
"legs","Nov 5, 2025, 5:05 PM","Nov 5, 2025, 6:07 PM","","Plank",,"",0,"normal",,,,155,
"legs","Nov 5, 2025, 5:05 PM","Nov 5, 2025, 6:07 PM","","Side Plank",,"",0,"normal",,,,50,
"legs","Nov 5, 2025, 5:05 PM","Nov 5, 2025, 6:07 PM","","Goblet Squat",,"",0,"normal",15,15,,,
"legs","Nov 5, 2025, 5:05 PM","Nov 5, 2025, 6:07 PM","","Goblet Squat",,"",1,"normal",20,15,,,
"legs","Nov 5, 2025, 5:05 PM","Nov 5, 2025, 6:07 PM","","Dead Hang",,"",0,"normal",,,,31,
"legs","Nov 5, 2025, 5:05 PM","Nov 5, 2025, 6:07 PM","","Cycling",,"",0,"normal",,,,240,
"arms/shoulders","Nov 4, 2025, 6:28 PM","Nov 4, 2025, 7:19 PM","","Bicep Curl (Barbell)",,"",0,"normal",20,13,,,
"arms/shoulders","Nov 4, 2025, 6:28 PM","Nov 4, 2025, 7:19 PM","","Bicep Curl (Barbell)",,"",1,"normal",20,13,,,
"arms/shoulders","Nov 4, 2025, 6:28 PM","Nov 4, 2025, 7:19 PM","","Bicep Curl (Dumbbell)",,"",0,"warmup",15,16,,,
"arms/shoulders","Nov 4, 2025, 6:28 PM","Nov 4, 2025, 7:19 PM","","Bicep Curl (Dumbbell)",,"",1,"normal",20,15,,,
"arms/shoulders","Nov 4, 2025, 6:28 PM","Nov 4, 2025, 7:19 PM","","Bicep Curl (Dumbbell)",,"",2,"normal",25,6,,,
"arms/shoulders","Nov 4, 2025, 6:28 PM","Nov 4, 2025, 7:19 PM","","Triceps Rope Pushdown",,"",0,"normal",15,16,,,
"arms/shoulders","Nov 4, 2025, 6:28 PM","Nov 4, 2025, 7:19 PM","","Triceps Rope Pushdown",,"",1,"normal",17.5,15,,,
"arms/shoulders","Nov 4, 2025, 6:28 PM","Nov 4, 2025, 7:19 PM","","Triceps Extension (Dumbbell)",,"",0,"normal",10,16,,,
"arms/shoulders","Nov 4, 2025, 6:28 PM","Nov 4, 2025, 7:19 PM","","Triceps Extension (Dumbbell)",,"",1,"normal",12.5,16,,,
"arms/shoulders","Nov 4, 2025, 6:28 PM","Nov 4, 2025, 7:19 PM","","Plank",,"",0,"normal",,,,155,
"arms/shoulders","Nov 4, 2025, 6:28 PM","Nov 4, 2025, 7:19 PM","","Push Up",,"",0,"normal",,10,,,
"arms/shoulders","Nov 4, 2025, 6:28 PM","Nov 4, 2025, 7:19 PM","","Hammer Curl (Dumbbell)",,"",0,"normal",20,15,,,
"chest triceps","Nov 2, 2025, 6:23 PM","Nov 2, 2025, 7:15 PM","","Incline Bench Press (Dumbbell)",,"",0,"normal",25,15,,,
"chest triceps","Nov 2, 2025, 6:23 PM","Nov 2, 2025, 7:15 PM","","Triceps Rope Pushdown",,"",0,"normal",15,20,,,
"chest triceps","Nov 2, 2025, 6:23 PM","Nov 2, 2025, 7:15 PM","","Triceps Rope Pushdown",,"",1,"normal",15,15,,,
"chest triceps","Nov 2, 2025, 6:23 PM","Nov 2, 2025, 7:15 PM","","Push Up",,"",0,"normal",,15,,,
"chest triceps","Nov 2, 2025, 6:23 PM","Nov 2, 2025, 7:15 PM","","Cable Fly Crossovers",,"",0,"normal",7.5,15,,,
"chest triceps","Nov 2, 2025, 6:23 PM","Nov 2, 2025, 7:15 PM","","Plank",,"",0,"normal",,,,150,
"chest triceps","Nov 2, 2025, 6:23 PM","Nov 2, 2025, 7:15 PM","","Chest Fly (Machine)",,"",0,"warmup",30,12,,,
"chest triceps","Nov 2, 2025, 6:23 PM","Nov 2, 2025, 7:15 PM","","Chest Fly (Machine)",,"",1,"normal",34,16,,,
"chest triceps","Nov 2, 2025, 6:23 PM","Nov 2, 2025, 7:15 PM","","Bench Press (Dumbbell)",,"",0,"warmup",20,23,,,
"chest triceps","Nov 2, 2025, 6:23 PM","Nov 2, 2025, 7:15 PM","","Bench Press (Dumbbell)",,"",1,"normal",20,23,,,
"chest triceps","Nov 2, 2025, 6:23 PM","Nov 2, 2025, 7:15 PM","","Bench Press (Dumbbell)",,"",2,"normal",25,20,,,
"chest triceps","Nov 2, 2025, 6:23 PM","Nov 2, 2025, 7:15 PM","","Triceps Extension (Dumbbell)",,"",0,"normal",10,16,,,
"chest triceps","Nov 2, 2025, 6:23 PM","Nov 2, 2025, 7:15 PM","","Dead Hang",,"",0,"normal",,,,28,
"chest triceps","Nov 2, 2025, 6:23 PM","Nov 2, 2025, 7:15 PM","","Cycling",,"",0,"normal",,,,240,
"core","Oct 26, 2025, 1:18 PM","Oct 26, 2025, 2:02 PM","","Plank",,"",0,"normal",,,,155,
"core","Oct 26, 2025, 1:18 PM","Oct 26, 2025, 2:02 PM","","Plank",,"",1,"normal",,,,150,
"core","Oct 26, 2025, 1:18 PM","Oct 26, 2025, 2:02 PM","","Side Plank",,"",0,"normal",,,,50,
"core","Oct 26, 2025, 1:18 PM","Oct 26, 2025, 2:02 PM","","Side Plank",,"",1,"normal",,,,50,
"core","Oct 26, 2025, 1:18 PM","Oct 26, 2025, 2:02 PM","","Mountain Climber",,"",0,"normal",,60,,,
"core","Oct 26, 2025, 1:18 PM","Oct 26, 2025, 2:02 PM","","Mountain Climber",,"",1,"normal",,60,,,
"core","Oct 26, 2025, 1:18 PM","Oct 26, 2025, 2:02 PM","","Russian Twist (Weighted)",,"",0,"normal",5,16,,,
"core","Oct 26, 2025, 1:18 PM","Oct 26, 2025, 2:02 PM","","Russian Twist (Weighted)",,"",1,"normal",5,16,,,
"core","Oct 26, 2025, 1:18 PM","Oct 26, 2025, 2:02 PM","","Dead Bug",,"",0,"normal",,21,,,
"core","Oct 26, 2025, 1:18 PM","Oct 26, 2025, 2:02 PM","","Dead Bug",,"",1,"normal",,19,,,
"core","Oct 26, 2025, 1:18 PM","Oct 26, 2025, 2:02 PM","","Heel Taps",,"",0,"normal",,15,,,
"core","Oct 26, 2025, 1:18 PM","Oct 26, 2025, 2:02 PM","","Ab Scissors",,"",0,"normal",,50,,,
"back bicep","Oct 21, 2025, 6:42 PM","Oct 21, 2025, 7:26 PM","","Pull Up",,"",0,"normal",,10,,,
"back bicep","Oct 21, 2025, 6:42 PM","Oct 21, 2025, 7:26 PM","","Pull Up",,"",1,"normal",,10,,,
"back bicep","Oct 21, 2025, 6:42 PM","Oct 21, 2025, 7:26 PM","","Pull Up",,"",2,"normal",,6,,,
"back bicep","Oct 21, 2025, 6:42 PM","Oct 21, 2025, 7:26 PM","","Seated Cable Row - V Grip (Cable)",,"",0,"normal",36,17,,,
"back bicep","Oct 21, 2025, 6:42 PM","Oct 21, 2025, 7:26 PM","","Seated Cable Row - V Grip (Cable)",,"",1,"normal",41,13,,,
"back bicep","Oct 21, 2025, 6:42 PM","Oct 21, 2025, 7:26 PM","","Seated Cable Row - V Grip (Cable)",,"",2,"normal",36,13,,,
"back bicep","Oct 21, 2025, 6:42 PM","Oct 21, 2025, 7:26 PM","","Bicep Curl (Barbell)",,"",0,"normal",20,18,,,
"back bicep","Oct 21, 2025, 6:42 PM","Oct 21, 2025, 7:26 PM","","Bicep Curl (Barbell)",,"",1,"normal",20,15,,,
"back bicep","Oct 21, 2025, 6:42 PM","Oct 21, 2025, 7:26 PM","","Reverse Curl (Barbell)",,"",0,"normal",20,12,,,
"back bicep","Oct 21, 2025, 6:42 PM","Oct 21, 2025, 7:26 PM","","Plank",,"",0,"normal",,,,150,
"back bicep","Oct 21, 2025, 6:42 PM","Oct 21, 2025, 7:26 PM","","Push Up",,"",0,"normal",,18,,,
"back bicep","Oct 21, 2025, 6:42 PM","Oct 21, 2025, 7:26 PM","","Side Plank",,"",0,"normal",,,,50,
"back bicep","Oct 21, 2025, 6:42 PM","Oct 21, 2025, 7:26 PM","","Dead Hang",,"",0,"normal",,,,25,
"back bicep","Oct 21, 2025, 6:42 PM","Oct 21, 2025, 7:26 PM","","Dead Hang",,"",1,"normal",,,,15,
"arms/shoulders","Oct 17, 2025, 4:48 PM","Oct 17, 2025, 5:14 PM","","Bicep Curl (Dumbbell)",,"",0,"warmup",15,20,,,
"arms/shoulders","Oct 17, 2025, 4:48 PM","Oct 17, 2025, 5:14 PM","","Reverse Curl (Barbell)",,"",0,"normal",15,25,,,
"arms/shoulders","Oct 17, 2025, 4:48 PM","Oct 17, 2025, 5:14 PM","","Shoulder Press (Dumbbell)",,"",0,"warmup",20,18,,,
"arms/shoulders","Oct 17, 2025, 4:48 PM","Oct 17, 2025, 5:14 PM","","Lateral Raise (Dumbbell)",,"",0,"normal",5,24,,,
"arms/shoulders","Oct 17, 2025, 4:48 PM","Oct 17, 2025, 5:14 PM","","Lateral Raise (Dumbbell)",,"",1,"normal",10,20,,,
"arms/shoulders","Oct 17, 2025, 4:48 PM","Oct 17, 2025, 5:14 PM","","Bicep Curl (Cable)",,"",0,"normal",13.6,17,,,
"arms/shoulders","Oct 17, 2025, 4:48 PM","Oct 17, 2025, 5:14 PM","","Bicep Curl (Cable)",,"",1,"normal",15.9,15,,,
"legs","Oct 16, 2025, 6:43 PM","Oct 16, 2025, 7:31 PM","","Leg Extension (Machine)",,"",0,"warmup",18,15,,,
"legs","Oct 16, 2025, 6:43 PM","Oct 16, 2025, 7:31 PM","","Leg Extension (Machine)",,"",1,"normal",32,17,,,
"legs","Oct 16, 2025, 6:43 PM","Oct 16, 2025, 7:31 PM","","Lying Leg Curl (Machine)",,"",0,"normal",36,17,,,
"legs","Oct 16, 2025, 6:43 PM","Oct 16, 2025, 7:31 PM","","Standing Calf Raise (Smith)",,"",0,"normal",40,16,,,
"legs","Oct 16, 2025, 6:43 PM","Oct 16, 2025, 7:31 PM","","Standing Calf Raise (Smith)",,"",1,"normal",45,15,,,
"legs","Oct 16, 2025, 6:43 PM","Oct 16, 2025, 7:31 PM","","Plank",,"",0,"normal",,,,150,
"legs","Oct 16, 2025, 6:43 PM","Oct 16, 2025, 7:31 PM","","Goblet Squat",,"",0,"normal",15,20,,,
"legs","Oct 16, 2025, 6:43 PM","Oct 16, 2025, 7:31 PM","","Goblet Squat",,"",1,"normal",20,17,,,
"legs","Oct 16, 2025, 6:43 PM","Oct 16, 2025, 7:31 PM","","Lunge (Dumbbell)",,"",0,"normal",10,10,,,
"legs","Oct 16, 2025, 6:43 PM","Oct 16, 2025, 7:31 PM","","Lunge (Dumbbell)",,"",1,"normal",15,10,,,
"arms/shoulders","Oct 15, 2025, 6:49 PM","Oct 15, 2025, 7:37 PM","","Bicep Curl (Barbell)",,"",0,"normal",20,18,,,
"arms/shoulders","Oct 15, 2025, 6:49 PM","Oct 15, 2025, 7:37 PM","","Bicep Curl (Dumbbell)",,"",0,"warmup",15,16,,,
"arms/shoulders","Oct 15, 2025, 6:49 PM","Oct 15, 2025, 7:37 PM","","Bicep Curl (Dumbbell)",,"",1,"normal",25,10,,,
"arms/shoulders","Oct 15, 2025, 6:49 PM","Oct 15, 2025, 7:37 PM","","Bicep Curl (Dumbbell)",,"",2,"dropset",20,5,,,
"arms/shoulders","Oct 15, 2025, 6:49 PM","Oct 15, 2025, 7:37 PM","","Triceps Rope Pushdown",,"",0,"normal",18.1,13,,,
"arms/shoulders","Oct 15, 2025, 6:49 PM","Oct 15, 2025, 7:37 PM","","Triceps Pushdown",,"",0,"normal",18.1,13,,,
"arms/shoulders","Oct 15, 2025, 6:49 PM","Oct 15, 2025, 7:37 PM","","Triceps Pushdown",,"",1,"dropset",18.1,13,,,
"arms/shoulders","Oct 15, 2025, 6:49 PM","Oct 15, 2025, 7:37 PM","","Triceps Pushdown",,"",2,"normal",18.1,17,,,
"arms/shoulders","Oct 15, 2025, 6:49 PM","Oct 15, 2025, 7:37 PM","","Overhead Triceps Extension (Cable)",,"",0,"normal",11.3,16,,,
"arms/shoulders","Oct 15, 2025, 6:49 PM","Oct 15, 2025, 7:37 PM","","Seated Incline Curl (Dumbbell)",,"",0,"normal",7.5,12,,,
"chest triceps","Oct 12, 2025, 5:38 PM","Oct 12, 2025, 6:45 PM","","Bench Press (Barbell)",,"",0,"normal",40,15,,,
"chest triceps","Oct 12, 2025, 5:38 PM","Oct 12, 2025, 6:45 PM","","Bench Press (Barbell)",,"",1,"normal",45,9,,,
"chest triceps","Oct 12, 2025, 5:38 PM","Oct 12, 2025, 6:45 PM","","Bench Press (Barbell)",,"",2,"normal",45,8,,,
"chest triceps","Oct 12, 2025, 5:38 PM","Oct 12, 2025, 6:45 PM","","Incline Bench Press (Dumbbell)",,"",0,"normal",25,19,,,
"chest triceps","Oct 12, 2025, 5:38 PM","Oct 12, 2025, 6:45 PM","","Incline Bench Press (Dumbbell)",,"",1,"normal",30,12,,,
"chest triceps","Oct 12, 2025, 5:38 PM","Oct 12, 2025, 6:45 PM","","Incline Bench Press (Dumbbell)",,"",2,"normal",30,10,,,
"chest triceps","Oct 12, 2025, 5:38 PM","Oct 12, 2025, 6:45 PM","","Triceps Rope Pushdown",,"",0,"normal",18.1,14,,,
"chest triceps","Oct 12, 2025, 5:38 PM","Oct 12, 2025, 6:45 PM","","Triceps Rope Pushdown",,"",1,"normal",16,14,,,
"chest triceps","Oct 12, 2025, 5:38 PM","Oct 12, 2025, 6:45 PM","","Push Up",,"",0,"normal",,25,,,
"chest triceps","Oct 12, 2025, 5:38 PM","Oct 12, 2025, 6:45 PM","","Push Up",,"",1,"normal",,25,,,
"chest triceps","Oct 12, 2025, 5:38 PM","Oct 12, 2025, 6:45 PM","","Cable Fly Crossovers",,"",0,"normal",9,20,,,
"chest triceps","Oct 12, 2025, 5:38 PM","Oct 12, 2025, 6:45 PM","","Cable Fly Crossovers",,"",1,"normal",9,15,,,
"chest triceps","Oct 12, 2025, 5:38 PM","Oct 12, 2025, 6:45 PM","","Cable Fly Crossovers",,"",2,"normal",6,15,,,
"chest triceps","Oct 12, 2025, 5:38 PM","Oct 12, 2025, 6:45 PM","","Plank",,"",0,"normal",,,,150,
"chest triceps","Oct 12, 2025, 5:38 PM","Oct 12, 2025, 6:45 PM","","Dead Hang",,"",0,"normal",,,,40,
"chest triceps","Oct 12, 2025, 5:38 PM","Oct 12, 2025, 6:45 PM","","Dead Hang",,"",1,"normal",,,,20,
"chest triceps","Oct 12, 2025, 5:38 PM","Oct 12, 2025, 6:45 PM","","Overhead Triceps Extension (Cable)",,"",0,"normal",9,15,,,
"chest triceps","Oct 12, 2025, 5:38 PM","Oct 12, 2025, 6:45 PM","","Overhead Triceps Extension (Cable)",,"",1,"normal",9,15,,,
"back bicep","Oct 11, 2025, 5:34 PM","Oct 11, 2025, 7:02 PM","","Pull Up",,"",0,"normal",,11,,,
"back bicep","Oct 11, 2025, 5:34 PM","Oct 11, 2025, 7:02 PM","","Pull Up",,"",1,"normal",,9,,,
"back bicep","Oct 11, 2025, 5:34 PM","Oct 11, 2025, 7:02 PM","","Back Extension (Weighted Hyperextension)",,"",0,"normal",10,15,,,
"back bicep","Oct 11, 2025, 5:34 PM","Oct 11, 2025, 7:02 PM","","Back Extension (Weighted Hyperextension)",,"",1,"normal",10,15,,,
"back bicep","Oct 11, 2025, 5:34 PM","Oct 11, 2025, 7:02 PM","","Bicep Curl (Dumbbell)",,"",0,"warmup",15,16,,,
"back bicep","Oct 11, 2025, 5:34 PM","Oct 11, 2025, 7:02 PM","","Bicep Curl (Dumbbell)",,"",1,"normal",25,10,,,
"back bicep","Oct 11, 2025, 5:34 PM","Oct 11, 2025, 7:02 PM","","Bicep Curl (Dumbbell)",,"",2,"dropset",20,6,,,
"back bicep","Oct 11, 2025, 5:34 PM","Oct 11, 2025, 7:02 PM","","Bicep Curl (Dumbbell)",,"",3,"normal",25,11,,,
"back bicep","Oct 11, 2025, 5:34 PM","Oct 11, 2025, 7:02 PM","","Bicep Curl (Dumbbell)",,"",4,"dropset",20,7,,,
"back bicep","Oct 11, 2025, 5:34 PM","Oct 11, 2025, 7:02 PM","","Lat Pulldown (Machine)",,"",0,"warmup",41,20,,,
"back bicep","Oct 11, 2025, 5:34 PM","Oct 11, 2025, 7:02 PM","","Lat Pulldown (Machine)",,"",1,"normal",45,15,,,
"back bicep","Oct 11, 2025, 5:34 PM","Oct 11, 2025, 7:02 PM","","Lat Pulldown (Machine)",,"",2,"normal",49,15,,,
"back bicep","Oct 11, 2025, 5:34 PM","Oct 11, 2025, 7:02 PM","","Iso-Lateral Row (Machine)",,"",0,"normal",45,15,,,
"back bicep","Oct 11, 2025, 5:34 PM","Oct 11, 2025, 7:02 PM","","Iso-Lateral Row (Machine)",,"",1,"normal",49,15,,,
"back bicep","Oct 11, 2025, 5:34 PM","Oct 11, 2025, 7:02 PM","","Iso-Lateral Row (Machine)",,"",2,"normal",52.5,15,,,
"back bicep","Oct 11, 2025, 5:34 PM","Oct 11, 2025, 7:02 PM","","Bicep Curl (Cable)",,"",0,"normal",15,15,,,
"back bicep","Oct 11, 2025, 5:34 PM","Oct 11, 2025, 7:02 PM","","Bicep Curl (Cable)",,"",1,"normal",15,20,,,
"back bicep","Oct 11, 2025, 5:34 PM","Oct 11, 2025, 7:02 PM","","Bicep Curl (Cable)",,"",2,"normal",15,16,,,
"arms/shoulders","Oct 10, 2025, 5:38 PM","Oct 10, 2025, 6:42 PM","","Shoulder Press (Dumbbell)",,"",0,"warmup",20,20,,,
"arms/shoulders","Oct 10, 2025, 5:38 PM","Oct 10, 2025, 6:42 PM","","Shoulder Press (Dumbbell)",,"",1,"normal",25,17,,,
"arms/shoulders","Oct 10, 2025, 5:38 PM","Oct 10, 2025, 6:42 PM","","Shoulder Press (Dumbbell)",,"",2,"normal",25,16,,,
"arms/shoulders","Oct 10, 2025, 5:38 PM","Oct 10, 2025, 6:42 PM","","Face Pull",,"",0,"normal",20.4,15,,,
"arms/shoulders","Oct 10, 2025, 5:38 PM","Oct 10, 2025, 6:42 PM","","Face Pull",,"",1,"normal",20.4,15,,,
"arms/shoulders","Oct 10, 2025, 5:38 PM","Oct 10, 2025, 6:42 PM","","Face Pull",,"",2,"normal",20.4,15,,,
"arms/shoulders","Oct 10, 2025, 5:38 PM","Oct 10, 2025, 6:42 PM","","Lateral Raise (Dumbbell)",,"",0,"normal",10,20,,,
"arms/shoulders","Oct 10, 2025, 5:38 PM","Oct 10, 2025, 6:42 PM","","Lateral Raise (Dumbbell)",,"",1,"dropset",5,10,,,
"arms/shoulders","Oct 10, 2025, 5:38 PM","Oct 10, 2025, 6:42 PM","","Lateral Raise (Dumbbell)",,"",2,"normal",10,24,,,
"arms/shoulders","Oct 10, 2025, 5:38 PM","Oct 10, 2025, 6:42 PM","","Lateral Raise (Dumbbell)",,"",3,"dropset",5,9,,,
"arms/shoulders","Oct 10, 2025, 5:38 PM","Oct 10, 2025, 6:42 PM","","Lateral Raise (Dumbbell)",,"",4,"normal",10,26,,,
"arms/shoulders","Oct 10, 2025, 5:38 PM","Oct 10, 2025, 6:42 PM","","Lateral Raise (Dumbbell)",,"",5,"dropset",5,9,,,
"arms/shoulders","Oct 10, 2025, 5:38 PM","Oct 10, 2025, 6:42 PM","","Shrug (Dumbbell)",,"",0,"normal",30,15,,,
"arms/shoulders","Oct 10, 2025, 5:38 PM","Oct 10, 2025, 6:42 PM","","Shrug (Dumbbell)",,"",1,"normal",35,12,,,
"arms/shoulders","Oct 10, 2025, 5:38 PM","Oct 10, 2025, 6:42 PM","","Shrug (Dumbbell)",,"",2,"normal",35,9,,,
"arms/shoulders","Oct 10, 2025, 5:38 PM","Oct 10, 2025, 6:42 PM","","Rear Delt Reverse Fly (Machine)",,"",0,"normal",33,15,,,
"arms/shoulders","Oct 10, 2025, 5:38 PM","Oct 10, 2025, 6:42 PM","","Rear Delt Reverse Fly (Machine)",,"",1,"normal",26,19,,,
"arms/shoulders","Oct 10, 2025, 5:38 PM","Oct 10, 2025, 6:42 PM","","Plank",,"",0,"normal",,,,150,
"arms/shoulders","Oct 10, 2025, 5:38 PM","Oct 10, 2025, 6:42 PM","","Dead Hang",,"",0,"normal",,,,30,
"arms/shoulders","Oct 10, 2025, 5:38 PM","Oct 10, 2025, 6:42 PM","","Dead Hang",,"",1,"normal",,,,25,
"arms/shoulders","Oct 10, 2025, 5:38 PM","Oct 10, 2025, 6:42 PM","","Dead Hang",,"",2,"normal",,,,25,
"legs","Oct 9, 2025, 5:02 PM","Oct 9, 2025, 6:19 PM","","Leg Extension (Machine)",,"",0,"warmup",18,15,,,
"legs","Oct 9, 2025, 5:02 PM","Oct 9, 2025, 6:19 PM","","Leg Extension (Machine)",,"",1,"normal",37.5,17,,,
"legs","Oct 9, 2025, 5:02 PM","Oct 9, 2025, 6:19 PM","","Leg Extension (Machine)",,"",2,"normal",41,16,,,
"legs","Oct 9, 2025, 5:02 PM","Oct 9, 2025, 6:19 PM","","Seated Calf Raise",,"",0,"normal",30,16,,,
"legs","Oct 9, 2025, 5:02 PM","Oct 9, 2025, 6:19 PM","","Seated Calf Raise",,"",1,"normal",30,16,,,
"legs","Oct 9, 2025, 5:02 PM","Oct 9, 2025, 6:19 PM","","Seated Calf Raise",,"",2,"normal",35,12,,,
"legs","Oct 9, 2025, 5:02 PM","Oct 9, 2025, 6:19 PM","","Lying Leg Curl (Machine)",,"",0,"normal",41,17,,,
"legs","Oct 9, 2025, 5:02 PM","Oct 9, 2025, 6:19 PM","","Lying Leg Curl (Machine)",,"",1,"normal",45,12,,,
"legs","Oct 9, 2025, 5:02 PM","Oct 9, 2025, 6:19 PM","","Plank",,"",0,"normal",,,,150,
"legs","Oct 9, 2025, 5:02 PM","Oct 9, 2025, 6:19 PM","","Goblet Squat",,"",0,"normal",17.5,15,,,
"legs","Oct 9, 2025, 5:02 PM","Oct 9, 2025, 6:19 PM","","Goblet Squat",,"",1,"normal",20,15,,,
"legs","Oct 9, 2025, 5:02 PM","Oct 9, 2025, 6:19 PM","","Dead Hang",,"",0,"normal",,,,35,
"legs","Oct 9, 2025, 5:02 PM","Oct 9, 2025, 6:19 PM","","Dead Hang",,"",1,"normal",,,,35,
"arms/shoulders","Oct 7, 2025, 5:49 PM","Oct 7, 2025, 6:49 PM","","Bicep Curl (Barbell)",,"",0,"normal",20,16,,,
"arms/shoulders","Oct 7, 2025, 5:49 PM","Oct 7, 2025, 6:49 PM","","Bicep Curl (Barbell)",,"",1,"normal",15,18,,,
"arms/shoulders","Oct 7, 2025, 5:49 PM","Oct 7, 2025, 6:49 PM","","Bicep Curl (Barbell)",,"",2,"normal",15,20,,,
"arms/shoulders","Oct 7, 2025, 5:49 PM","Oct 7, 2025, 6:49 PM","","Triceps Rope Pushdown",,"",0,"normal",17.5,16,,,
"arms/shoulders","Oct 7, 2025, 5:49 PM","Oct 7, 2025, 6:49 PM","","Triceps Rope Pushdown",,"",1,"normal",17.5,14,,,
"arms/shoulders","Oct 7, 2025, 5:49 PM","Oct 7, 2025, 6:49 PM","","Triceps Rope Pushdown",,"",2,"normal",17.5,12,,,
"arms/shoulders","Oct 7, 2025, 5:49 PM","Oct 7, 2025, 6:49 PM","","Triceps Extension (Dumbbell)",,"",0,"normal",12.5,16,,,
"arms/shoulders","Oct 7, 2025, 5:49 PM","Oct 7, 2025, 6:49 PM","","Reverse Curl (Barbell)",,"",0,"normal",20,12,,,
"arms/shoulders","Oct 7, 2025, 5:49 PM","Oct 7, 2025, 6:49 PM","","Reverse Curl (Barbell)",,"",1,"normal",15,18,,,
"arms/shoulders","Oct 7, 2025, 5:49 PM","Oct 7, 2025, 6:49 PM","","Single Arm Triceps Pushdown (Cable)",,"",0,"normal",7.5,15,,,
"arms/shoulders","Oct 7, 2025, 5:49 PM","Oct 7, 2025, 6:49 PM","","Single Arm Triceps Pushdown (Cable)",,"",1,"normal",7.5,14,,,
"arms/shoulders","Oct 7, 2025, 5:49 PM","Oct 7, 2025, 6:49 PM","","Plank",,"",0,"normal",,,,150,
"arms/shoulders","Oct 7, 2025, 5:49 PM","Oct 7, 2025, 6:49 PM","","Triceps Pushdown",,"",0,"normal",20,15,,,
"arms/shoulders","Oct 7, 2025, 5:49 PM","Oct 7, 2025, 6:49 PM","","Dead Hang",,"",0,"normal",,,,46,
"arms/shoulders","Oct 7, 2025, 5:49 PM","Oct 7, 2025, 6:49 PM","","Dead Hang",,"",1,"normal",,,,25,
"arms/shoulders","Oct 7, 2025, 5:49 PM","Oct 7, 2025, 6:49 PM","","Hammer Curl (Dumbbell)",,"",0,"normal",25,15,,,
"arms/shoulders","Oct 7, 2025, 5:49 PM","Oct 7, 2025, 6:49 PM","","Hammer Curl (Dumbbell)",,"",1,"normal",25,14,,,
"arms/shoulders","Oct 7, 2025, 5:49 PM","Oct 7, 2025, 6:49 PM","","Overhead Triceps Extension (Cable)",,"",0,"normal",12.5,15,,,
"arms/shoulders","Oct 7, 2025, 5:49 PM","Oct 7, 2025, 6:49 PM","","Overhead Triceps Extension (Cable)",,"",1,"normal",12.5,14,,,
"chest triceps","Oct 5, 2025, 5:36 PM","Oct 5, 2025, 6:44 PM","","Incline Bench Press (Dumbbell)",,"",0,"normal",25,18,,,
"chest triceps","Oct 5, 2025, 5:36 PM","Oct 5, 2025, 6:44 PM","","Incline Bench Press (Dumbbell)",,"",1,"normal",30,13,,,
"chest triceps","Oct 5, 2025, 5:36 PM","Oct 5, 2025, 6:44 PM","","Incline Bench Press (Dumbbell)",,"",2,"normal",25,15,,,
"chest triceps","Oct 5, 2025, 5:36 PM","Oct 5, 2025, 6:44 PM","","Skullcrusher (Dumbbell)",,"",0,"normal",10,20,,,
"chest triceps","Oct 5, 2025, 5:36 PM","Oct 5, 2025, 6:44 PM","","Skullcrusher (Dumbbell)",,"",1,"normal",10,16,,,
"chest triceps","Oct 5, 2025, 5:36 PM","Oct 5, 2025, 6:44 PM","","Skullcrusher (Dumbbell)",,"",2,"normal",10,20,,,
"chest triceps","Oct 5, 2025, 5:36 PM","Oct 5, 2025, 6:44 PM","","Push Up",,"",0,"normal",,25,,,
"chest triceps","Oct 5, 2025, 5:36 PM","Oct 5, 2025, 6:44 PM","","Push Up",,"",1,"normal",,20,,,
"chest triceps","Oct 5, 2025, 5:36 PM","Oct 5, 2025, 6:44 PM","","Cable Fly Crossovers",,"",0,"normal",10,20,,,
"chest triceps","Oct 5, 2025, 5:36 PM","Oct 5, 2025, 6:44 PM","","Cable Fly Crossovers",,"",1,"normal",10,15,,,
"chest triceps","Oct 5, 2025, 5:36 PM","Oct 5, 2025, 6:44 PM","","Cable Fly Crossovers",,"",2,"normal",7.5,8,,,
"chest triceps","Oct 5, 2025, 5:36 PM","Oct 5, 2025, 6:44 PM","","Cable Fly Crossovers",,"",3,"dropset",5,8,,,
"chest triceps","Oct 5, 2025, 5:36 PM","Oct 5, 2025, 6:44 PM","","Cable Fly Crossovers",,"",4,"normal",7.5,8,,,
"chest triceps","Oct 5, 2025, 5:36 PM","Oct 5, 2025, 6:44 PM","","Cable Fly Crossovers",,"",5,"dropset",5,8,,,
"chest triceps","Oct 5, 2025, 5:36 PM","Oct 5, 2025, 6:44 PM","","Plank",,"",0,"normal",,,,145,
"chest triceps","Oct 5, 2025, 5:36 PM","Oct 5, 2025, 6:44 PM","","Dead Hang",,"",0,"normal",,,,50,
"chest triceps","Oct 5, 2025, 5:36 PM","Oct 5, 2025, 6:44 PM","","Dead Hang",,"",1,"normal",,,,30,
"chest triceps","Oct 5, 2025, 5:36 PM","Oct 5, 2025, 6:44 PM","","Decline Bench Press (Dumbbell)",,"",0,"normal",25,15,,,
"chest triceps","Oct 5, 2025, 5:36 PM","Oct 5, 2025, 6:44 PM","","Decline Bench Press (Dumbbell)",,"",1,"normal",25,14,,,
"back bicep","Oct 4, 2025, 5:19 PM","Oct 4, 2025, 6:27 PM","","Pull Up",,"",0,"normal",,11,,,
"back bicep","Oct 4, 2025, 5:19 PM","Oct 4, 2025, 6:27 PM","","Pull Up",,"",1,"normal",,9,,,
"back bicep","Oct 4, 2025, 5:19 PM","Oct 4, 2025, 6:27 PM","","Pull Up",,"",2,"normal",,6,,,
"back bicep","Oct 4, 2025, 5:19 PM","Oct 4, 2025, 6:27 PM","","Lat Pulldown (Cable)",,"",0,"normal",36,12,,,
"back bicep","Oct 4, 2025, 5:19 PM","Oct 4, 2025, 6:27 PM","","Lat Pulldown (Cable)",,"",1,"normal",43,10,,,
"back bicep","Oct 4, 2025, 5:19 PM","Oct 4, 2025, 6:27 PM","","Seated Cable Row - V Grip (Cable)",,"",0,"normal",36,16,,,
"back bicep","Oct 4, 2025, 5:19 PM","Oct 4, 2025, 6:27 PM","","Seated Cable Row - V Grip (Cable)",,"",1,"normal",43,15,,,
"back bicep","Oct 4, 2025, 5:19 PM","Oct 4, 2025, 6:27 PM","","Preacher Curl (Barbell)",,"",0,"normal",20,12,,,
"back bicep","Oct 4, 2025, 5:19 PM","Oct 4, 2025, 6:27 PM","","Preacher Curl (Barbell)",,"",1,"normal",15,20,,,
"back bicep","Oct 4, 2025, 5:19 PM","Oct 4, 2025, 6:27 PM","","Cross Body Hammer Curl",,"",0,"normal",20,16,,,
"back bicep","Oct 4, 2025, 5:19 PM","Oct 4, 2025, 6:27 PM","","Cross Body Hammer Curl",,"",1,"normal",25,14,,,
"back bicep","Oct 4, 2025, 5:19 PM","Oct 4, 2025, 6:27 PM","","Plank",,"",0,"normal",,,,145,
"core","Oct 3, 2025, 4:56 PM","Oct 3, 2025, 5:08 PM","","Seated Wrist Extension (Barbell)",,"",0,"normal",15,15,,,
"core","Oct 3, 2025, 4:56 PM","Oct 3, 2025, 5:08 PM","","Seated Wrist Extension (Barbell)",,"",1,"normal",15,15,,,
"core","Oct 3, 2025, 4:56 PM","Oct 3, 2025, 5:08 PM","","Plank",,"",0,"normal",,,,145,
"core","Oct 3, 2025, 4:56 PM","Oct 3, 2025, 5:08 PM","","Plank",,"",1,"normal",,,,145,
"core","Oct 3, 2025, 4:56 PM","Oct 3, 2025, 5:08 PM","","Plank",,"",2,"normal",,,,150,
"core","Oct 3, 2025, 4:56 PM","Oct 3, 2025, 5:08 PM","","Side Plank",,"",0,"normal",,,,50,
"core","Oct 3, 2025, 4:56 PM","Oct 3, 2025, 5:08 PM","","Side Plank",,"",1,"normal",,,,50,
"core","Oct 3, 2025, 4:56 PM","Oct 3, 2025, 5:08 PM","","suitcase carry",,"",0,"normal",15,,,35,
"core","Oct 3, 2025, 4:56 PM","Oct 3, 2025, 5:08 PM","","suitcase carry",,"",1,"normal",17.5,,,35,
"core","Oct 3, 2025, 4:56 PM","Oct 3, 2025, 5:08 PM","","suitcase carry",,"",2,"normal",20,,,35,
"core","Oct 3, 2025, 4:56 PM","Oct 3, 2025, 5:08 PM","","Russian Twist (Weighted)",,"",0,"normal",7.5,16,,,
"core","Oct 3, 2025, 4:56 PM","Oct 3, 2025, 5:08 PM","","Russian Twist (Weighted)",,"",1,"normal",7.5,16,,,
"core","Oct 3, 2025, 4:56 PM","Oct 3, 2025, 5:08 PM","","Mountain Climber",,"",0,"normal",,60,,,
"core","Oct 3, 2025, 4:56 PM","Oct 3, 2025, 5:08 PM","","Mountain Climber",,"",1,"normal",,60,,,
"core","Oct 3, 2025, 4:56 PM","Oct 3, 2025, 5:08 PM","","Seated Calf Raise",,"",0,"normal",30,15,,,
"core","Oct 3, 2025, 4:56 PM","Oct 3, 2025, 5:08 PM","","Seated Calf Raise",,"",1,"normal",30,16,,,
"core","Oct 3, 2025, 4:56 PM","Oct 3, 2025, 5:08 PM","","Dead Hang",,"",0,"normal",,,,36,
"core","Oct 3, 2025, 4:56 PM","Oct 3, 2025, 5:08 PM","","Dead Hang",,"",1,"normal",,,,25,
"arms/shoulders","Oct 2, 2025, 5:15 PM","Oct 2, 2025, 6:11 PM","","Shoulder Press (Dumbbell)",,"",0,"warmup",20,20,,,
"arms/shoulders","Oct 2, 2025, 5:15 PM","Oct 2, 2025, 6:11 PM","","Shoulder Press (Dumbbell)",,"",1,"normal",25,16,,,
"arms/shoulders","Oct 2, 2025, 5:15 PM","Oct 2, 2025, 6:11 PM","","Shoulder Press (Dumbbell)",,"",2,"normal",25,16,,,
"arms/shoulders","Oct 2, 2025, 5:15 PM","Oct 2, 2025, 6:11 PM","","Face Pull",,"",0,"normal",17.5,15,,,
"arms/shoulders","Oct 2, 2025, 5:15 PM","Oct 2, 2025, 6:11 PM","","Face Pull",,"",1,"normal",20,14,,,
"arms/shoulders","Oct 2, 2025, 5:15 PM","Oct 2, 2025, 6:11 PM","","Face Pull",,"",2,"normal",20,13,,,
"arms/shoulders","Oct 2, 2025, 5:15 PM","Oct 2, 2025, 6:11 PM","","Lateral Raise (Dumbbell)",,"",0,"normal",5,27,,,
"arms/shoulders","Oct 2, 2025, 5:15 PM","Oct 2, 2025, 6:11 PM","","Lateral Raise (Dumbbell)",,"",1,"normal",10,18,,,
"arms/shoulders","Oct 2, 2025, 5:15 PM","Oct 2, 2025, 6:11 PM","","Lateral Raise (Dumbbell)",,"",2,"dropset",5,9,,,
"arms/shoulders","Oct 2, 2025, 5:15 PM","Oct 2, 2025, 6:11 PM","","Lateral Raise (Dumbbell)",,"",3,"normal",10,16,,,
"arms/shoulders","Oct 2, 2025, 5:15 PM","Oct 2, 2025, 6:11 PM","","Lateral Raise (Dumbbell)",,"",4,"dropset",5,12,,,
"arms/shoulders","Oct 2, 2025, 5:15 PM","Oct 2, 2025, 6:11 PM","","Lateral Raise (Dumbbell)",,"",5,"normal",10,18,,,
"arms/shoulders","Oct 2, 2025, 5:15 PM","Oct 2, 2025, 6:11 PM","","Lateral Raise (Dumbbell)",,"",6,"dropset",5,12,,,
"arms/shoulders","Oct 2, 2025, 5:15 PM","Oct 2, 2025, 6:11 PM","","Plank",,"",0,"normal",,,,145,
"arms/shoulders","Oct 2, 2025, 5:15 PM","Oct 2, 2025, 6:11 PM","","Push Up",,"",0,"normal",,20,,,
"arms/shoulders","Oct 2, 2025, 5:15 PM","Oct 2, 2025, 6:11 PM","","Dead Hang",,"",0,"normal",,,,40,
"arms/shoulders","Oct 2, 2025, 5:15 PM","Oct 2, 2025, 6:11 PM","","Dead Hang",,"",1,"normal",,,,25,
"legs","Oct 1, 2025, 5:43 PM","Oct 1, 2025, 6:32 PM","","Leg Extension (Machine)",,"",0,"normal",37.5,15,,,
"legs","Oct 1, 2025, 5:43 PM","Oct 1, 2025, 6:32 PM","","Leg Extension (Machine)",,"",1,"normal",41,15,,,
"legs","Oct 1, 2025, 5:43 PM","Oct 1, 2025, 6:32 PM","","Seated Calf Raise",,"",0,"normal",30,15,,,
"legs","Oct 1, 2025, 5:43 PM","Oct 1, 2025, 6:32 PM","","Seated Calf Raise",,"",1,"normal",30,16,,,
"legs","Oct 1, 2025, 5:43 PM","Oct 1, 2025, 6:32 PM","","Lying Leg Curl (Machine)",,"",0,"normal",41,16,,,
"legs","Oct 1, 2025, 5:43 PM","Oct 1, 2025, 6:32 PM","","Plank",,"",0,"normal",,,,145,
"legs","Oct 1, 2025, 5:43 PM","Oct 1, 2025, 6:32 PM","","Goblet Squat",,"",0,"normal",15,16,,,
"legs","Oct 1, 2025, 5:43 PM","Oct 1, 2025, 6:32 PM","","Goblet Squat",,"",1,"normal",17.5,16,,,
"legs","Oct 1, 2025, 5:43 PM","Oct 1, 2025, 6:32 PM","","Dead Hang",,"",0,"normal",,,,27,
"arms/shoulders","Sep 30, 2025, 5:31 PM","Sep 30, 2025, 6:29 PM","","Bicep Curl (Dumbbell)",,"",0,"warmup",15,16,,,
"arms/shoulders","Sep 30, 2025, 5:31 PM","Sep 30, 2025, 6:29 PM","","Bicep Curl (Dumbbell)",,"",1,"normal",25,11,,,
"arms/shoulders","Sep 30, 2025, 5:31 PM","Sep 30, 2025, 6:29 PM","","Bicep Curl (Dumbbell)",,"",2,"dropset",20,7,,,
"arms/shoulders","Sep 30, 2025, 5:31 PM","Sep 30, 2025, 6:29 PM","","Bicep Curl (Dumbbell)",,"",3,"dropset",15,6,,,
"arms/shoulders","Sep 30, 2025, 5:31 PM","Sep 30, 2025, 6:29 PM","","Bicep Curl (Dumbbell)",,"",4,"normal",25,7,,,
"arms/shoulders","Sep 30, 2025, 5:31 PM","Sep 30, 2025, 6:29 PM","","Bicep Curl (Dumbbell)",,"",5,"dropset",20,10,,,
"arms/shoulders","Sep 30, 2025, 5:31 PM","Sep 30, 2025, 6:29 PM","","Triceps Rope Pushdown",,"",0,"normal",17.5,18,,,
"arms/shoulders","Sep 30, 2025, 5:31 PM","Sep 30, 2025, 6:29 PM","","Triceps Rope Pushdown",,"",1,"normal",17.5,14,,,
"arms/shoulders","Sep 30, 2025, 5:31 PM","Sep 30, 2025, 6:29 PM","","Triceps Rope Pushdown",,"",2,"normal",17.5,12,,,
"arms/shoulders","Sep 30, 2025, 5:31 PM","Sep 30, 2025, 6:29 PM","","Triceps Extension (Dumbbell)",,"",0,"normal",12.5,19,,,
"arms/shoulders","Sep 30, 2025, 5:31 PM","Sep 30, 2025, 6:29 PM","","Triceps Extension (Dumbbell)",,"",1,"normal",12.5,16,,,
"arms/shoulders","Sep 30, 2025, 5:31 PM","Sep 30, 2025, 6:29 PM","","Triceps Extension (Dumbbell)",,"",2,"normal",12.5,18,,,
"arms/shoulders","Sep 30, 2025, 5:31 PM","Sep 30, 2025, 6:29 PM","","Cross Body Hammer Curl",,"",0,"normal",25,13,,,
"arms/shoulders","Sep 30, 2025, 5:31 PM","Sep 30, 2025, 6:29 PM","","Cross Body Hammer Curl",,"",1,"normal",25,10,,,
"arms/shoulders","Sep 30, 2025, 5:31 PM","Sep 30, 2025, 6:29 PM","","Dead Hang",,"",0,"normal",,,,45,
"arms/shoulders","Sep 30, 2025, 5:31 PM","Sep 30, 2025, 6:29 PM","","Dead Hang",,"",1,"normal",,,,30,
"arms/shoulders","Sep 30, 2025, 5:31 PM","Sep 30, 2025, 6:29 PM","","Dead Hang",,"",2,"normal",,,,30,
"arms/shoulders","Sep 30, 2025, 5:31 PM","Sep 30, 2025, 6:29 PM","","Hammer Curl (Dumbbell)",,"",0,"normal",25,15,,,
"chest triceps","Sep 28, 2025, 6:21 PM","Sep 28, 2025, 7:53 PM","","Bench Press (Barbell)",,"",0,"warmup",30,15,,,
"chest triceps","Sep 28, 2025, 6:21 PM","Sep 28, 2025, 7:53 PM","","Bench Press (Barbell)",,"",1,"normal",40,14,,,
"chest triceps","Sep 28, 2025, 6:21 PM","Sep 28, 2025, 7:53 PM","","Bench Press (Barbell)",,"",2,"normal",40,12,,,
"chest triceps","Sep 28, 2025, 6:21 PM","Sep 28, 2025, 7:53 PM","","Incline Bench Press (Dumbbell)",,"",0,"normal",25,15,,,
"chest triceps","Sep 28, 2025, 6:21 PM","Sep 28, 2025, 7:53 PM","","Incline Bench Press (Dumbbell)",,"",1,"normal",30,10,,,
"chest triceps","Sep 28, 2025, 6:21 PM","Sep 28, 2025, 7:53 PM","","Triceps Rope Pushdown",,"",0,"normal",17.5,15,,,
"chest triceps","Sep 28, 2025, 6:21 PM","Sep 28, 2025, 7:53 PM","","Triceps Rope Pushdown",,"",1,"normal",17.5,12,,,
"chest triceps","Sep 28, 2025, 6:21 PM","Sep 28, 2025, 7:53 PM","","Triceps Rope Pushdown",,"",2,"dropset",12.5,8,,,
"chest triceps","Sep 28, 2025, 6:21 PM","Sep 28, 2025, 7:53 PM","","Triceps Pushdown",,"",0,"normal",20,10,,,
"chest triceps","Sep 28, 2025, 6:21 PM","Sep 28, 2025, 7:53 PM","","Triceps Pushdown",,"",1,"dropset",17.5,5,,,
"chest triceps","Sep 28, 2025, 6:21 PM","Sep 28, 2025, 7:53 PM","","Push Up",,"",0,"normal",,25,,,
"chest triceps","Sep 28, 2025, 6:21 PM","Sep 28, 2025, 7:53 PM","","Push Up",,"",1,"normal",,25,,,
"chest triceps","Sep 28, 2025, 6:21 PM","Sep 28, 2025, 7:53 PM","","Cable Fly Crossovers",,"",0,"normal",10,15,,,
"chest triceps","Sep 28, 2025, 6:21 PM","Sep 28, 2025, 7:53 PM","","Cable Fly Crossovers",,"",1,"normal",10,15,,,
"chest triceps","Sep 28, 2025, 6:21 PM","Sep 28, 2025, 7:53 PM","","Cable Fly Crossovers",,"",2,"normal",7.5,10,,,
"chest triceps","Sep 28, 2025, 6:21 PM","Sep 28, 2025, 7:53 PM","","Cable Fly Crossovers",,"",3,"dropset",5,10,,,
"chest triceps","Sep 28, 2025, 6:21 PM","Sep 28, 2025, 7:53 PM","","Cable Fly Crossovers",,"",4,"normal",7.5,5,,,
"chest triceps","Sep 28, 2025, 6:21 PM","Sep 28, 2025, 7:53 PM","","Cable Fly Crossovers",,"",5,"dropset",5,12,,,
"chest triceps","Sep 28, 2025, 6:21 PM","Sep 28, 2025, 7:53 PM","","Plank",,"",0,"normal",,,,145,
"chest triceps","Sep 28, 2025, 6:21 PM","Sep 28, 2025, 7:53 PM","","Chest Fly (Machine)",,"",0,"normal",37.5,15,,,
"chest triceps","Sep 28, 2025, 6:21 PM","Sep 28, 2025, 7:53 PM","","Chest Fly (Machine)",,"",1,"normal",40,15,,,
"chest triceps","Sep 28, 2025, 6:21 PM","Sep 28, 2025, 7:53 PM","","Chest Fly (Machine)",,"",2,"normal",40,12,,,
"chest triceps","Sep 28, 2025, 6:21 PM","Sep 28, 2025, 7:53 PM","","Triceps Extension (Dumbbell)",,"",0,"normal",12.5,16,,,
"chest triceps","Sep 28, 2025, 6:21 PM","Sep 28, 2025, 7:53 PM","","Triceps Extension (Dumbbell)",,"",1,"normal",12.5,16,,,
"chest triceps","Sep 28, 2025, 6:21 PM","Sep 28, 2025, 7:53 PM","","Dead Hang",,"",0,"normal",,,,45,
"back bicep","Sep 27, 2025, 5:19 PM","Sep 27, 2025, 7:47 PM","","Pull Up",,"",0,"normal",,11,,,
"back bicep","Sep 27, 2025, 5:19 PM","Sep 27, 2025, 7:47 PM","","Pull Up",,"",1,"normal",,8,,,
"back bicep","Sep 27, 2025, 5:19 PM","Sep 27, 2025, 7:47 PM","","Pull Up",,"",2,"normal",,7,,,
"back bicep","Sep 27, 2025, 5:19 PM","Sep 27, 2025, 7:47 PM","","Lat Pulldown (Cable)",,"",0,"normal",36,15,,,
"back bicep","Sep 27, 2025, 5:19 PM","Sep 27, 2025, 7:47 PM","","Lat Pulldown (Cable)",,"",1,"normal",43,12,,,
"back bicep","Sep 27, 2025, 5:19 PM","Sep 27, 2025, 7:47 PM","","Lat Pulldown (Cable)",,"",2,"normal",43,10,,,
"back bicep","Sep 27, 2025, 5:19 PM","Sep 27, 2025, 7:47 PM","","Back Extension (Weighted Hyperextension)",,"",0,"normal",10,16,,,
"back bicep","Sep 27, 2025, 5:19 PM","Sep 27, 2025, 7:47 PM","","Back Extension (Weighted Hyperextension)",,"",1,"normal",10,16,,,
"back bicep","Sep 27, 2025, 5:19 PM","Sep 27, 2025, 7:47 PM","","Bicep Curl (Barbell)",,"",0,"normal",20,16,,,
"back bicep","Sep 27, 2025, 5:19 PM","Sep 27, 2025, 7:47 PM","","Bicep Curl (Barbell)",,"",1,"normal",20,13,,,
"back bicep","Sep 27, 2025, 5:19 PM","Sep 27, 2025, 7:47 PM","","Reverse Curl (Barbell)",,"",0,"normal",20,8,,,
"back bicep","Sep 27, 2025, 5:19 PM","Sep 27, 2025, 7:47 PM","","Reverse Curl (Barbell)",,"",1,"normal",15,10,,,
"back bicep","Sep 27, 2025, 5:19 PM","Sep 27, 2025, 7:47 PM","","Plank",,"",0,"normal",,,,145,
"back bicep","Sep 27, 2025, 5:19 PM","Sep 27, 2025, 7:47 PM","","Iso-Lateral Row (Machine)",,"",0,"normal",45,20,,,
"back bicep","Sep 27, 2025, 5:19 PM","Sep 27, 2025, 7:47 PM","","Iso-Lateral Row (Machine)",,"",1,"normal",49,20,,,
"back bicep","Sep 27, 2025, 5:19 PM","Sep 27, 2025, 7:47 PM","","Iso-Lateral Row (Machine)",,"",2,"normal",49,16,,,
"back bicep","Sep 27, 2025, 5:19 PM","Sep 27, 2025, 7:47 PM","","Side Plank",,"",0,"normal",,,,50,
"back bicep","Sep 27, 2025, 5:19 PM","Sep 27, 2025, 7:47 PM","","Dead Hang",,"",0,"normal",,,,40,
"arms/shoulders","Sep 25, 2025, 4:55 PM","Sep 25, 2025, 6:07 PM","","Shoulder Press (Dumbbell)",,"",0,"warmup",20,20,,,
"arms/shoulders","Sep 25, 2025, 4:55 PM","Sep 25, 2025, 6:07 PM","","Shoulder Press (Dumbbell)",,"",1,"normal",25,12,,,
"arms/shoulders","Sep 25, 2025, 4:55 PM","Sep 25, 2025, 6:07 PM","","Shoulder Press (Dumbbell)",,"",2,"dropset",20,8,,,
"arms/shoulders","Sep 25, 2025, 4:55 PM","Sep 25, 2025, 6:07 PM","","Face Pull",,"",0,"normal",17.5,15,,,
"arms/shoulders","Sep 25, 2025, 4:55 PM","Sep 25, 2025, 6:07 PM","","Face Pull",,"",1,"normal",20,12,,,
"arms/shoulders","Sep 25, 2025, 4:55 PM","Sep 25, 2025, 6:07 PM","","Face Pull",,"",2,"dropset",17.5,8,,,
"arms/shoulders","Sep 25, 2025, 4:55 PM","Sep 25, 2025, 6:07 PM","","Lateral Raise (Dumbbell)",,"",0,"normal",5,32,,,
"arms/shoulders","Sep 25, 2025, 4:55 PM","Sep 25, 2025, 6:07 PM","","Lateral Raise (Dumbbell)",,"",1,"normal",10,18,,,
"arms/shoulders","Sep 25, 2025, 4:55 PM","Sep 25, 2025, 6:07 PM","","Lateral Raise (Dumbbell)",,"",2,"dropset",5,12,,,
"arms/shoulders","Sep 25, 2025, 4:55 PM","Sep 25, 2025, 6:07 PM","","Lateral Raise (Dumbbell)",,"",3,"normal",10,20,,,
"arms/shoulders","Sep 25, 2025, 4:55 PM","Sep 25, 2025, 6:07 PM","","Lateral Raise (Dumbbell)",,"",4,"dropset",5,16,,,
"arms/shoulders","Sep 25, 2025, 4:55 PM","Sep 25, 2025, 6:07 PM","","Shrug (Dumbbell)",,"",0,"normal",25,12,,,
"arms/shoulders","Sep 25, 2025, 4:55 PM","Sep 25, 2025, 6:07 PM","","Shrug (Dumbbell)",,"",1,"normal",25,14,,,
"arms/shoulders","Sep 25, 2025, 4:55 PM","Sep 25, 2025, 6:07 PM","","Rear Delt Reverse Fly (Machine)",,"",0,"normal",30,16,,,
"arms/shoulders","Sep 25, 2025, 4:55 PM","Sep 25, 2025, 6:07 PM","","Rear Delt Reverse Fly (Machine)",,"",1,"normal",33,12,,,
"arms/shoulders","Sep 25, 2025, 4:55 PM","Sep 25, 2025, 6:07 PM","","Rear Delt Reverse Fly (Machine)",,"",2,"normal",33,11,,,
"arms/shoulders","Sep 25, 2025, 4:55 PM","Sep 25, 2025, 6:07 PM","","Plank",,"",0,"normal",,,,140,
"arms/shoulders","Sep 25, 2025, 4:55 PM","Sep 25, 2025, 6:07 PM","","Dead Hang",,"",0,"normal",,,,40,
"arms/shoulders","Sep 25, 2025, 4:55 PM","Sep 25, 2025, 6:07 PM","","Dead Hang",,"",1,"normal",,,,32,
"arms/shoulders","Sep 25, 2025, 4:55 PM","Sep 25, 2025, 6:07 PM","","Dead Hang",,"",2,"normal",,,,22,
"legs","Sep 24, 2025, 6:12 PM","Sep 24, 2025, 7:02 PM","","Leg Extension (Machine)",,"",0,"warmup",18,15,,,
"legs","Sep 24, 2025, 6:12 PM","Sep 24, 2025, 7:02 PM","","Leg Extension (Machine)",,"",1,"normal",41,16,,,
"legs","Sep 24, 2025, 6:12 PM","Sep 24, 2025, 7:02 PM","","Seated Calf Raise",,"",0,"normal",30,16,,,
"legs","Sep 24, 2025, 6:12 PM","Sep 24, 2025, 7:02 PM","","Seated Calf Raise",,"",1,"normal",30,16,,,
"legs","Sep 24, 2025, 6:12 PM","Sep 24, 2025, 7:02 PM","","Seated Calf Raise",,"",2,"normal",30,13,,,
"legs","Sep 24, 2025, 6:12 PM","Sep 24, 2025, 7:02 PM","","Lying Leg Curl (Machine)",,"",0,"normal",41,16,,,
"legs","Sep 24, 2025, 6:12 PM","Sep 24, 2025, 7:02 PM","","Plank",,"",0,"normal",,,,140,
"legs","Sep 24, 2025, 6:12 PM","Sep 24, 2025, 7:02 PM","","Goblet Squat",,"",0,"normal",15,20,,,
"legs","Sep 24, 2025, 6:12 PM","Sep 24, 2025, 7:02 PM","","Goblet Squat",,"",1,"normal",17.5,18,,,
"legs","Sep 24, 2025, 6:12 PM","Sep 24, 2025, 7:02 PM","","Dead Hang",,"",0,"normal",,,,30,
"arms/shoulders","Sep 23, 2025, 5:46 PM","Sep 23, 2025, 6:34 PM","","Bicep Curl (Dumbbell)",,"",0,"warmup",15,16,,,
"arms/shoulders","Sep 23, 2025, 5:46 PM","Sep 23, 2025, 6:34 PM","","Bicep Curl (Dumbbell)",,"",1,"normal",25,10,,,
"arms/shoulders","Sep 23, 2025, 5:46 PM","Sep 23, 2025, 6:34 PM","","Bicep Curl (Dumbbell)",,"",2,"dropset",20,8,,,
"arms/shoulders","Sep 23, 2025, 5:46 PM","Sep 23, 2025, 6:34 PM","","Bicep Curl (Dumbbell)",,"",3,"dropset",15,8,,,
"arms/shoulders","Sep 23, 2025, 5:46 PM","Sep 23, 2025, 6:34 PM","","Triceps Rope Pushdown",,"",0,"normal",17.5,16,,,
"arms/shoulders","Sep 23, 2025, 5:46 PM","Sep 23, 2025, 6:34 PM","","Triceps Rope Pushdown",,"",1,"normal",17.5,15,,,
"arms/shoulders","Sep 23, 2025, 5:46 PM","Sep 23, 2025, 6:34 PM","","Triceps Rope Pushdown",,"",2,"normal",17.5,15,,,
"arms/shoulders","Sep 23, 2025, 5:46 PM","Sep 23, 2025, 6:34 PM","","Triceps Extension (Dumbbell)",,"",0,"normal",12.5,20,,,
"arms/shoulders","Sep 23, 2025, 5:46 PM","Sep 23, 2025, 6:34 PM","","Triceps Extension (Dumbbell)",,"",1,"normal",12.5,17,,,
"arms/shoulders","Sep 23, 2025, 5:46 PM","Sep 23, 2025, 6:34 PM","","Cross Body Hammer Curl",,"",0,"normal",25,12,,,
"arms/shoulders","Sep 23, 2025, 5:46 PM","Sep 23, 2025, 6:34 PM","","Preacher Curl (Barbell)",,"",0,"normal",20,12,,,
"arms/shoulders","Sep 23, 2025, 5:46 PM","Sep 23, 2025, 6:34 PM","","Preacher Curl (Barbell)",,"",1,"normal",15,22,,,
"arms/shoulders","Sep 23, 2025, 5:46 PM","Sep 23, 2025, 6:34 PM","","Dead Hang",,"",0,"normal",,,,40,
"arms/shoulders","Sep 23, 2025, 5:46 PM","Sep 23, 2025, 6:34 PM","","Dead Hang",,"",1,"normal",,,,27,
"arms/shoulders","Sep 23, 2025, 5:46 PM","Sep 23, 2025, 6:34 PM","","Dead Hang",,"",2,"normal",,,,20,
"chest triceps","Sep 21, 2025, 5:29 PM","Sep 21, 2025, 8:25 PM","","Bench Press (Barbell)",,"",0,"normal",40,8,,,
"chest triceps","Sep 21, 2025, 5:29 PM","Sep 21, 2025, 8:25 PM","","Bench Press (Barbell)",,"",1,"normal",40,7,,,
"chest triceps","Sep 21, 2025, 5:29 PM","Sep 21, 2025, 8:25 PM","","Incline Bench Press (Dumbbell)",,"",0,"normal",20,20,,,
"chest triceps","Sep 21, 2025, 5:29 PM","Sep 21, 2025, 8:25 PM","","Incline Bench Press (Dumbbell)",,"",1,"normal",25,15,,,
"chest triceps","Sep 21, 2025, 5:29 PM","Sep 21, 2025, 8:25 PM","","Incline Bench Press (Dumbbell)",,"",2,"normal",30,15,,,
"chest triceps","Sep 21, 2025, 5:29 PM","Sep 21, 2025, 8:25 PM","","Triceps Rope Pushdown",,"",0,"normal",17.5,15,,,
"chest triceps","Sep 21, 2025, 5:29 PM","Sep 21, 2025, 8:25 PM","","Triceps Rope Pushdown",,"",1,"normal",17.5,15,,,
"chest triceps","Sep 21, 2025, 5:29 PM","Sep 21, 2025, 8:25 PM","","Triceps Pushdown",,"",0,"normal",17.5,15,,,
"chest triceps","Sep 21, 2025, 5:29 PM","Sep 21, 2025, 8:25 PM","","Push Up",,"",0,"normal",,25,,,
"chest triceps","Sep 21, 2025, 5:29 PM","Sep 21, 2025, 8:25 PM","","Push Up",,"",1,"normal",,19,,,
"chest triceps","Sep 21, 2025, 5:29 PM","Sep 21, 2025, 8:25 PM","","Cable Fly Crossovers",,"",0,"normal",7.5,15,,,
"chest triceps","Sep 21, 2025, 5:29 PM","Sep 21, 2025, 8:25 PM","","Cable Fly Crossovers",,"",1,"normal",7.5,15,,,
"chest triceps","Sep 21, 2025, 5:29 PM","Sep 21, 2025, 8:25 PM","","Cable Fly Crossovers",,"",2,"normal",7.5,20,,,
"chest triceps","Sep 21, 2025, 5:29 PM","Sep 21, 2025, 8:25 PM","","Single Arm Triceps Pushdown (Cable)",,"",0,"normal",7.5,15,,,
"chest triceps","Sep 21, 2025, 5:29 PM","Sep 21, 2025, 8:25 PM","","Single Arm Triceps Pushdown (Cable)",,"",1,"dropset",7.5,15,,,
"chest triceps","Sep 21, 2025, 5:29 PM","Sep 21, 2025, 8:25 PM","","Plank",,"",0,"normal",,,,145,
"chest triceps","Sep 21, 2025, 5:29 PM","Sep 21, 2025, 8:25 PM","","Overhead Triceps Extension (Cable)",,"",0,"normal",12.5,15,,,
"back bicep","Sep 20, 2025, 5:36 PM","Sep 20, 2025, 6:36 PM","","Pull Up",,"",0,"normal",,6,,,
"back bicep","Sep 20, 2025, 5:36 PM","Sep 20, 2025, 6:36 PM","","Pull Up",,"",1,"normal",,8,,,
"back bicep","Sep 20, 2025, 5:36 PM","Sep 20, 2025, 6:36 PM","","Pull Up",,"",2,"normal",,6,,,
"back bicep","Sep 20, 2025, 5:36 PM","Sep 20, 2025, 6:36 PM","","Back Extension (Weighted Hyperextension)",,"",0,"normal",5,15,,,
"back bicep","Sep 20, 2025, 5:36 PM","Sep 20, 2025, 6:36 PM","","Back Extension (Weighted Hyperextension)",,"",1,"normal",10,15,,,
"back bicep","Sep 20, 2025, 5:36 PM","Sep 20, 2025, 6:36 PM","","Back Extension (Weighted Hyperextension)",,"",2,"normal",10,15,,,
"back bicep","Sep 20, 2025, 5:36 PM","Sep 20, 2025, 6:36 PM","","Bicep Curl (Dumbbell)",,"",0,"warmup",15,16,,,
"back bicep","Sep 20, 2025, 5:36 PM","Sep 20, 2025, 6:36 PM","","Bicep Curl (Dumbbell)",,"",1,"normal",25,10,,,
"back bicep","Sep 20, 2025, 5:36 PM","Sep 20, 2025, 6:36 PM","","Bicep Curl (Dumbbell)",,"",2,"normal",20,10,,,
"back bicep","Sep 20, 2025, 5:36 PM","Sep 20, 2025, 6:36 PM","","Cross Body Hammer Curl",,"",0,"normal",25,13,,,
"back bicep","Sep 20, 2025, 5:36 PM","Sep 20, 2025, 6:36 PM","","Cross Body Hammer Curl",,"",1,"normal",25,12,,,
"back bicep","Sep 20, 2025, 5:36 PM","Sep 20, 2025, 6:36 PM","","Cross Body Hammer Curl",,"",2,"normal",20,10,,,
"back bicep","Sep 20, 2025, 5:36 PM","Sep 20, 2025, 6:36 PM","","Hammer Curl (Cable)",,"",0,"normal",25,13,,,
"back bicep","Sep 20, 2025, 5:36 PM","Sep 20, 2025, 6:36 PM","","Plank",,"",0,"normal",,,,145,
"back bicep","Sep 20, 2025, 5:36 PM","Sep 20, 2025, 6:36 PM","","Lat Pulldown (Machine)",,"",0,"warmup",37.5,15,,,
"back bicep","Sep 20, 2025, 5:36 PM","Sep 20, 2025, 6:36 PM","","Lat Pulldown (Machine)",,"",1,"normal",45,15,,,
"back bicep","Sep 20, 2025, 5:36 PM","Sep 20, 2025, 6:36 PM","","Lat Pulldown (Machine)",,"",2,"normal",49,14,,,
"back bicep","Sep 20, 2025, 5:36 PM","Sep 20, 2025, 6:36 PM","","Iso-Lateral Row (Machine)",,"",0,"normal",45,19,,,
"back bicep","Sep 20, 2025, 5:36 PM","Sep 20, 2025, 6:36 PM","","Iso-Lateral Row (Machine)",,"",1,"normal",49,18,,,
"back bicep","Sep 20, 2025, 5:36 PM","Sep 20, 2025, 6:36 PM","","Iso-Lateral Row (Machine)",,"",2,"normal",49,19,,,
"back bicep","Sep 20, 2025, 5:36 PM","Sep 20, 2025, 6:36 PM","","Side Plank",,"",0,"normal",,,,50,
"back bicep","Sep 20, 2025, 5:36 PM","Sep 20, 2025, 6:36 PM","","Dead Hang",,"",0,"normal",,,,40,
"back bicep","Sep 20, 2025, 5:36 PM","Sep 20, 2025, 6:36 PM","","Dead Hang",,"",1,"normal",,,,25,
"back bicep","Sep 20, 2025, 5:36 PM","Sep 20, 2025, 6:36 PM","","Dead Hang",,"",2,"normal",,,,20,
"legs","Sep 18, 2025, 4:55 PM","Sep 18, 2025, 6:07 PM","","Leg Extension (Machine)",,"",0,"warmup",15,10,,,
"legs","Sep 18, 2025, 4:55 PM","Sep 18, 2025, 6:07 PM","","Leg Extension (Machine)",,"",1,"normal",41,15,,,
"legs","Sep 18, 2025, 4:55 PM","Sep 18, 2025, 6:07 PM","","Leg Extension (Machine)",,"",2,"normal",41,17,,,
"legs","Sep 18, 2025, 4:55 PM","Sep 18, 2025, 6:07 PM","","Seated Calf Raise",,"",0,"normal",30,15,,,
"legs","Sep 18, 2025, 4:55 PM","Sep 18, 2025, 6:07 PM","","Seated Calf Raise",,"",1,"normal",30,12,,,
"legs","Sep 18, 2025, 4:55 PM","Sep 18, 2025, 6:07 PM","","Seated Calf Raise",,"",2,"normal",30,15,,,
"legs","Sep 18, 2025, 4:55 PM","Sep 18, 2025, 6:07 PM","","Lying Leg Curl (Machine)",,"",0,"normal",37.5,18,,,
"legs","Sep 18, 2025, 4:55 PM","Sep 18, 2025, 6:07 PM","","Lying Leg Curl (Machine)",,"",1,"normal",41,15,,,
"legs","Sep 18, 2025, 4:55 PM","Sep 18, 2025, 6:07 PM","","Plank",,"",0,"normal",,,,140,
"legs","Sep 18, 2025, 4:55 PM","Sep 18, 2025, 6:07 PM","","Goblet Squat",,"",0,"normal",15,20,,,
"legs","Sep 18, 2025, 4:55 PM","Sep 18, 2025, 6:07 PM","","Goblet Squat",,"",1,"normal",17.5,15,,,
"legs","Sep 18, 2025, 4:55 PM","Sep 18, 2025, 6:07 PM","","Dead Hang",,"",0,"normal",,,,55,
"legs","Sep 18, 2025, 4:55 PM","Sep 18, 2025, 6:07 PM","","Dead Hang",,"",1,"normal",,,,40,
"arms/shoulders","Sep 17, 2025, 4:59 PM","Sep 17, 2025, 6:07 PM","","Bicep Curl (Barbell)",,"",0,"normal",15,20,,,
"arms/shoulders","Sep 17, 2025, 4:59 PM","Sep 17, 2025, 6:07 PM","","Bicep Curl (Barbell)",,"",1,"normal",20,16,,,
"arms/shoulders","Sep 17, 2025, 4:59 PM","Sep 17, 2025, 6:07 PM","","Bicep Curl (Barbell)",,"",2,"normal",15,20,,,
"arms/shoulders","Sep 17, 2025, 4:59 PM","Sep 17, 2025, 6:07 PM","","Bicep Curl (Dumbbell)",,"",0,"warmup",15,20,,,
"arms/shoulders","Sep 17, 2025, 4:59 PM","Sep 17, 2025, 6:07 PM","","Bicep Curl (Dumbbell)",,"",1,"normal",25,10,,,
"arms/shoulders","Sep 17, 2025, 4:59 PM","Sep 17, 2025, 6:07 PM","","Bicep Curl (Dumbbell)",,"",2,"normal",25,10,,,
"arms/shoulders","Sep 17, 2025, 4:59 PM","Sep 17, 2025, 6:07 PM","","Bicep Curl (Dumbbell)",,"",3,"dropset",15,10,,,
"arms/shoulders","Sep 17, 2025, 4:59 PM","Sep 17, 2025, 6:07 PM","","Triceps Rope Pushdown",,"",0,"normal",17.5,15,,,
"arms/shoulders","Sep 17, 2025, 4:59 PM","Sep 17, 2025, 6:07 PM","","Triceps Rope Pushdown",,"",1,"normal",17.5,10,,,
"arms/shoulders","Sep 17, 2025, 4:59 PM","Sep 17, 2025, 6:07 PM","","Triceps Extension (Dumbbell)",,"",0,"normal",12.5,17,,,
"arms/shoulders","Sep 17, 2025, 4:59 PM","Sep 17, 2025, 6:07 PM","","Triceps Extension (Dumbbell)",,"",1,"normal",12.5,18,,,
"arms/shoulders","Sep 17, 2025, 4:59 PM","Sep 17, 2025, 6:07 PM","","Reverse Curl (Barbell)",,"",0,"normal",20,8,,,
"arms/shoulders","Sep 17, 2025, 4:59 PM","Sep 17, 2025, 6:07 PM","","Reverse Curl (Barbell)",,"",1,"normal",15,15,,,
"arms/shoulders","Sep 17, 2025, 4:59 PM","Sep 17, 2025, 6:07 PM","","Plank",,"",0,"normal",,,,140,
"arms/shoulders","Sep 17, 2025, 4:59 PM","Sep 17, 2025, 6:07 PM","","Side Plank",,"",0,"normal",,,,50,
"arms/shoulders","Sep 17, 2025, 4:59 PM","Sep 17, 2025, 6:07 PM","","Triceps Pushdown",,"",0,"normal",17.5,15,,,
"chest triceps","Sep 14, 2025, 5:05 PM","Sep 14, 2025, 6:42 PM","","Bench Press (Barbell)",,"",0,"normal",40,15,,,
"chest triceps","Sep 14, 2025, 5:05 PM","Sep 14, 2025, 6:42 PM","","Bench Press (Barbell)",,"",1,"normal",40,12,,,
"chest triceps","Sep 14, 2025, 5:05 PM","Sep 14, 2025, 6:42 PM","","Bench Press (Barbell)",,"",2,"normal",40,10,,,
"chest triceps","Sep 14, 2025, 5:05 PM","Sep 14, 2025, 6:42 PM","","Incline Bench Press (Dumbbell)",,"",0,"normal",20,20,,,
"chest triceps","Sep 14, 2025, 5:05 PM","Sep 14, 2025, 6:42 PM","","Incline Bench Press (Dumbbell)",,"",1,"normal",25,20,,,
"chest triceps","Sep 14, 2025, 5:05 PM","Sep 14, 2025, 6:42 PM","","Incline Bench Press (Dumbbell)",,"",2,"normal",30,16,,,
"chest triceps","Sep 14, 2025, 5:05 PM","Sep 14, 2025, 6:42 PM","","Triceps Rope Pushdown",,"",0,"normal",15,18,,,
"chest triceps","Sep 14, 2025, 5:05 PM","Sep 14, 2025, 6:42 PM","","Triceps Rope Pushdown",,"",1,"normal",17.5,10,,,
"chest triceps","Sep 14, 2025, 5:05 PM","Sep 14, 2025, 6:42 PM","","Triceps Rope Pushdown",,"",2,"dropset",12.5,7,,,
"chest triceps","Sep 14, 2025, 5:05 PM","Sep 14, 2025, 6:42 PM","","Push Up",,"",0,"normal",,25,,,
"chest triceps","Sep 14, 2025, 5:05 PM","Sep 14, 2025, 6:42 PM","","Push Up",,"",1,"normal",,25,,,
"chest triceps","Sep 14, 2025, 5:05 PM","Sep 14, 2025, 6:42 PM","","Cable Fly Crossovers",,"",0,"normal",7.5,8,,,
"chest triceps","Sep 14, 2025, 5:05 PM","Sep 14, 2025, 6:42 PM","","Cable Fly Crossovers",,"",1,"normal",5,7,,,
"chest triceps","Sep 14, 2025, 5:05 PM","Sep 14, 2025, 6:42 PM","","Cable Fly Crossovers",,"",2,"normal",5,15,,,
"chest triceps","Sep 14, 2025, 5:05 PM","Sep 14, 2025, 6:42 PM","","Cable Fly Crossovers",,"",3,"normal",7.5,20,,,
"chest triceps","Sep 14, 2025, 5:05 PM","Sep 14, 2025, 6:42 PM","","Plank",,"",0,"normal",,,,140,
"chest triceps","Sep 14, 2025, 5:05 PM","Sep 14, 2025, 6:42 PM","","Plank",,"",1,"normal",,,,145,
"chest triceps","Sep 14, 2025, 5:05 PM","Sep 14, 2025, 6:42 PM","","Chest Fly (Machine)",,"",0,"normal",33,20,,,
"chest triceps","Sep 14, 2025, 5:05 PM","Sep 14, 2025, 6:42 PM","","Chest Fly (Machine)",,"",1,"normal",40,12,,,
"chest triceps","Sep 14, 2025, 5:05 PM","Sep 14, 2025, 6:42 PM","","Triceps Extension (Dumbbell)",,"",0,"normal",12.5,16,,,
"chest triceps","Sep 14, 2025, 5:05 PM","Sep 14, 2025, 6:42 PM","","Triceps Extension (Dumbbell)",,"",1,"normal",12.5,16,,,
"chest triceps","Sep 14, 2025, 5:05 PM","Sep 14, 2025, 6:42 PM","","Dead Hang",,"",0,"normal",,,,35,
"back bicep","Sep 13, 2025, 4:54 PM","Sep 13, 2025, 5:58 PM","","Pull Up",,"",0,"normal",,11,,,
"back bicep","Sep 13, 2025, 4:54 PM","Sep 13, 2025, 5:58 PM","","Pull Up",,"",1,"normal",,8,,,
"back bicep","Sep 13, 2025, 4:54 PM","Sep 13, 2025, 5:58 PM","","Back Extension (Weighted Hyperextension)",,"",0,"normal",5,15,,,
"back bicep","Sep 13, 2025, 4:54 PM","Sep 13, 2025, 5:58 PM","","Back Extension (Weighted Hyperextension)",,"",1,"normal",10,15,,,
"back bicep","Sep 13, 2025, 4:54 PM","Sep 13, 2025, 5:58 PM","","Back Extension (Weighted Hyperextension)",,"",2,"normal",10,15,,,
"back bicep","Sep 13, 2025, 4:54 PM","Sep 13, 2025, 5:58 PM","","Bicep Curl (Dumbbell)",,"",0,"warmup",15,16,,,
"back bicep","Sep 13, 2025, 4:54 PM","Sep 13, 2025, 5:58 PM","","Bicep Curl (Dumbbell)",,"",1,"normal",20,16,,,
"back bicep","Sep 13, 2025, 4:54 PM","Sep 13, 2025, 5:58 PM","","Bicep Curl (Dumbbell)",,"",2,"normal",20,15,,,
"back bicep","Sep 13, 2025, 4:54 PM","Sep 13, 2025, 5:58 PM","","Cross Body Hammer Curl",,"",0,"normal",25,13,,,
"back bicep","Sep 13, 2025, 4:54 PM","Sep 13, 2025, 5:58 PM","","Cross Body Hammer Curl",,"",1,"normal",25,10,,,
"back bicep","Sep 13, 2025, 4:54 PM","Sep 13, 2025, 5:58 PM","","Cross Body Hammer Curl",,"",2,"normal",20,8,,,
"back bicep","Sep 13, 2025, 4:54 PM","Sep 13, 2025, 5:58 PM","","Lat Pulldown (Machine)",,"",0,"warmup",37.5,10,,,
"back bicep","Sep 13, 2025, 4:54 PM","Sep 13, 2025, 5:58 PM","","Lat Pulldown (Machine)",,"",1,"normal",45,15,,,
"back bicep","Sep 13, 2025, 4:54 PM","Sep 13, 2025, 5:58 PM","","Iso-Lateral Row (Machine)",,"",0,"normal",37.5,15,,,
"back bicep","Sep 13, 2025, 4:54 PM","Sep 13, 2025, 5:58 PM","","Iso-Lateral Row (Machine)",,"",1,"normal",45,15,,,
"back bicep","Sep 13, 2025, 4:54 PM","Sep 13, 2025, 5:58 PM","","Dead Hang",,"",0,"normal",,,,45,
"arms/shoulders","Sep 12, 2025, 4:54 PM","Sep 12, 2025, 5:52 PM","","Shoulder Press (Dumbbell)",,"",0,"warmup",15,19,,,
"arms/shoulders","Sep 12, 2025, 4:54 PM","Sep 12, 2025, 5:52 PM","","Shoulder Press (Dumbbell)",,"",1,"normal",20,17,,,
"arms/shoulders","Sep 12, 2025, 4:54 PM","Sep 12, 2025, 5:52 PM","","Shoulder Press (Dumbbell)",,"",2,"normal",25,12,,,
"arms/shoulders","Sep 12, 2025, 4:54 PM","Sep 12, 2025, 5:52 PM","","Face Pull",,"",0,"normal",17.5,18,,,
"arms/shoulders","Sep 12, 2025, 4:54 PM","Sep 12, 2025, 5:52 PM","","Face Pull",,"",1,"normal",20,14,,,
"arms/shoulders","Sep 12, 2025, 4:54 PM","Sep 12, 2025, 5:52 PM","","Lateral Raise (Dumbbell)",,"",0,"normal",5,24,,,
"arms/shoulders","Sep 12, 2025, 4:54 PM","Sep 12, 2025, 5:52 PM","","Lateral Raise (Dumbbell)",,"",1,"normal",10,19,,,
"arms/shoulders","Sep 12, 2025, 4:54 PM","Sep 12, 2025, 5:52 PM","","Lateral Raise (Dumbbell)",,"",2,"dropset",5,10,,,
"arms/shoulders","Sep 12, 2025, 4:54 PM","Sep 12, 2025, 5:52 PM","","Lateral Raise (Dumbbell)",,"",3,"normal",10,17,,,
"arms/shoulders","Sep 12, 2025, 4:54 PM","Sep 12, 2025, 5:52 PM","","Lateral Raise (Dumbbell)",,"",4,"dropset",5,12,,,
"arms/shoulders","Sep 12, 2025, 4:54 PM","Sep 12, 2025, 5:52 PM","","Rear Delt Reverse Fly (Machine)",,"",0,"normal",22.5,12,,,
"arms/shoulders","Sep 12, 2025, 4:54 PM","Sep 12, 2025, 5:52 PM","","Rear Delt Reverse Fly (Machine)",,"",1,"normal",30,14,,,
"arms/shoulders","Sep 12, 2025, 4:54 PM","Sep 12, 2025, 5:52 PM","","Rear Delt Reverse Fly (Machine)",,"",2,"normal",30,14,,,
"arms/shoulders","Sep 12, 2025, 4:54 PM","Sep 12, 2025, 5:52 PM","","Shrug (Dumbbell)",,"",0,"normal",25,12,,,
"arms/shoulders","Sep 12, 2025, 4:54 PM","Sep 12, 2025, 5:52 PM","","Shrug (Dumbbell)",,"",1,"normal",30,12,,,
"arms/shoulders","Sep 12, 2025, 4:54 PM","Sep 12, 2025, 5:52 PM","","Plank",,"",0,"normal",,,,140,
"arms/shoulders","Sep 12, 2025, 4:54 PM","Sep 12, 2025, 5:52 PM","","Dead Hang",,"",0,"normal",,,,42,
"arms/shoulders","Sep 12, 2025, 4:54 PM","Sep 12, 2025, 5:52 PM","","Dead Hang",,"",1,"normal",,,,35,
"arms/shoulders","Sep 12, 2025, 4:54 PM","Sep 12, 2025, 5:52 PM","","Dead Hang",,"",2,"normal",,,,23,
"legs","Sep 10, 2025, 4:55 PM","Sep 10, 2025, 5:45 PM","","Leg Extension (Machine)",,"",0,"warmup",15,15,,,
"legs","Sep 10, 2025, 4:55 PM","Sep 10, 2025, 5:45 PM","","Leg Extension (Machine)",,"",1,"normal",37.5,15,,,
"legs","Sep 10, 2025, 4:55 PM","Sep 10, 2025, 5:45 PM","","Leg Extension (Machine)",,"",2,"normal",41,14,,,
"legs","Sep 10, 2025, 4:55 PM","Sep 10, 2025, 5:45 PM","","Seated Calf Raise",,"",0,"normal",30,15,,,
"legs","Sep 10, 2025, 4:55 PM","Sep 10, 2025, 5:45 PM","","Seated Calf Raise",,"",1,"normal",30,15,,,
"legs","Sep 10, 2025, 4:55 PM","Sep 10, 2025, 5:45 PM","","Seated Calf Raise",,"",2,"normal",30,15,,,
"legs","Sep 10, 2025, 4:55 PM","Sep 10, 2025, 5:45 PM","","Lying Leg Curl (Machine)",,"",0,"normal",37.5,15,,,
"legs","Sep 10, 2025, 4:55 PM","Sep 10, 2025, 5:45 PM","","Lying Leg Curl (Machine)",,"",1,"normal",41,14,,,
"legs","Sep 10, 2025, 4:55 PM","Sep 10, 2025, 5:45 PM","","Plank",,"",0,"normal",,,,140,
"legs","Sep 10, 2025, 4:55 PM","Sep 10, 2025, 5:45 PM","","Goblet Squat",,"",0,"normal",12.5,20,,,
"legs","Sep 10, 2025, 4:55 PM","Sep 10, 2025, 5:45 PM","","Goblet Squat",,"",1,"normal",15,21,,,
"legs","Sep 10, 2025, 4:55 PM","Sep 10, 2025, 5:45 PM","","Dead Hang",,"",0,"normal",,,,20,
"legs","Sep 10, 2025, 4:55 PM","Sep 10, 2025, 5:45 PM","","Dead Hang",,"",1,"normal",,,,35,
"arms/shoulders","Sep 9, 2025, 4:47 PM","Sep 9, 2025, 5:55 PM","","Bicep Curl (Barbell)",,"",0,"normal",15,20,,,
"arms/shoulders","Sep 9, 2025, 4:47 PM","Sep 9, 2025, 5:55 PM","","Bicep Curl (Barbell)",,"",1,"normal",20,15,,,
"arms/shoulders","Sep 9, 2025, 4:47 PM","Sep 9, 2025, 5:55 PM","","Bicep Curl (Barbell)",,"",2,"normal",20,15,,,
"arms/shoulders","Sep 9, 2025, 4:47 PM","Sep 9, 2025, 5:55 PM","","Triceps Rope Pushdown",,"",0,"normal",15,17,,,
"arms/shoulders","Sep 9, 2025, 4:47 PM","Sep 9, 2025, 5:55 PM","","Triceps Rope Pushdown",,"",1,"normal",15,17,,,
"arms/shoulders","Sep 9, 2025, 4:47 PM","Sep 9, 2025, 5:55 PM","","Triceps Rope Pushdown",,"",2,"normal",17.5,7,,,
"arms/shoulders","Sep 9, 2025, 4:47 PM","Sep 9, 2025, 5:55 PM","","Triceps Extension (Dumbbell)",,"",0,"normal",10,18,,,
"arms/shoulders","Sep 9, 2025, 4:47 PM","Sep 9, 2025, 5:55 PM","","Triceps Extension (Dumbbell)",,"",1,"normal",12.5,17,,,
"arms/shoulders","Sep 9, 2025, 4:47 PM","Sep 9, 2025, 5:55 PM","","Triceps Extension (Dumbbell)",,"",2,"normal",12.5,18,,,
"arms/shoulders","Sep 9, 2025, 4:47 PM","Sep 9, 2025, 5:55 PM","","Reverse Curl (Barbell)",,"",0,"normal",20,8,,,
"arms/shoulders","Sep 9, 2025, 4:47 PM","Sep 9, 2025, 5:55 PM","","Reverse Curl (Barbell)",,"",1,"normal",15,15,,,
"arms/shoulders","Sep 9, 2025, 4:47 PM","Sep 9, 2025, 5:55 PM","","Reverse Curl (Barbell)",,"",2,"normal",15,20,,,
"arms/shoulders","Sep 9, 2025, 4:47 PM","Sep 9, 2025, 5:55 PM","","Single Arm Triceps Pushdown (Cable)",,"",0,"normal",7.5,13,,,
"arms/shoulders","Sep 9, 2025, 4:47 PM","Sep 9, 2025, 5:55 PM","","Plank",,"",0,"normal",,,,140,
"arms/shoulders","Sep 9, 2025, 4:47 PM","Sep 9, 2025, 5:55 PM","","Side Plank",,"",0,"normal",,,,50,
"arms/shoulders","Sep 9, 2025, 4:47 PM","Sep 9, 2025, 5:55 PM","","Preacher Curl (Barbell)",,"",0,"normal",15,20,,,
"arms/shoulders","Sep 9, 2025, 4:47 PM","Sep 9, 2025, 5:55 PM","","Preacher Curl (Barbell)",,"",1,"normal",20,10,,,
"arms/shoulders","Sep 9, 2025, 4:47 PM","Sep 9, 2025, 5:55 PM","","Preacher Curl (Barbell)",,"",2,"normal",15,15,,,
"chest triceps","Sep 7, 2025, 4:51 PM","Sep 7, 2025, 6:15 PM","","Incline Bench Press (Dumbbell)",,"",0,"normal",20,18,,,
"chest triceps","Sep 7, 2025, 4:51 PM","Sep 7, 2025, 6:15 PM","","Incline Bench Press (Dumbbell)",,"",1,"normal",25,15,,,
"chest triceps","Sep 7, 2025, 4:51 PM","Sep 7, 2025, 6:15 PM","","Triceps Rope Pushdown",,"",0,"normal",15,15,,,
"chest triceps","Sep 7, 2025, 4:51 PM","Sep 7, 2025, 6:15 PM","","Triceps Rope Pushdown",,"",1,"normal",15,13,,,
"chest triceps","Sep 7, 2025, 4:51 PM","Sep 7, 2025, 6:15 PM","","Triceps Pushdown",,"",0,"normal",17.5,18,,,
"chest triceps","Sep 7, 2025, 4:51 PM","Sep 7, 2025, 6:15 PM","","Triceps Pushdown",,"",1,"normal",17.5,18,,,
"chest triceps","Sep 7, 2025, 4:51 PM","Sep 7, 2025, 6:15 PM","","Triceps Pushdown",,"",2,"normal",17.5,18,,,
"chest triceps","Sep 7, 2025, 4:51 PM","Sep 7, 2025, 6:15 PM","","Push Up",,"",0,"normal",,25,,,
"chest triceps","Sep 7, 2025, 4:51 PM","Sep 7, 2025, 6:15 PM","","Push Up",,"",1,"normal",,25,,,
"chest triceps","Sep 7, 2025, 4:51 PM","Sep 7, 2025, 6:15 PM","","Plank",,"",0,"normal",,,,140,
"chest triceps","Sep 7, 2025, 4:51 PM","Sep 7, 2025, 6:15 PM","","Chest Fly (Machine)",,"",0,"normal",30,20,,,
"chest triceps","Sep 7, 2025, 4:51 PM","Sep 7, 2025, 6:15 PM","","Chest Fly (Machine)",,"",1,"normal",37.5,20,,,
"chest triceps","Sep 7, 2025, 4:51 PM","Sep 7, 2025, 6:15 PM","","Chest Fly (Machine)",,"",2,"normal",37.5,20,,,
"chest triceps","Sep 7, 2025, 4:51 PM","Sep 7, 2025, 6:15 PM","","Overhead Triceps Extension (Cable)",,"",0,"normal",10,15,,,
"chest triceps","Sep 7, 2025, 4:51 PM","Sep 7, 2025, 6:15 PM","","Overhead Triceps Extension (Cable)",,"",1,"normal",12.5,13,,,
"back bicep","Sep 6, 2025, 4:41 PM","Sep 6, 2025, 5:53 PM","","Pull Up",,"",0,"normal",,10,,,
"back bicep","Sep 6, 2025, 4:41 PM","Sep 6, 2025, 5:53 PM","","Pull Up",,"",1,"normal",,7,,,
"back bicep","Sep 6, 2025, 4:41 PM","Sep 6, 2025, 5:53 PM","","Lat Pulldown (Cable)",,"",0,"normal",43,10,,,
"back bicep","Sep 6, 2025, 4:41 PM","Sep 6, 2025, 5:53 PM","","Lat Pulldown (Cable)",,"",1,"normal",36,13,,,
"back bicep","Sep 6, 2025, 4:41 PM","Sep 6, 2025, 5:53 PM","","Lat Pulldown (Cable)",,"",2,"normal",36,13,,,
"back bicep","Sep 6, 2025, 4:41 PM","Sep 6, 2025, 5:53 PM","","Seated Cable Row - V Grip (Cable)",,"",0,"normal",36,17,,,
"back bicep","Sep 6, 2025, 4:41 PM","Sep 6, 2025, 5:53 PM","","Seated Cable Row - V Grip (Cable)",,"",1,"normal",36,16,,,
"back bicep","Sep 6, 2025, 4:41 PM","Sep 6, 2025, 5:53 PM","","Back Extension (Weighted Hyperextension)",,"",0,"normal",,15,,,
"back bicep","Sep 6, 2025, 4:41 PM","Sep 6, 2025, 5:53 PM","","Back Extension (Weighted Hyperextension)",,"",1,"normal",5,18,,,
"back bicep","Sep 6, 2025, 4:41 PM","Sep 6, 2025, 5:53 PM","","Bicep Curl (Barbell)",,"",0,"normal",15,15,,,
"back bicep","Sep 6, 2025, 4:41 PM","Sep 6, 2025, 5:53 PM","","Bicep Curl (Barbell)",,"",1,"normal",20,14,,,
"back bicep","Sep 6, 2025, 4:41 PM","Sep 6, 2025, 5:53 PM","","Bicep Curl (Dumbbell)",,"",0,"warmup",15,15,,,
"back bicep","Sep 6, 2025, 4:41 PM","Sep 6, 2025, 5:53 PM","","Bicep Curl (Dumbbell)",,"",1,"normal",20,14,,,
"back bicep","Sep 6, 2025, 4:41 PM","Sep 6, 2025, 5:53 PM","","Hammer Curl (Cable)",,"",0,"normal",25,12,,,
"back bicep","Sep 6, 2025, 4:41 PM","Sep 6, 2025, 5:53 PM","","Hammer Curl (Cable)",,"",1,"normal",20,15,,,
"back bicep","Sep 6, 2025, 4:41 PM","Sep 6, 2025, 5:53 PM","","Hammer Curl (Cable)",,"",2,"normal",25,12,,,
"back bicep","Sep 6, 2025, 4:41 PM","Sep 6, 2025, 5:53 PM","","Hammer Curl (Cable)",,"",3,"normal",20,3,,,
"back bicep","Sep 6, 2025, 4:41 PM","Sep 6, 2025, 5:53 PM","","Dead Hang",,"",0,"normal",,,,20,
"back bicep","Sep 6, 2025, 4:41 PM","Sep 6, 2025, 5:53 PM","","Dead Hang",,"",1,"normal",,,,15,
"legs","Sep 4, 2025, 4:48 PM","Sep 4, 2025, 6:02 PM","","Leg Extension (Machine)",,"",0,"warmup",15,15,,,
"legs","Sep 4, 2025, 4:48 PM","Sep 4, 2025, 6:02 PM","","Leg Extension (Machine)",,"",1,"normal",37.5,15,,,
"legs","Sep 4, 2025, 4:48 PM","Sep 4, 2025, 6:02 PM","","Leg Extension (Machine)",,"",2,"normal",37.5,11,,,
"legs","Sep 4, 2025, 4:48 PM","Sep 4, 2025, 6:02 PM","","Seated Calf Raise",,"",0,"normal",30,15,,,
"legs","Sep 4, 2025, 4:48 PM","Sep 4, 2025, 6:02 PM","","Seated Calf Raise",,"",1,"normal",30,15,,,
"legs","Sep 4, 2025, 4:48 PM","Sep 4, 2025, 6:02 PM","","Seated Calf Raise",,"",2,"normal",30,15,,,
"legs","Sep 4, 2025, 4:48 PM","Sep 4, 2025, 6:02 PM","","Lying Leg Curl (Machine)",,"",0,"normal",41,15,,,
"legs","Sep 4, 2025, 4:48 PM","Sep 4, 2025, 6:02 PM","","Lying Leg Curl (Machine)",,"",1,"normal",37.5,15,,,
"legs","Sep 4, 2025, 4:48 PM","Sep 4, 2025, 6:02 PM","","Plank",,"",0,"normal",,,,140,
"legs","Sep 4, 2025, 4:48 PM","Sep 4, 2025, 6:02 PM","","Goblet Squat",,"",0,"normal",12.5,20,,,
"legs","Sep 4, 2025, 4:48 PM","Sep 4, 2025, 6:02 PM","","Goblet Squat",,"",1,"normal",15,20,,,
"legs","Sep 4, 2025, 4:48 PM","Sep 4, 2025, 6:02 PM","","Dead Hang",,"",0,"normal",,,,50,
"legs","Sep 4, 2025, 4:48 PM","Sep 4, 2025, 6:02 PM","","Dead Hang",,"",1,"normal",,,,30,
"arms/shoulders","Sep 3, 2025, 4:28 PM","Sep 3, 2025, 5:42 PM","","Bicep Curl (Barbell)",,"",0,"normal",15,15,,,
"arms/shoulders","Sep 3, 2025, 4:28 PM","Sep 3, 2025, 5:42 PM","","Bicep Curl (Barbell)",,"",1,"normal",20,10,,,
"arms/shoulders","Sep 3, 2025, 4:28 PM","Sep 3, 2025, 5:42 PM","","Bicep Curl (Barbell)",,"",2,"normal",20,6,,,
"arms/shoulders","Sep 3, 2025, 4:28 PM","Sep 3, 2025, 5:42 PM","","Bicep Curl (Dumbbell)",,"",0,"warmup",15,16,,,
"arms/shoulders","Sep 3, 2025, 4:28 PM","Sep 3, 2025, 5:42 PM","","Bicep Curl (Dumbbell)",,"",1,"normal",20,14,,,
"arms/shoulders","Sep 3, 2025, 4:28 PM","Sep 3, 2025, 5:42 PM","","Bicep Curl (Dumbbell)",,"",2,"normal",25,7,,,
"arms/shoulders","Sep 3, 2025, 4:28 PM","Sep 3, 2025, 5:42 PM","","Bicep Curl (Dumbbell)",,"",3,"dropset",15,5,,,
"arms/shoulders","Sep 3, 2025, 4:28 PM","Sep 3, 2025, 5:42 PM","","Triceps Rope Pushdown",,"",0,"normal",17.5,10,,,
"arms/shoulders","Sep 3, 2025, 4:28 PM","Sep 3, 2025, 5:42 PM","","Triceps Rope Pushdown",,"",1,"dropset",15,7,,,
"arms/shoulders","Sep 3, 2025, 4:28 PM","Sep 3, 2025, 5:42 PM","","Triceps Rope Pushdown",,"",2,"normal",17.5,11,,,
"arms/shoulders","Sep 3, 2025, 4:28 PM","Sep 3, 2025, 5:42 PM","","Triceps Rope Pushdown",,"",3,"dropset",15,6,,,
"arms/shoulders","Sep 3, 2025, 4:28 PM","Sep 3, 2025, 5:42 PM","","Triceps Extension (Dumbbell)",,"",0,"normal",10,18,,,
"arms/shoulders","Sep 3, 2025, 4:28 PM","Sep 3, 2025, 5:42 PM","","Triceps Extension (Dumbbell)",,"",1,"normal",12.5,15,,,
"arms/shoulders","Sep 3, 2025, 4:28 PM","Sep 3, 2025, 5:42 PM","","Triceps Extension (Dumbbell)",,"",2,"normal",12.5,15,,,
"arms/shoulders","Sep 3, 2025, 4:28 PM","Sep 3, 2025, 5:42 PM","","Plank",,"",0,"normal",,,,130,
"arms/shoulders","Sep 3, 2025, 4:28 PM","Sep 3, 2025, 5:42 PM","","Side Plank",,"",0,"normal",,,,45,
"arms/shoulders","Sep 3, 2025, 4:28 PM","Sep 3, 2025, 5:42 PM","","Push Up",,"",0,"normal",,25,,,
"arms/shoulders","Sep 3, 2025, 4:28 PM","Sep 3, 2025, 5:42 PM","","Preacher Curl (Barbell)",,"",0,"normal",15,22,,,
"arms/shoulders","Sep 3, 2025, 4:28 PM","Sep 3, 2025, 5:42 PM","","Preacher Curl (Barbell)",,"",1,"normal",15,24,,,
"arms/shoulders","Sep 3, 2025, 4:28 PM","Sep 3, 2025, 5:42 PM","","Triceps Pushdown",,"",0,"normal",17.5,12,,,
"arms/shoulders","Sep 3, 2025, 4:28 PM","Sep 3, 2025, 5:42 PM","","Triceps Pushdown",,"",1,"dropset",15,6,,,
"arms/shoulders","Sep 3, 2025, 4:28 PM","Sep 3, 2025, 5:42 PM","","Triceps Pushdown",,"",2,"normal",17.5,15,,,
"arms/shoulders","Sep 3, 2025, 4:28 PM","Sep 3, 2025, 5:42 PM","","Dead Hang",,"",0,"normal",,,,45,
"chest triceps","Aug 31, 2025, 4:55 PM","Aug 31, 2025, 5:45 PM","","Incline Bench Press (Dumbbell)",,"",0,"normal",20,15,,,
"chest triceps","Aug 31, 2025, 4:55 PM","Aug 31, 2025, 5:45 PM","","Incline Bench Press (Dumbbell)",,"",1,"normal",25,16,,,
"chest triceps","Aug 31, 2025, 4:55 PM","Aug 31, 2025, 5:45 PM","","Triceps Rope Pushdown",,"",0,"normal",15,17,,,
"chest triceps","Aug 31, 2025, 4:55 PM","Aug 31, 2025, 5:45 PM","","Triceps Rope Pushdown",,"",1,"normal",17.5,7,,,
"chest triceps","Aug 31, 2025, 4:55 PM","Aug 31, 2025, 5:45 PM","","Push Up",,"",0,"normal",,20,,,
"chest triceps","Aug 31, 2025, 4:55 PM","Aug 31, 2025, 5:45 PM","","Plank",,"",0,"normal",,,,105,
"chest triceps","Aug 31, 2025, 4:55 PM","Aug 31, 2025, 5:45 PM","","Chest Fly (Machine)",,"",0,"normal",37.5,15,,,
"chest triceps","Aug 31, 2025, 4:55 PM","Aug 31, 2025, 5:45 PM","","Chest Fly (Machine)",,"",1,"normal",37.5,18,,,
"chest triceps","Aug 31, 2025, 4:55 PM","Aug 31, 2025, 5:45 PM","","Triceps Extension (Dumbbell)",,"",0,"normal",10,18,,,
"chest triceps","Aug 31, 2025, 4:55 PM","Aug 31, 2025, 5:45 PM","","Triceps Extension (Dumbbell)",,"",1,"normal",10,16,,,
"chest triceps","Aug 31, 2025, 4:55 PM","Aug 31, 2025, 5:45 PM","","Dead Hang",,"",0,"normal",,,,50,
"chest triceps","Aug 31, 2025, 4:55 PM","Aug 31, 2025, 5:45 PM","","Dead Hang",,"",1,"normal",,,,25,
"back bicep","Aug 30, 2025, 5:35 PM","Aug 30, 2025, 6:25 PM","","Pull Up",,"",0,"normal",,6,,,
"back bicep","Aug 30, 2025, 5:35 PM","Aug 30, 2025, 6:25 PM","","Pull Up",,"",1,"normal",,7,,,
"back bicep","Aug 30, 2025, 5:35 PM","Aug 30, 2025, 6:25 PM","","Seated Cable Row - V Grip (Cable)",,"",0,"normal",36,15,,,
"back bicep","Aug 30, 2025, 5:35 PM","Aug 30, 2025, 6:25 PM","","Seated Cable Row - V Grip (Cable)",,"",1,"normal",36,15,,,
"back bicep","Aug 30, 2025, 5:35 PM","Aug 30, 2025, 6:25 PM","","Back Extension (Weighted Hyperextension)",,"",0,"normal",,15,,,
"back bicep","Aug 30, 2025, 5:35 PM","Aug 30, 2025, 6:25 PM","","Back Extension (Weighted Hyperextension)",,"",1,"normal",5,15,,,
"back bicep","Aug 30, 2025, 5:35 PM","Aug 30, 2025, 6:25 PM","","Back Extension (Weighted Hyperextension)",,"",2,"normal",5,15,,,
"back bicep","Aug 30, 2025, 5:35 PM","Aug 30, 2025, 6:25 PM","","Bicep Curl (Barbell)",,"",0,"normal",20,10,,,
"back bicep","Aug 30, 2025, 5:35 PM","Aug 30, 2025, 6:25 PM","","Bicep Curl (Barbell)",,"",1,"normal",20,7,,,
"back bicep","Aug 30, 2025, 5:35 PM","Aug 30, 2025, 6:25 PM","","Bicep Curl (Dumbbell)",,"",0,"normal",20,10,,,
"back bicep","Aug 30, 2025, 5:35 PM","Aug 30, 2025, 6:25 PM","","Bicep Curl (Dumbbell)",,"",1,"normal",20,7,,,
"back bicep","Aug 30, 2025, 5:35 PM","Aug 30, 2025, 6:25 PM","","Cross Body Hammer Curl",,"",0,"normal",20,15,,,
"back bicep","Aug 30, 2025, 5:35 PM","Aug 30, 2025, 6:25 PM","","Plank",,"",0,"normal",,,,90,
"chest triceps","Aug 24, 2025, 4:33 PM","Aug 24, 2025, 6:41 PM","","Bench Press (Barbell)",,"",0,"normal",40,8,,,
"chest triceps","Aug 24, 2025, 4:33 PM","Aug 24, 2025, 6:41 PM","","Incline Bench Press (Dumbbell)",,"",0,"normal",20,18,,,
"chest triceps","Aug 24, 2025, 4:33 PM","Aug 24, 2025, 6:41 PM","","Incline Bench Press (Dumbbell)",,"",1,"normal",25,15,,,
"chest triceps","Aug 24, 2025, 4:33 PM","Aug 24, 2025, 6:41 PM","","Incline Bench Press (Dumbbell)",,"",2,"normal",25,16,,,
"chest triceps","Aug 24, 2025, 4:33 PM","Aug 24, 2025, 6:41 PM","","Triceps Rope Pushdown",,"",0,"normal",15.9,9,,,
"chest triceps","Aug 24, 2025, 4:33 PM","Aug 24, 2025, 6:41 PM","","Skullcrusher (Dumbbell)",,"",0,"normal",10,15,,,
"chest triceps","Aug 24, 2025, 4:33 PM","Aug 24, 2025, 6:41 PM","","Skullcrusher (Dumbbell)",,"",1,"normal",10,20,,,
"chest triceps","Aug 24, 2025, 4:33 PM","Aug 24, 2025, 6:41 PM","","Triceps Pushdown",,"",0,"normal",15.9,15,,,
"chest triceps","Aug 24, 2025, 4:33 PM","Aug 24, 2025, 6:41 PM","","Push Up",,"",0,"normal",,25,,,
"chest triceps","Aug 24, 2025, 4:33 PM","Aug 24, 2025, 6:41 PM","","Push Up",,"",1,"normal",,25,,,
"chest triceps","Aug 24, 2025, 4:33 PM","Aug 24, 2025, 6:41 PM","","Plank",,"",0,"normal",,,,140,
"chest triceps","Aug 24, 2025, 4:33 PM","Aug 24, 2025, 6:41 PM","","Chest Fly (Machine)",,"",0,"normal",37.5,15,,,
"chest triceps","Aug 24, 2025, 4:33 PM","Aug 24, 2025, 6:41 PM","","Chest Fly (Machine)",,"",1,"normal",37.5,16,,,
"chest triceps","Aug 24, 2025, 4:33 PM","Aug 24, 2025, 6:41 PM","","Chest Fly (Machine)",,"",2,"normal",37.5,15,,,
"chest triceps","Aug 24, 2025, 4:33 PM","Aug 24, 2025, 6:41 PM","","Chest Press (Machine)",,"",0,"normal",37.5,14,,,
"chest triceps","Aug 24, 2025, 4:33 PM","Aug 24, 2025, 6:41 PM","","Chest Press (Machine)",,"",1,"normal",37.5,14,,,
"chest triceps","Aug 24, 2025, 4:33 PM","Aug 24, 2025, 6:41 PM","","Chest Press (Machine)",,"",2,"normal",37.5,13,,,
"back bicep","Aug 23, 2025, 4:46 PM","Aug 23, 2025, 6:11 PM","","Pull Up",,"",0,"normal",,10,,,
"back bicep","Aug 23, 2025, 4:46 PM","Aug 23, 2025, 6:11 PM","","Pull Up",,"",1,"normal",,8,,,
"back bicep","Aug 23, 2025, 4:46 PM","Aug 23, 2025, 6:11 PM","","Pull Up",,"",2,"normal",,6,,,
"back bicep","Aug 23, 2025, 4:46 PM","Aug 23, 2025, 6:11 PM","","Back Extension (Weighted Hyperextension)",,"",0,"normal",,15,,,
"back bicep","Aug 23, 2025, 4:46 PM","Aug 23, 2025, 6:11 PM","","Back Extension (Weighted Hyperextension)",,"",1,"normal",10,15,,,
"back bicep","Aug 23, 2025, 4:46 PM","Aug 23, 2025, 6:11 PM","","Bicep Curl (Barbell)",,"",0,"normal",20,15,,,
"back bicep","Aug 23, 2025, 4:46 PM","Aug 23, 2025, 6:11 PM","","Cross Body Hammer Curl",,"",0,"normal",25,10,,,
"back bicep","Aug 23, 2025, 4:46 PM","Aug 23, 2025, 6:11 PM","","Hammer Curl (Cable)",,"",0,"normal",25,10,,,
"back bicep","Aug 23, 2025, 4:46 PM","Aug 23, 2025, 6:11 PM","","Plank",,"",0,"normal",,,,140,
"back bicep","Aug 23, 2025, 4:46 PM","Aug 23, 2025, 6:11 PM","","Plank",,"",1,"normal",,,,140,
"back bicep","Aug 23, 2025, 4:46 PM","Aug 23, 2025, 6:11 PM","","Lat Pulldown (Machine)",,"",0,"warmup",37.5,18,,,
"back bicep","Aug 23, 2025, 4:46 PM","Aug 23, 2025, 6:11 PM","","Lat Pulldown (Machine)",,"",1,"normal",37.5,18,,,
"back bicep","Aug 23, 2025, 4:46 PM","Aug 23, 2025, 6:11 PM","","Lat Pulldown (Machine)",,"",2,"normal",45,13,,,
"back bicep","Aug 23, 2025, 4:46 PM","Aug 23, 2025, 6:11 PM","","Iso-Lateral Row (Machine)",,"",0,"normal",45,15,,,
"back bicep","Aug 23, 2025, 4:46 PM","Aug 23, 2025, 6:11 PM","","Iso-Lateral Row (Machine)",,"",1,"normal",45,17,,,
"back bicep","Aug 23, 2025, 4:46 PM","Aug 23, 2025, 6:11 PM","","Side Plank",,"",0,"normal",,,,50,
"back bicep","Aug 23, 2025, 4:46 PM","Aug 23, 2025, 6:11 PM","","Dead Hang",,"",0,"normal",,,,35,
"legs","Aug 21, 2025, 4:05 PM","Aug 21, 2025, 5:01 PM","","Leg Extension (Machine)",,"",0,"warmup",15,15,,,
"legs","Aug 21, 2025, 4:05 PM","Aug 21, 2025, 5:01 PM","","Seated Calf Raise",,"",0,"normal",30,15,,,
"legs","Aug 21, 2025, 4:05 PM","Aug 21, 2025, 5:01 PM","","Seated Calf Raise",,"",1,"normal",30,12,,,
"legs","Aug 21, 2025, 4:05 PM","Aug 21, 2025, 5:01 PM","","Plank",,"",0,"normal",,,,140,
"legs","Aug 21, 2025, 4:05 PM","Aug 21, 2025, 5:01 PM","","Side Plank",,"",0,"normal",,,,50,
"legs","Aug 21, 2025, 4:05 PM","Aug 21, 2025, 5:01 PM","","Goblet Squat",,"",0,"normal",12.5,18,,,
"legs","Aug 21, 2025, 4:05 PM","Aug 21, 2025, 5:01 PM","","Goblet Squat",,"",1,"normal",15,18,,,
"arms/shoulders","Aug 20, 2025, 4:53 PM","Aug 20, 2025, 6:22 PM","","Bicep Curl (Barbell)",,"",0,"normal",15,16,,,
"arms/shoulders","Aug 20, 2025, 4:53 PM","Aug 20, 2025, 6:22 PM","","Bicep Curl (Barbell)",,"",1,"normal",20,16,,,
"arms/shoulders","Aug 20, 2025, 4:53 PM","Aug 20, 2025, 6:22 PM","","Bicep Curl (Barbell)",,"",2,"normal",20,16,,,
"arms/shoulders","Aug 20, 2025, 4:53 PM","Aug 20, 2025, 6:22 PM","","Bicep Curl (Dumbbell)",,"",0,"normal",20,16,,,
"arms/shoulders","Aug 20, 2025, 4:53 PM","Aug 20, 2025, 6:22 PM","","Triceps Rope Pushdown",,"",0,"normal",17.5,13,,,
"arms/shoulders","Aug 20, 2025, 4:53 PM","Aug 20, 2025, 6:22 PM","","Triceps Rope Pushdown",,"",1,"normal",17.5,11,,,
"arms/shoulders","Aug 20, 2025, 4:53 PM","Aug 20, 2025, 6:22 PM","","Triceps Extension (Dumbbell)",,"",0,"normal",12.5,14,,,
"arms/shoulders","Aug 20, 2025, 4:53 PM","Aug 20, 2025, 6:22 PM","","Skullcrusher (Dumbbell)",,"",0,"normal",10,16,,,
"arms/shoulders","Aug 20, 2025, 4:53 PM","Aug 20, 2025, 6:22 PM","","Skullcrusher (Dumbbell)",,"",1,"normal",10,16,,,
"arms/shoulders","Aug 20, 2025, 4:53 PM","Aug 20, 2025, 6:22 PM","","Skullcrusher (Dumbbell)",,"",2,"normal",10,16,,,
"arms/shoulders","Aug 20, 2025, 4:53 PM","Aug 20, 2025, 6:22 PM","","Reverse Curl (Barbell)",,"",0,"normal",20,12,,,
"arms/shoulders","Aug 20, 2025, 4:53 PM","Aug 20, 2025, 6:22 PM","","Reverse Curl (Barbell)",,"",1,"normal",20,10,,,
"arms/shoulders","Aug 20, 2025, 4:53 PM","Aug 20, 2025, 6:22 PM","","Plank",,"",0,"normal",,,,140,
"arms/shoulders","Aug 20, 2025, 4:53 PM","Aug 20, 2025, 6:22 PM","","Side Plank",,"",0,"normal",,,,50,
"arms/shoulders","Aug 20, 2025, 4:53 PM","Aug 20, 2025, 6:22 PM","","Preacher Curl (Barbell)",,"",0,"normal",15,20,,,
"arms/shoulders","Aug 20, 2025, 4:53 PM","Aug 20, 2025, 6:22 PM","","Preacher Curl (Barbell)",,"",1,"normal",20,10,,,
"arms/shoulders","Aug 20, 2025, 4:53 PM","Aug 20, 2025, 6:22 PM","","Preacher Curl (Barbell)",,"",2,"normal",20,10,,,
"arms/shoulders","Aug 20, 2025, 4:53 PM","Aug 20, 2025, 6:22 PM","","Preacher Curl (Barbell)",,"",3,"dropset",15,8,,,
"arms/shoulders","Aug 20, 2025, 4:53 PM","Aug 20, 2025, 6:22 PM","","Triceps Pushdown",,"",0,"normal",17.5,16,,,
"arms/shoulders","Aug 20, 2025, 4:53 PM","Aug 20, 2025, 6:22 PM","","Dead Hang",,"",0,"normal",,,,55,
"arms/shoulders","Aug 20, 2025, 4:53 PM","Aug 20, 2025, 6:22 PM","","Dead Hang",,"",1,"normal",,,,35,
"chest triceps","Aug 17, 2025, 4:33 PM","Aug 17, 2025, 6:02 PM","","Incline Bench Press (Dumbbell)",,"",0,"normal",25,10,,,
"chest triceps","Aug 17, 2025, 4:33 PM","Aug 17, 2025, 6:02 PM","","Incline Bench Press (Dumbbell)",,"",1,"normal",20,12,,,
"chest triceps","Aug 17, 2025, 4:33 PM","Aug 17, 2025, 6:02 PM","","Incline Bench Press (Dumbbell)",,"",2,"normal",20,15,,,
"chest triceps","Aug 17, 2025, 4:33 PM","Aug 17, 2025, 6:02 PM","","Triceps Rope Pushdown",,"",0,"normal",15,14,,,
"chest triceps","Aug 17, 2025, 4:33 PM","Aug 17, 2025, 6:02 PM","","Triceps Rope Pushdown",,"",1,"normal",15,13,,,
"chest triceps","Aug 17, 2025, 4:33 PM","Aug 17, 2025, 6:02 PM","","Skullcrusher (Dumbbell)",,"",0,"normal",10,15,,,
"chest triceps","Aug 17, 2025, 4:33 PM","Aug 17, 2025, 6:02 PM","","Skullcrusher (Dumbbell)",,"",1,"normal",10,12,,,
"chest triceps","Aug 17, 2025, 4:33 PM","Aug 17, 2025, 6:02 PM","","Triceps Pushdown",,"",0,"normal",17.5,14,,,
"chest triceps","Aug 17, 2025, 4:33 PM","Aug 17, 2025, 6:02 PM","","Push Up",,"",0,"normal",,25,,,
"chest triceps","Aug 17, 2025, 4:33 PM","Aug 17, 2025, 6:02 PM","","Push Up",,"",1,"normal",,25,,,
"chest triceps","Aug 17, 2025, 4:33 PM","Aug 17, 2025, 6:02 PM","","Single Arm Triceps Pushdown (Cable)",,"",0,"normal",7.5,10,,,
"chest triceps","Aug 17, 2025, 4:33 PM","Aug 17, 2025, 6:02 PM","","Single Arm Triceps Pushdown (Cable)",,"",1,"normal",7.5,6,,,
"chest triceps","Aug 17, 2025, 4:33 PM","Aug 17, 2025, 6:02 PM","","Plank",,"",0,"normal",,,,140,
"chest triceps","Aug 17, 2025, 4:33 PM","Aug 17, 2025, 6:02 PM","","Chest Fly (Machine)",,"",0,"normal",37.5,15,,,
"chest triceps","Aug 17, 2025, 4:33 PM","Aug 17, 2025, 6:02 PM","","Chest Fly (Machine)",,"",1,"normal",37.5,16,,,
"chest triceps","Aug 17, 2025, 4:33 PM","Aug 17, 2025, 6:02 PM","","Chest Fly (Machine)",,"",2,"normal",37.5,20,,,
"chest triceps","Aug 17, 2025, 4:33 PM","Aug 17, 2025, 6:02 PM","","Triceps Extension (Dumbbell)",,"",0,"normal",10,16,,,
"chest triceps","Aug 17, 2025, 4:33 PM","Aug 17, 2025, 6:02 PM","","Triceps Extension (Dumbbell)",,"",1,"normal",12.5,13,,,
"chest triceps","Aug 17, 2025, 4:33 PM","Aug 17, 2025, 6:02 PM","","Triceps Extension (Dumbbell)",,"",2,"normal",12.5,11,,,
"chest triceps","Aug 17, 2025, 4:33 PM","Aug 17, 2025, 6:02 PM","","Dead Hang",,"",0,"normal",,,,50,
"chest triceps","Aug 17, 2025, 4:33 PM","Aug 17, 2025, 6:02 PM","","Dead Hang",,"",1,"normal",,,,50,
"chest triceps","Aug 17, 2025, 4:33 PM","Aug 17, 2025, 6:02 PM","","Chest Press (Machine)",,"",0,"normal",37.5,15,,,
"chest triceps","Aug 17, 2025, 4:33 PM","Aug 17, 2025, 6:02 PM","","Chest Press (Machine)",,"",1,"normal",30,16,,,
"back bicep","Aug 16, 2025, 5:10 PM","Aug 16, 2025, 6:25 PM","","Pull Up",,"",0,"normal",,10,,,
"back bicep","Aug 16, 2025, 5:10 PM","Aug 16, 2025, 6:25 PM","","Pull Up",,"",1,"normal",,6,,,
"back bicep","Aug 16, 2025, 5:10 PM","Aug 16, 2025, 6:25 PM","","Back Extension (Weighted Hyperextension)",,"",0,"normal",,15,,,
"back bicep","Aug 16, 2025, 5:10 PM","Aug 16, 2025, 6:25 PM","","Back Extension (Weighted Hyperextension)",,"",1,"normal",5,15,,,
"back bicep","Aug 16, 2025, 5:10 PM","Aug 16, 2025, 6:25 PM","","Reverse Curl (Barbell)",,"",0,"normal",20,8,,,
"back bicep","Aug 16, 2025, 5:10 PM","Aug 16, 2025, 6:25 PM","","Cross Body Hammer Curl",,"",0,"normal",25,10,,,
"back bicep","Aug 16, 2025, 5:10 PM","Aug 16, 2025, 6:25 PM","","Cross Body Hammer Curl",,"",1,"normal",25,11,,,
"back bicep","Aug 16, 2025, 5:10 PM","Aug 16, 2025, 6:25 PM","","Plank",,"",0,"normal",,,,140,
"back bicep","Aug 16, 2025, 5:10 PM","Aug 16, 2025, 6:25 PM","","Lat Pulldown (Machine)",,"",0,"normal",37.5,16,,,
"back bicep","Aug 16, 2025, 5:10 PM","Aug 16, 2025, 6:25 PM","","Lat Pulldown (Machine)",,"",1,"normal",45,10,,,
"back bicep","Aug 16, 2025, 5:10 PM","Aug 16, 2025, 6:25 PM","","Iso-Lateral Row (Machine)",,"",0,"normal",37.5,19,,,
"back bicep","Aug 16, 2025, 5:10 PM","Aug 16, 2025, 6:25 PM","","Iso-Lateral Row (Machine)",,"",1,"normal",45,15,,,
"back bicep","Aug 16, 2025, 5:10 PM","Aug 16, 2025, 6:25 PM","","Iso-Lateral Row (Machine)",,"",2,"normal",45,15,,,
"back bicep","Aug 16, 2025, 5:10 PM","Aug 16, 2025, 6:25 PM","","Side Plank",,"",0,"normal",,,,50,
"arms/shoulders","Aug 15, 2025, 5:21 PM","Aug 15, 2025, 6:24 PM","","Shoulder Press (Dumbbell)",,"",0,"warmup",15,15,,,
"arms/shoulders","Aug 15, 2025, 5:21 PM","Aug 15, 2025, 6:24 PM","","Shoulder Press (Dumbbell)",,"",1,"normal",20,17,,,
"arms/shoulders","Aug 15, 2025, 5:21 PM","Aug 15, 2025, 6:24 PM","","Shoulder Press (Dumbbell)",,"",2,"normal",25,11,,,
"arms/shoulders","Aug 15, 2025, 5:21 PM","Aug 15, 2025, 6:24 PM","","Face Pull",,"",0,"normal",15.3,18,,,
"arms/shoulders","Aug 15, 2025, 5:21 PM","Aug 15, 2025, 6:24 PM","","Face Pull",,"",1,"normal",18.1,14,,,
"arms/shoulders","Aug 15, 2025, 5:21 PM","Aug 15, 2025, 6:24 PM","","Lateral Raise (Dumbbell)",,"",0,"normal",5,25,,,
"arms/shoulders","Aug 15, 2025, 5:21 PM","Aug 15, 2025, 6:24 PM","","Lateral Raise (Dumbbell)",,"",1,"normal",10,18,,,
"arms/shoulders","Aug 15, 2025, 5:21 PM","Aug 15, 2025, 6:24 PM","","Lateral Raise (Dumbbell)",,"",2,"dropset",5,8,,,
"arms/shoulders","Aug 15, 2025, 5:21 PM","Aug 15, 2025, 6:24 PM","","Lateral Raise (Dumbbell)",,"",3,"normal",10,17,,,
"arms/shoulders","Aug 15, 2025, 5:21 PM","Aug 15, 2025, 6:24 PM","","Lateral Raise (Dumbbell)",,"",4,"dropset",5,10,,,
"arms/shoulders","Aug 15, 2025, 5:21 PM","Aug 15, 2025, 6:24 PM","","Shrug (Dumbbell)",,"",0,"normal",25,12,,,
"arms/shoulders","Aug 15, 2025, 5:21 PM","Aug 15, 2025, 6:24 PM","","Shrug (Dumbbell)",,"",1,"normal",30,12,,,
"arms/shoulders","Aug 15, 2025, 5:21 PM","Aug 15, 2025, 6:24 PM","","Plank",,"",0,"normal",,,,140,
"arms/shoulders","Aug 15, 2025, 5:21 PM","Aug 15, 2025, 6:24 PM","","Side Plank",,"",0,"normal",,,,50,
"arms/shoulders","Aug 15, 2025, 5:21 PM","Aug 15, 2025, 6:24 PM","","Dead Hang",,"",0,"normal",,,,45,
"arms/shoulders","Aug 15, 2025, 5:21 PM","Aug 15, 2025, 6:24 PM","","Dead Hang",,"",1,"normal",,,,50,
"arms/shoulders","Aug 14, 2025, 4:37 PM","Aug 14, 2025, 5:50 PM","","Bicep Curl (Barbell)",,"",0,"normal",15,20,,,
"arms/shoulders","Aug 14, 2025, 4:37 PM","Aug 14, 2025, 5:50 PM","","Bicep Curl (Barbell)",,"",1,"normal",20,17,,,
"arms/shoulders","Aug 14, 2025, 4:37 PM","Aug 14, 2025, 5:50 PM","","Bicep Curl (Barbell)",,"",2,"normal",20,15,,,
"arms/shoulders","Aug 14, 2025, 4:37 PM","Aug 14, 2025, 5:50 PM","","Bicep Curl (Dumbbell)",,"",0,"warmup",15,20,,,
"arms/shoulders","Aug 14, 2025, 4:37 PM","Aug 14, 2025, 5:50 PM","","Bicep Curl (Dumbbell)",,"",1,"normal",20,16,,,
"arms/shoulders","Aug 14, 2025, 4:37 PM","Aug 14, 2025, 5:50 PM","","Bicep Curl (Dumbbell)",,"",2,"normal",20,15,,,
"arms/shoulders","Aug 14, 2025, 4:37 PM","Aug 14, 2025, 5:50 PM","","Bicep Curl (Dumbbell)",,"",3,"normal",25,7,,,
"arms/shoulders","Aug 14, 2025, 4:37 PM","Aug 14, 2025, 5:50 PM","","Triceps Rope Pushdown",,"",0,"normal",15,15,,,
"arms/shoulders","Aug 14, 2025, 4:37 PM","Aug 14, 2025, 5:50 PM","","Triceps Rope Pushdown",,"",1,"normal",15,10,,,
"arms/shoulders","Aug 14, 2025, 4:37 PM","Aug 14, 2025, 5:50 PM","","Triceps Extension (Dumbbell)",,"",0,"normal",10,18,,,
"arms/shoulders","Aug 14, 2025, 4:37 PM","Aug 14, 2025, 5:50 PM","","Skullcrusher (Dumbbell)",,"",0,"normal",10,20,,,
"arms/shoulders","Aug 14, 2025, 4:37 PM","Aug 14, 2025, 5:50 PM","","Push Up",,"",0,"normal",,25,,,
"arms/shoulders","Aug 14, 2025, 4:37 PM","Aug 14, 2025, 5:50 PM","","Preacher Curl (Barbell)",,"",0,"normal",15,20,,,
"arms/shoulders","Aug 14, 2025, 4:37 PM","Aug 14, 2025, 5:50 PM","","Preacher Curl (Barbell)",,"",1,"normal",15,20,,,
"arms/shoulders","Aug 14, 2025, 4:37 PM","Aug 14, 2025, 5:50 PM","","Triceps Pushdown",,"",0,"normal",17.5,12,,,
"arms/shoulders","Aug 14, 2025, 4:37 PM","Aug 14, 2025, 5:50 PM","","Triceps Pushdown",,"",1,"dropset",15,6,,,
"arms/shoulders","Aug 14, 2025, 4:37 PM","Aug 14, 2025, 5:50 PM","","Dead Hang",,"",0,"normal",,,,45,
"legs","Aug 12, 2025, 4:29 PM","Aug 12, 2025, 5:19 PM","","Seated Calf Raise",,"",0,"normal",30,15,,,
"legs","Aug 12, 2025, 4:29 PM","Aug 12, 2025, 5:19 PM","","Seated Calf Raise",,"",1,"normal",30,12,,,
"legs","Aug 12, 2025, 4:29 PM","Aug 12, 2025, 5:19 PM","","Lying Leg Curl (Machine)",,"",0,"normal",37.5,15,,,
"legs","Aug 12, 2025, 4:29 PM","Aug 12, 2025, 5:19 PM","","Lying Leg Curl (Machine)",,"",1,"normal",45,6,,,
"legs","Aug 12, 2025, 4:29 PM","Aug 12, 2025, 5:19 PM","","Lying Leg Curl (Machine)",,"",2,"dropset",37.5,8,,,
"legs","Aug 12, 2025, 4:29 PM","Aug 12, 2025, 5:19 PM","","Plank",,"",0,"normal",,,,135,
"legs","Aug 12, 2025, 4:29 PM","Aug 12, 2025, 5:19 PM","","Side Plank",,"",0,"normal",,,,40,
"legs","Aug 12, 2025, 4:29 PM","Aug 12, 2025, 5:19 PM","","Goblet Squat",,"",0,"normal",12.5,20,,,
"legs","Aug 12, 2025, 4:29 PM","Aug 12, 2025, 5:19 PM","","Goblet Squat",,"",1,"normal",15,19,,,
"chest triceps","Aug 10, 2025, 4:17 PM","Aug 10, 2025, 5:38 PM","","Incline Bench Press (Dumbbell)",,"",0,"normal",20,20,,,
"chest triceps","Aug 10, 2025, 4:17 PM","Aug 10, 2025, 5:38 PM","","Incline Bench Press (Dumbbell)",,"",1,"normal",25,15,,,
"chest triceps","Aug 10, 2025, 4:17 PM","Aug 10, 2025, 5:38 PM","","Incline Bench Press (Dumbbell)",,"",2,"normal",30,12,,,
"chest triceps","Aug 10, 2025, 4:17 PM","Aug 10, 2025, 5:38 PM","","Triceps Rope Pushdown",,"",0,"normal",15,14,,,
"chest triceps","Aug 10, 2025, 4:17 PM","Aug 10, 2025, 5:38 PM","","Triceps Rope Pushdown",,"",1,"normal",15,13,,,
"chest triceps","Aug 10, 2025, 4:17 PM","Aug 10, 2025, 5:38 PM","","Triceps Pushdown",,"",0,"normal",17.5,11,,,
"chest triceps","Aug 10, 2025, 4:17 PM","Aug 10, 2025, 5:38 PM","","Push Up",,"",0,"normal",,25,,,
"chest triceps","Aug 10, 2025, 4:17 PM","Aug 10, 2025, 5:38 PM","","Push Up",,"",1,"normal",,25,,,
"chest triceps","Aug 10, 2025, 4:17 PM","Aug 10, 2025, 5:38 PM","","Cable Fly Crossovers",,"",0,"normal",7.5,15,,,
"chest triceps","Aug 10, 2025, 4:17 PM","Aug 10, 2025, 5:38 PM","","Cable Fly Crossovers",,"",1,"normal",7.5,15,,,
"chest triceps","Aug 10, 2025, 4:17 PM","Aug 10, 2025, 5:38 PM","","Cable Fly Crossovers",,"",2,"normal",5,15,,,
"chest triceps","Aug 10, 2025, 4:17 PM","Aug 10, 2025, 5:38 PM","","Plank",,"",0,"normal",,,,140,
"chest triceps","Aug 10, 2025, 4:17 PM","Aug 10, 2025, 5:38 PM","","Plank",,"",1,"normal",,,,140,
"chest triceps","Aug 10, 2025, 4:17 PM","Aug 10, 2025, 5:38 PM","","Chest Fly (Machine)",,"",0,"normal",30,20,,,
"chest triceps","Aug 10, 2025, 4:17 PM","Aug 10, 2025, 5:38 PM","","Chest Fly (Machine)",,"",1,"normal",37.5,15,,,
"chest triceps","Aug 10, 2025, 4:17 PM","Aug 10, 2025, 5:38 PM","","Triceps Extension (Dumbbell)",,"",0,"normal",10,18,,,
"chest triceps","Aug 10, 2025, 4:17 PM","Aug 10, 2025, 5:38 PM","","Triceps Extension (Dumbbell)",,"",1,"normal",12.5,12,,,
"chest triceps","Aug 10, 2025, 4:17 PM","Aug 10, 2025, 5:38 PM","","Dead Hang",,"",0,"normal",,,,45,
"chest triceps","Aug 10, 2025, 4:17 PM","Aug 10, 2025, 5:38 PM","","Dead Hang",,"",1,"normal",,,,25,
"back bicep","Aug 9, 2025, 3:51 PM","Aug 9, 2025, 5:47 PM","","Pull Up",,"",0,"normal",,9,,,
"back bicep","Aug 9, 2025, 3:51 PM","Aug 9, 2025, 5:47 PM","","Pull Up",,"",1,"normal",,7,,,
"back bicep","Aug 9, 2025, 3:51 PM","Aug 9, 2025, 5:47 PM","","Pull Up",,"",2,"normal",,7,,,
"back bicep","Aug 9, 2025, 3:51 PM","Aug 9, 2025, 5:47 PM","","Back Extension (Weighted Hyperextension)",,"",0,"normal",5,15,,,
"back bicep","Aug 9, 2025, 3:51 PM","Aug 9, 2025, 5:47 PM","","Back Extension (Weighted Hyperextension)",,"",1,"normal",5,15,,,
"back bicep","Aug 9, 2025, 3:51 PM","Aug 9, 2025, 5:47 PM","","Bicep Curl (Barbell)",,"",0,"normal",15,20,,,
"back bicep","Aug 9, 2025, 3:51 PM","Aug 9, 2025, 5:47 PM","","Bicep Curl (Barbell)",,"",1,"normal",20,15,,,
"back bicep","Aug 9, 2025, 3:51 PM","Aug 9, 2025, 5:47 PM","","Bicep Curl (Dumbbell)",,"",0,"warmup",15,16,,,
"back bicep","Aug 9, 2025, 3:51 PM","Aug 9, 2025, 5:47 PM","","Bicep Curl (Dumbbell)",,"",1,"normal",20,10,,,
"back bicep","Aug 9, 2025, 3:51 PM","Aug 9, 2025, 5:47 PM","","Bicep Curl (Dumbbell)",,"",2,"normal",20,15,,,
"back bicep","Aug 9, 2025, 3:51 PM","Aug 9, 2025, 5:47 PM","","Plank",,"",0,"normal",,,,130,
"back bicep","Aug 9, 2025, 3:51 PM","Aug 9, 2025, 5:47 PM","","Plank",,"",1,"normal",,,,130,
"back bicep","Aug 9, 2025, 3:51 PM","Aug 9, 2025, 5:47 PM","","Lat Pulldown (Machine)",,"",0,"warmup",30,18,,,
"back bicep","Aug 9, 2025, 3:51 PM","Aug 9, 2025, 5:47 PM","","Lat Pulldown (Machine)",,"",1,"normal",37.5,16,,,
"back bicep","Aug 9, 2025, 3:51 PM","Aug 9, 2025, 5:47 PM","","Lat Pulldown (Machine)",,"",2,"normal",45,8,,,
"back bicep","Aug 9, 2025, 3:51 PM","Aug 9, 2025, 5:47 PM","","Iso-Lateral Row (Machine)",,"",0,"normal",37.5,19,,,
"back bicep","Aug 9, 2025, 3:51 PM","Aug 9, 2025, 5:47 PM","","Iso-Lateral Row (Machine)",,"",1,"normal",45,15,,,
"back bicep","Aug 9, 2025, 3:51 PM","Aug 9, 2025, 5:47 PM","","Iso-Lateral Row (Machine)",,"",2,"normal",45,10,,,
"back bicep","Aug 9, 2025, 3:51 PM","Aug 9, 2025, 5:47 PM","","Side Plank",,"",0,"normal",,,,45,
"arms/shoulders","Aug 7, 2025, 5:00 PM","Aug 7, 2025, 5:54 PM","","Shoulder Press (Dumbbell)",,"",0,"warmup",15,15,,,
"arms/shoulders","Aug 7, 2025, 5:00 PM","Aug 7, 2025, 5:54 PM","","Shoulder Press (Dumbbell)",,"",1,"normal",20,17,,,
"arms/shoulders","Aug 7, 2025, 5:00 PM","Aug 7, 2025, 5:54 PM","","Shoulder Press (Dumbbell)",,"",2,"normal",20,15,,,
"arms/shoulders","Aug 7, 2025, 5:00 PM","Aug 7, 2025, 5:54 PM","","Lateral Raise (Dumbbell)",,"",0,"normal",5,26,,,
"arms/shoulders","Aug 7, 2025, 5:00 PM","Aug 7, 2025, 5:54 PM","","Lateral Raise (Dumbbell)",,"",1,"normal",10,14,,,
"arms/shoulders","Aug 7, 2025, 5:00 PM","Aug 7, 2025, 5:54 PM","","Lateral Raise (Dumbbell)",,"",2,"normal",10,12,,,
"arms/shoulders","Aug 7, 2025, 5:00 PM","Aug 7, 2025, 5:54 PM","","Lateral Raise (Dumbbell)",,"",3,"dropset",5,16,,,
"arms/shoulders","Aug 7, 2025, 5:00 PM","Aug 7, 2025, 5:54 PM","","Shrug (Dumbbell)",,"",0,"normal",20,15,,,
"arms/shoulders","Aug 7, 2025, 5:00 PM","Aug 7, 2025, 5:54 PM","","Shrug (Dumbbell)",,"",1,"normal",25,12,,,
"arms/shoulders","Aug 7, 2025, 5:00 PM","Aug 7, 2025, 5:54 PM","","Plank",,"",0,"normal",,,,140,
"arms/shoulders","Aug 7, 2025, 5:00 PM","Aug 7, 2025, 5:54 PM","","Plank",,"",1,"normal",,,,135,
"arms/shoulders","Aug 6, 2025, 4:03 PM","Aug 6, 2025, 5:35 PM","","Bicep Curl (Barbell)",,"",0,"normal",20,14,,,
"arms/shoulders","Aug 6, 2025, 4:03 PM","Aug 6, 2025, 5:35 PM","","Bicep Curl (Barbell)",,"",1,"normal",20,16,,,
"arms/shoulders","Aug 6, 2025, 4:03 PM","Aug 6, 2025, 5:35 PM","","Bicep Curl (Dumbbell)",,"",0,"warmup",15,19,,,
"arms/shoulders","Aug 6, 2025, 4:03 PM","Aug 6, 2025, 5:35 PM","","Bicep Curl (Dumbbell)",,"",1,"normal",20,15,,,
"arms/shoulders","Aug 6, 2025, 4:03 PM","Aug 6, 2025, 5:35 PM","","Bicep Curl (Dumbbell)",,"",2,"normal",25,6,,,
"arms/shoulders","Aug 6, 2025, 4:03 PM","Aug 6, 2025, 5:35 PM","","Bicep Curl (Dumbbell)",,"",3,"normal",25,7,,,
"arms/shoulders","Aug 6, 2025, 4:03 PM","Aug 6, 2025, 5:35 PM","","Triceps Rope Pushdown",,"",0,"normal",13.6,16,,,
"arms/shoulders","Aug 6, 2025, 4:03 PM","Aug 6, 2025, 5:35 PM","","Triceps Rope Pushdown",,"",1,"normal",15.9,8,,,
"arms/shoulders","Aug 6, 2025, 4:03 PM","Aug 6, 2025, 5:35 PM","","Skullcrusher (Dumbbell)",,"",0,"normal",10,15,,,
"arms/shoulders","Aug 6, 2025, 4:03 PM","Aug 6, 2025, 5:35 PM","","Skullcrusher (Dumbbell)",,"",1,"normal",10,15,,,
"arms/shoulders","Aug 6, 2025, 4:03 PM","Aug 6, 2025, 5:35 PM","","Reverse Curl (Barbell)",,"",0,"normal",15,20,,,
"arms/shoulders","Aug 6, 2025, 4:03 PM","Aug 6, 2025, 5:35 PM","","Reverse Curl (Barbell)",,"",1,"normal",20,11,,,
"arms/shoulders","Aug 6, 2025, 4:03 PM","Aug 6, 2025, 5:35 PM","","Plank",,"",0,"normal",,,,135,
"arms/shoulders","Aug 6, 2025, 4:03 PM","Aug 6, 2025, 5:35 PM","","Plank",,"",1,"normal",,,,135,
"arms/shoulders","Aug 6, 2025, 4:03 PM","Aug 6, 2025, 5:35 PM","","Side Plank",,"",0,"normal",,,,50,
"arms/shoulders","Aug 6, 2025, 4:03 PM","Aug 6, 2025, 5:35 PM","","Cross Body Hammer Curl",,"",0,"normal",25,10,,,
"arms/shoulders","Aug 6, 2025, 4:03 PM","Aug 6, 2025, 5:35 PM","","Push Up",,"",0,"normal",,25,,,
"arms/shoulders","Aug 6, 2025, 4:03 PM","Aug 6, 2025, 5:35 PM","","Preacher Curl (Barbell)",,"",0,"normal",15,18,,,
"arms/shoulders","Aug 6, 2025, 4:03 PM","Aug 6, 2025, 5:35 PM","","Preacher Curl (Barbell)",,"",1,"normal",15,20,,,
"arms/shoulders","Aug 6, 2025, 4:03 PM","Aug 6, 2025, 5:35 PM","","Triceps Pushdown",,"",0,"normal",13.6,16,,,
"arms/shoulders","Aug 6, 2025, 4:03 PM","Aug 6, 2025, 5:35 PM","","Triceps Pushdown",,"",1,"normal",15.9,8,,,
"arms/shoulders","Aug 6, 2025, 4:03 PM","Aug 6, 2025, 5:35 PM","","Dead Hang",,"",0,"normal",,,,40,
"arms/shoulders","Aug 6, 2025, 4:03 PM","Aug 6, 2025, 5:35 PM","","Dead Hang",,"",1,"normal",,,,30,
"legs","Aug 5, 2025, 4:38 PM","Aug 5, 2025, 5:26 PM","","Leg Extension (Machine)",,"",0,"warmup",15,15,,,
"legs","Aug 5, 2025, 4:38 PM","Aug 5, 2025, 5:26 PM","","Leg Extension (Machine)",,"",1,"normal",30,15,,,
"legs","Aug 5, 2025, 4:38 PM","Aug 5, 2025, 5:26 PM","","Leg Extension (Machine)",,"",2,"normal",37.5,15,,,
"legs","Aug 5, 2025, 4:38 PM","Aug 5, 2025, 5:26 PM","","Seated Calf Raise",,"",0,"normal",30,15,,,
"legs","Aug 5, 2025, 4:38 PM","Aug 5, 2025, 5:26 PM","","Seated Calf Raise",,"",1,"normal",30,14,,,
"legs","Aug 5, 2025, 4:38 PM","Aug 5, 2025, 5:26 PM","","Lying Leg Curl (Machine)",,"",0,"normal",30,20,,,
"legs","Aug 5, 2025, 4:38 PM","Aug 5, 2025, 5:26 PM","","Lying Leg Curl (Machine)",,"",1,"normal",37.5,15,,,
"legs","Aug 5, 2025, 4:38 PM","Aug 5, 2025, 5:26 PM","","Plank",,"",0,"normal",,,,90,
"legs","Aug 5, 2025, 4:38 PM","Aug 5, 2025, 5:26 PM","","Plank",,"",1,"normal",,,,90,
"legs","Aug 5, 2025, 4:38 PM","Aug 5, 2025, 5:26 PM","","Goblet Squat",,"",0,"normal",12.5,20,,,
"legs","Aug 5, 2025, 4:38 PM","Aug 5, 2025, 5:26 PM","","Goblet Squat",,"",1,"normal",15,17,,,
"chest triceps","Aug 3, 2025, 4:00 PM","Aug 3, 2025, 5:48 PM","","Triceps Rope Pushdown",,"",0,"normal",12.5,15,,,
"chest triceps","Aug 3, 2025, 4:00 PM","Aug 3, 2025, 5:48 PM","","Triceps Rope Pushdown",,"",1,"normal",15,11,,,
"chest triceps","Aug 3, 2025, 4:00 PM","Aug 3, 2025, 5:48 PM","","Triceps Rope Pushdown",,"",2,"normal",15,10,,,
"chest triceps","Aug 3, 2025, 4:00 PM","Aug 3, 2025, 5:48 PM","","Triceps Rope Pushdown",,"",3,"dropset",12.5,4,,,
"chest triceps","Aug 3, 2025, 4:00 PM","Aug 3, 2025, 5:48 PM","","Triceps Pushdown",,"",0,"normal",15,16,,,
"chest triceps","Aug 3, 2025, 4:00 PM","Aug 3, 2025, 5:48 PM","","Push Up",,"",0,"normal",,25,,,
"chest triceps","Aug 3, 2025, 4:00 PM","Aug 3, 2025, 5:48 PM","","Push Up",,"",1,"normal",,25,,,
"chest triceps","Aug 3, 2025, 4:00 PM","Aug 3, 2025, 5:48 PM","","Single Arm Triceps Pushdown (Cable)",,"",0,"normal",7.5,8,,,
"chest triceps","Aug 3, 2025, 4:00 PM","Aug 3, 2025, 5:48 PM","","Single Arm Triceps Pushdown (Cable)",,"",1,"dropset",5,8,,,
"chest triceps","Aug 3, 2025, 4:00 PM","Aug 3, 2025, 5:48 PM","","Single Arm Triceps Pushdown (Cable)",,"",2,"normal",7.5,7,,,
"chest triceps","Aug 3, 2025, 4:00 PM","Aug 3, 2025, 5:48 PM","","Single Arm Triceps Pushdown (Cable)",,"",3,"normal",5,7,,,
"chest triceps","Aug 3, 2025, 4:00 PM","Aug 3, 2025, 5:48 PM","","Single Arm Triceps Pushdown (Cable)",,"",4,"normal",7.5,9,,,
"chest triceps","Aug 3, 2025, 4:00 PM","Aug 3, 2025, 5:48 PM","","Single Arm Triceps Pushdown (Cable)",,"",5,"dropset",5,9,,,
"chest triceps","Aug 3, 2025, 4:00 PM","Aug 3, 2025, 5:48 PM","","Plank",,"",0,"normal",,,,135,
"chest triceps","Aug 3, 2025, 4:00 PM","Aug 3, 2025, 5:48 PM","","Plank",,"",1,"normal",,,,115,
"chest triceps","Aug 3, 2025, 4:00 PM","Aug 3, 2025, 5:48 PM","","Chest Fly (Machine)",,"",0,"normal",30,20,,,
"chest triceps","Aug 3, 2025, 4:00 PM","Aug 3, 2025, 5:48 PM","","Chest Fly (Machine)",,"",1,"normal",37.5,15,,,
"chest triceps","Aug 3, 2025, 4:00 PM","Aug 3, 2025, 5:48 PM","","Chest Fly (Machine)",,"",2,"normal",37.5,16,,,
"chest triceps","Aug 3, 2025, 4:00 PM","Aug 3, 2025, 5:48 PM","","Bench Press (Dumbbell)",,"",0,"warmup",15,15,,,
"chest triceps","Aug 3, 2025, 4:00 PM","Aug 3, 2025, 5:48 PM","","Bench Press (Dumbbell)",,"",1,"normal",20,15,,,
"chest triceps","Aug 3, 2025, 4:00 PM","Aug 3, 2025, 5:48 PM","","Bench Press (Dumbbell)",,"",2,"normal",25,14,,,
"chest triceps","Aug 3, 2025, 4:00 PM","Aug 3, 2025, 5:48 PM","","Bench Press (Dumbbell)",,"",3,"normal",25,15,,,
"chest triceps","Aug 3, 2025, 4:00 PM","Aug 3, 2025, 5:48 PM","","Triceps Extension (Dumbbell)",,"",0,"normal",10,15,,,
"chest triceps","Aug 3, 2025, 4:00 PM","Aug 3, 2025, 5:48 PM","","Triceps Extension (Dumbbell)",,"",1,"normal",12.5,11,,,
"chest triceps","Aug 3, 2025, 4:00 PM","Aug 3, 2025, 5:48 PM","","Dead Hang",,"",0,"normal",,,,50,
"back bicep","Aug 2, 2025, 4:05 PM","Aug 2, 2025, 5:31 PM","","Pull Up",,"",0,"normal",,9,,,
"back bicep","Aug 2, 2025, 4:05 PM","Aug 2, 2025, 5:31 PM","","Pull Up",,"",1,"normal",,8,,,
"back bicep","Aug 2, 2025, 4:05 PM","Aug 2, 2025, 5:31 PM","","Pull Up",,"",2,"normal",,5,,,
"back bicep","Aug 2, 2025, 4:05 PM","Aug 2, 2025, 5:31 PM","","Lat Pulldown (Cable)",,"",0,"warmup",30,15,,,
"back bicep","Aug 2, 2025, 4:05 PM","Aug 2, 2025, 5:31 PM","","Lat Pulldown (Cable)",,"",1,"normal",37.5,18,,,
"back bicep","Aug 2, 2025, 4:05 PM","Aug 2, 2025, 5:31 PM","","Lat Pulldown (Cable)",,"",2,"normal",45,8,,,
"back bicep","Aug 2, 2025, 4:05 PM","Aug 2, 2025, 5:31 PM","","Bicep Curl (Barbell)",,"",0,"normal",15,22,,,
"back bicep","Aug 2, 2025, 4:05 PM","Aug 2, 2025, 5:31 PM","","Bicep Curl (Barbell)",,"",1,"normal",20,14,,,
"back bicep","Aug 2, 2025, 4:05 PM","Aug 2, 2025, 5:31 PM","","Bicep Curl (Dumbbell)",,"",0,"warmup",15,16,,,
"back bicep","Aug 2, 2025, 4:05 PM","Aug 2, 2025, 5:31 PM","","Bicep Curl (Dumbbell)",,"",1,"normal",20,15,,,
"back bicep","Aug 2, 2025, 4:05 PM","Aug 2, 2025, 5:31 PM","","EZ Bar Biceps Curl",,"",0,"normal",20,11,,,
"back bicep","Aug 2, 2025, 4:05 PM","Aug 2, 2025, 5:31 PM","","Cross Body Hammer Curl",,"",0,"normal",25,10,,,
"back bicep","Aug 2, 2025, 4:05 PM","Aug 2, 2025, 5:31 PM","","Hammer Curl (Cable)",,"",0,"normal",25,10,,,
"back bicep","Aug 2, 2025, 4:05 PM","Aug 2, 2025, 5:31 PM","","Reverse Curl (Barbell)",,"",0,"normal",15,20,,,
"back bicep","Aug 2, 2025, 4:05 PM","Aug 2, 2025, 5:31 PM","","Reverse Curl (Barbell)",,"",1,"normal",20,8,,,
"back bicep","Aug 2, 2025, 4:05 PM","Aug 2, 2025, 5:31 PM","","Plank",,"",0,"normal",,,,135,
"back bicep","Aug 2, 2025, 4:05 PM","Aug 2, 2025, 5:31 PM","","Plank",,"",1,"normal",,,,135,
"back bicep","Aug 2, 2025, 4:05 PM","Aug 2, 2025, 5:31 PM","","Lat Pulldown (Machine)",,"",0,"warmup",30,18,,,
"back bicep","Aug 2, 2025, 4:05 PM","Aug 2, 2025, 5:31 PM","","Lat Pulldown (Machine)",,"",1,"normal",37.5,18,,,
"back bicep","Aug 2, 2025, 4:05 PM","Aug 2, 2025, 5:31 PM","","Lat Pulldown (Machine)",,"",2,"normal",45,8,,,
"back bicep","Aug 2, 2025, 4:05 PM","Aug 2, 2025, 5:31 PM","","Iso-Lateral Row (Machine)",,"",0,"normal",37.5,19,,,
"back bicep","Aug 2, 2025, 4:05 PM","Aug 2, 2025, 5:31 PM","","Iso-Lateral Row (Machine)",,"",1,"normal",45,15,,,
"back bicep","Aug 2, 2025, 4:05 PM","Aug 2, 2025, 5:31 PM","","Side Plank",,"",0,"normal",,,,45,
"back bicep","Aug 2, 2025, 4:05 PM","Aug 2, 2025, 5:31 PM","","Dead Hang",,"",0,"normal",,,,40,
"arms/shoulders","Jul 31, 2025, 4:29 PM","Jul 31, 2025, 5:07 PM","","Shoulder Press (Dumbbell)",,"",0,"warmup",15,20,,,
"arms/shoulders","Jul 31, 2025, 4:29 PM","Jul 31, 2025, 5:07 PM","","Shoulder Press (Dumbbell)",,"",1,"normal",20,15,,,
"arms/shoulders","Jul 31, 2025, 4:29 PM","Jul 31, 2025, 5:07 PM","","Shoulder Press (Dumbbell)",,"",2,"normal",20,19,,,
"arms/shoulders","Jul 31, 2025, 4:29 PM","Jul 31, 2025, 5:07 PM","","Face Pull",,"",0,"normal",18.1,12,,,
"arms/shoulders","Jul 31, 2025, 4:29 PM","Jul 31, 2025, 5:07 PM","","Face Pull",,"",1,"normal",18.1,12,,,
"arms/shoulders","Jul 31, 2025, 4:29 PM","Jul 31, 2025, 5:07 PM","","Lateral Raise (Dumbbell)",,"",0,"normal",5,28,,,
"arms/shoulders","Jul 31, 2025, 4:29 PM","Jul 31, 2025, 5:07 PM","","Lateral Raise (Dumbbell)",,"",1,"normal",10,10,,,
"arms/shoulders","Jul 31, 2025, 4:29 PM","Jul 31, 2025, 5:07 PM","","Lateral Raise (Dumbbell)",,"",2,"dropset",5,8,,,
"arms/shoulders","Jul 31, 2025, 4:29 PM","Jul 31, 2025, 5:07 PM","","Lateral Raise (Dumbbell)",,"",3,"normal",10,12,,,
"arms/shoulders","Jul 31, 2025, 4:29 PM","Jul 31, 2025, 5:07 PM","","Lateral Raise (Dumbbell)",,"",4,"dropset",5,20,,,
"arms/shoulders","Jul 31, 2025, 4:29 PM","Jul 31, 2025, 5:07 PM","","Lateral Raise (Dumbbell)",,"",5,"normal",10,8,,,
"arms/shoulders","Jul 31, 2025, 4:29 PM","Jul 31, 2025, 5:07 PM","","Lateral Raise (Dumbbell)",,"",6,"dropset",5,24,,,
"arms/shoulders","Jul 31, 2025, 4:29 PM","Jul 31, 2025, 5:07 PM","","Rear Delt Reverse Fly (Machine)",,"",0,"normal",22.5,15,,,
"arms/shoulders","Jul 31, 2025, 4:29 PM","Jul 31, 2025, 5:07 PM","","Rear Delt Reverse Fly (Machine)",,"",1,"normal",22.5,12,,,
"arms/shoulders","Jul 31, 2025, 4:29 PM","Jul 31, 2025, 5:07 PM","","Shrug (Dumbbell)",,"",0,"normal",15,12,,,
"arms/shoulders","Jul 31, 2025, 4:29 PM","Jul 31, 2025, 5:07 PM","","Shrug (Dumbbell)",,"",1,"normal",20,12,,,
"arms/shoulders","Jul 30, 2025, 3:38 PM","Jul 30, 2025, 4:45 PM","","Bicep Curl (Dumbbell)",,"",0,"warmup",15,20,,,
"arms/shoulders","Jul 30, 2025, 3:38 PM","Jul 30, 2025, 4:45 PM","","Bicep Curl (Dumbbell)",,"",1,"normal",20,16,,,
"arms/shoulders","Jul 30, 2025, 3:38 PM","Jul 30, 2025, 4:45 PM","","Bicep Curl (Dumbbell)",,"",2,"normal",20,15,,,
"arms/shoulders","Jul 30, 2025, 3:38 PM","Jul 30, 2025, 4:45 PM","","Bicep Curl (Dumbbell)",,"",3,"dropset",15,8,,,
"arms/shoulders","Jul 30, 2025, 3:38 PM","Jul 30, 2025, 4:45 PM","","Triceps Rope Pushdown",,"",0,"normal",11.3,16,,,
"arms/shoulders","Jul 30, 2025, 3:38 PM","Jul 30, 2025, 4:45 PM","","Triceps Rope Pushdown",,"",1,"normal",13.6,12,,,
"arms/shoulders","Jul 30, 2025, 3:38 PM","Jul 30, 2025, 4:45 PM","","Reverse Curl (Barbell)",,"",0,"normal",15,20,,,
"arms/shoulders","Jul 30, 2025, 3:38 PM","Jul 30, 2025, 4:45 PM","","Single Arm Triceps Pushdown (Cable)",,"",0,"normal",4.5,15,,,
"arms/shoulders","Jul 30, 2025, 3:38 PM","Jul 30, 2025, 4:45 PM","","Plank",,"",0,"normal",,,,130,
"arms/shoulders","Jul 30, 2025, 3:38 PM","Jul 30, 2025, 4:45 PM","","Plank",,"",1,"normal",,,,130,
"arms/shoulders","Jul 30, 2025, 3:38 PM","Jul 30, 2025, 4:45 PM","","Push Up",,"",0,"normal",,20,,,
"arms/shoulders","Jul 30, 2025, 3:38 PM","Jul 30, 2025, 4:45 PM","","Preacher Curl (Barbell)",,"",0,"normal",15,15,,,
"arms/shoulders","Jul 30, 2025, 3:38 PM","Jul 30, 2025, 4:45 PM","","Preacher Curl (Barbell)",,"",1,"normal",15,20,,,
"arms/shoulders","Jul 30, 2025, 3:38 PM","Jul 30, 2025, 4:45 PM","","Triceps Pushdown",,"",0,"normal",13.6,16,,,
"arms/shoulders","Jul 30, 2025, 3:38 PM","Jul 30, 2025, 4:45 PM","","Triceps Pushdown",,"",1,"normal",15.9,11,,,
"legs","Jul 29, 2025, 4:19 PM","Jul 29, 2025, 5:15 PM","","Leg Extension (Machine)",,"",0,"warmup",15,15,,,
"legs","Jul 29, 2025, 4:19 PM","Jul 29, 2025, 5:15 PM","","Leg Extension (Machine)",,"",1,"normal",30,15,,,
"legs","Jul 29, 2025, 4:19 PM","Jul 29, 2025, 5:15 PM","","Leg Extension (Machine)",,"",2,"normal",37.5,13,,,
"legs","Jul 29, 2025, 4:19 PM","Jul 29, 2025, 5:15 PM","","Seated Calf Raise",,"",0,"normal",30,15,,,
"legs","Jul 29, 2025, 4:19 PM","Jul 29, 2025, 5:15 PM","","Seated Calf Raise",,"",1,"normal",30,14,,,
"legs","Jul 29, 2025, 4:19 PM","Jul 29, 2025, 5:15 PM","","Seated Calf Raise",,"",2,"normal",30,12,,,
"legs","Jul 29, 2025, 4:19 PM","Jul 29, 2025, 5:15 PM","","Lying Leg Curl (Machine)",,"",0,"normal",30,20,,,
"legs","Jul 29, 2025, 4:19 PM","Jul 29, 2025, 5:15 PM","","Lying Leg Curl (Machine)",,"",1,"normal",37.5,12,,,
"legs","Jul 29, 2025, 4:19 PM","Jul 29, 2025, 5:15 PM","","Plank",,"",0,"normal",,,,130,
"legs","Jul 29, 2025, 4:19 PM","Jul 29, 2025, 5:15 PM","","Goblet Squat",,"",0,"normal",12.5,18,,,
"legs","Jul 29, 2025, 4:19 PM","Jul 29, 2025, 5:15 PM","","Goblet Squat",,"",1,"normal",12.5,20,,,
"arms/shoulders","Jul 27, 2025, 4:03 PM","Jul 27, 2025, 5:42 PM","","Bicep Curl (Barbell)",,"",0,"normal",15,20,,,
"arms/shoulders","Jul 27, 2025, 4:03 PM","Jul 27, 2025, 5:42 PM","","Bicep Curl (Barbell)",,"",1,"normal",20,15,,,
"arms/shoulders","Jul 27, 2025, 4:03 PM","Jul 27, 2025, 5:42 PM","","Bicep Curl (Dumbbell)",,"",0,"warmup",15,20,,,
"arms/shoulders","Jul 27, 2025, 4:03 PM","Jul 27, 2025, 5:42 PM","","Bicep Curl (Dumbbell)",,"",1,"normal",20,15,,,
"arms/shoulders","Jul 27, 2025, 4:03 PM","Jul 27, 2025, 5:42 PM","","Bicep Curl (Dumbbell)",,"",2,"normal",20,15,,,
"arms/shoulders","Jul 27, 2025, 4:03 PM","Jul 27, 2025, 5:42 PM","","Triceps Rope Pushdown",,"",0,"normal",12.5,15,,,
"arms/shoulders","Jul 27, 2025, 4:03 PM","Jul 27, 2025, 5:42 PM","","Triceps Rope Pushdown",,"",1,"dropset",10,6,,,
"arms/shoulders","Jul 27, 2025, 4:03 PM","Jul 27, 2025, 5:42 PM","","Triceps Rope Pushdown",,"",2,"normal",15,11,,,
"arms/shoulders","Jul 27, 2025, 4:03 PM","Jul 27, 2025, 5:42 PM","","Reverse Curl (Barbell)",,"",0,"normal",20,10,,,
"arms/shoulders","Jul 27, 2025, 4:03 PM","Jul 27, 2025, 5:42 PM","","Reverse Curl (Barbell)",,"",1,"normal",15,15,,,
"arms/shoulders","Jul 27, 2025, 4:03 PM","Jul 27, 2025, 5:42 PM","","Single Arm Triceps Pushdown (Cable)",,"",0,"normal",5,16,,,
"arms/shoulders","Jul 27, 2025, 4:03 PM","Jul 27, 2025, 5:42 PM","","Single Arm Triceps Pushdown (Cable)",,"",1,"normal",7.5,6,,,
"arms/shoulders","Jul 27, 2025, 4:03 PM","Jul 27, 2025, 5:42 PM","","Single Arm Triceps Pushdown (Cable)",,"",2,"dropset",5,10,,,
"arms/shoulders","Jul 27, 2025, 4:03 PM","Jul 27, 2025, 5:42 PM","","Plank",,"",0,"normal",,,,125,
"arms/shoulders","Jul 27, 2025, 4:03 PM","Jul 27, 2025, 5:42 PM","","Plank",,"",1,"normal",,,,130,
"chest triceps","Jul 26, 2025, 4:01 PM","Jul 26, 2025, 5:06 PM","","Bench Press (Barbell)",,"",0,"normal",35,15,,,
"chest triceps","Jul 26, 2025, 4:01 PM","Jul 26, 2025, 5:06 PM","","Bench Press (Barbell)",,"",1,"normal",40,10,,,
"chest triceps","Jul 26, 2025, 4:01 PM","Jul 26, 2025, 5:06 PM","","Incline Bench Press (Dumbbell)",,"",0,"normal",20,15,,,
"chest triceps","Jul 26, 2025, 4:01 PM","Jul 26, 2025, 5:06 PM","","Incline Bench Press (Dumbbell)",,"",1,"normal",25,15,,,
"chest triceps","Jul 26, 2025, 4:01 PM","Jul 26, 2025, 5:06 PM","","Triceps Rope Pushdown",,"",0,"normal",12.5,16,,,
"chest triceps","Jul 26, 2025, 4:01 PM","Jul 26, 2025, 5:06 PM","","Triceps Rope Pushdown",,"",1,"normal",15,10,,,
"chest triceps","Jul 26, 2025, 4:01 PM","Jul 26, 2025, 5:06 PM","","Triceps Rope Pushdown",,"",2,"normal",15,10,,,
"chest triceps","Jul 26, 2025, 4:01 PM","Jul 26, 2025, 5:06 PM","","Triceps Rope Pushdown",,"",3,"dropset",12.5,5,,,
"chest triceps","Jul 26, 2025, 4:01 PM","Jul 26, 2025, 5:06 PM","","Push Up",,"",0,"normal",,25,,,
"chest triceps","Jul 26, 2025, 4:01 PM","Jul 26, 2025, 5:06 PM","","Push Up",,"",1,"normal",,22,,,
"chest triceps","Jul 26, 2025, 4:01 PM","Jul 26, 2025, 5:06 PM","","Plank",,"",0,"normal",,,,120,
"chest triceps","Jul 26, 2025, 4:01 PM","Jul 26, 2025, 5:06 PM","","Chest Fly (Machine)",,"",0,"normal",30,15,,,
"chest triceps","Jul 26, 2025, 4:01 PM","Jul 26, 2025, 5:06 PM","","Chest Fly (Machine)",,"",1,"normal",30,18,,,
"arms/shoulders","Jul 24, 2025, 4:20 PM","Jul 24, 2025, 5:14 PM","","Reverse Curl (Barbell)",,"",0,"normal",15,20,,,
"arms/shoulders","Jul 24, 2025, 4:20 PM","Jul 24, 2025, 5:14 PM","","Shoulder Press (Dumbbell)",,"",0,"warmup",15,18,,,
"arms/shoulders","Jul 24, 2025, 4:20 PM","Jul 24, 2025, 5:14 PM","","Shoulder Press (Dumbbell)",,"",1,"normal",20,16,,,
"arms/shoulders","Jul 24, 2025, 4:20 PM","Jul 24, 2025, 5:14 PM","","Face Pull",,"",0,"normal",17.5,15,,,
"arms/shoulders","Jul 24, 2025, 4:20 PM","Jul 24, 2025, 5:14 PM","","Face Pull",,"",1,"normal",20,12,,,
"arms/shoulders","Jul 24, 2025, 4:20 PM","Jul 24, 2025, 5:14 PM","","Lateral Raise (Dumbbell)",,"",0,"normal",5,24,,,
"arms/shoulders","Jul 24, 2025, 4:20 PM","Jul 24, 2025, 5:14 PM","","Lateral Raise (Dumbbell)",,"",1,"normal",5,26,,,
"arms/shoulders","Jul 24, 2025, 4:20 PM","Jul 24, 2025, 5:14 PM","","Lateral Raise (Dumbbell)",,"",2,"normal",10,9,,,
"arms/shoulders","Jul 24, 2025, 4:20 PM","Jul 24, 2025, 5:14 PM","","Lateral Raise (Dumbbell)",,"",3,"normal",5,10,,,
"arms/shoulders","Jul 24, 2025, 4:20 PM","Jul 24, 2025, 5:14 PM","","Plank",,"",0,"normal",,,,120,
"arms/shoulders","Jul 24, 2025, 4:20 PM","Jul 24, 2025, 5:14 PM","","Plank",,"",1,"normal",,,,125,
"arms/shoulders","Jul 24, 2025, 4:20 PM","Jul 24, 2025, 5:14 PM","","Side Plank",,"",0,"normal",,,,45,
"arms/shoulders","Jul 24, 2025, 4:20 PM","Jul 24, 2025, 5:14 PM","","Push Up",,"",0,"normal",,15,,,
"back bicep","Jul 23, 2025, 4:14 PM","Jul 23, 2025, 4:56 PM","","Pull Up",,"",0,"normal",,8,,,
"back bicep","Jul 23, 2025, 4:14 PM","Jul 23, 2025, 4:56 PM","","Pull Up",,"",1,"normal",,7,,,
"back bicep","Jul 23, 2025, 4:14 PM","Jul 23, 2025, 4:56 PM","","Bicep Curl (Barbell)",,"",0,"normal",15,16,,,
"back bicep","Jul 23, 2025, 4:14 PM","Jul 23, 2025, 4:56 PM","","Bicep Curl (Barbell)",,"",1,"normal",20,12,,,
"back bicep","Jul 23, 2025, 4:14 PM","Jul 23, 2025, 4:56 PM","","Bicep Curl (Dumbbell)",,"",0,"normal",20,13,,,
"back bicep","Jul 23, 2025, 4:14 PM","Jul 23, 2025, 4:56 PM","","Bicep Curl (Dumbbell)",,"",1,"normal",20,12,,,
"back bicep","Jul 23, 2025, 4:14 PM","Jul 23, 2025, 4:56 PM","","Hammer Curl (Cable)",,"",0,"normal",12.5,8,,,
"back bicep","Jul 23, 2025, 4:14 PM","Jul 23, 2025, 4:56 PM","","Reverse Curl (Barbell)",,"",0,"normal",15,15,,,
"back bicep","Jul 23, 2025, 4:14 PM","Jul 23, 2025, 4:56 PM","","Reverse Curl (Barbell)",,"",1,"normal",15,18,,,
"back bicep","Jul 23, 2025, 4:14 PM","Jul 23, 2025, 4:56 PM","","Cross Body Hammer Curl",,"",0,"normal",20,16,,,
"back bicep","Jul 23, 2025, 4:14 PM","Jul 23, 2025, 4:56 PM","","Lat Pulldown (Machine)",,"",0,"normal",30,16,,,
"back bicep","Jul 23, 2025, 4:14 PM","Jul 23, 2025, 4:56 PM","","Lat Pulldown (Machine)",,"",1,"normal",37.5,12,,,
"back bicep","Jul 23, 2025, 4:14 PM","Jul 23, 2025, 4:56 PM","","Iso-Lateral Row (Machine)",,"",0,"normal",37.5,15,,,
"back bicep","Jul 23, 2025, 4:14 PM","Jul 23, 2025, 4:56 PM","","Iso-Lateral Row (Machine)",,"",1,"normal",37.5,18,,,
"legs","Jul 22, 2025, 4:28 PM","Jul 22, 2025, 5:12 PM","","Leg Extension (Machine)",,"",0,"normal",30,15,,,
"legs","Jul 22, 2025, 4:28 PM","Jul 22, 2025, 5:12 PM","","Leg Extension (Machine)",,"",1,"normal",37.5,13,,,
"legs","Jul 22, 2025, 4:28 PM","Jul 22, 2025, 5:12 PM","","Seated Calf Raise",,"",0,"normal",20,16,,,
"legs","Jul 22, 2025, 4:28 PM","Jul 22, 2025, 5:12 PM","","Lying Leg Curl (Machine)",,"",0,"normal",30,20,,,
"legs","Jul 22, 2025, 4:28 PM","Jul 22, 2025, 5:12 PM","","Lying Leg Curl (Machine)",,"",1,"normal",30,16,,,
"legs","Jul 22, 2025, 4:28 PM","Jul 22, 2025, 5:12 PM","","Plank",,"",0,"normal",,,,125,
"legs","Jul 22, 2025, 4:28 PM","Jul 22, 2025, 5:12 PM","","Plank",,"",1,"normal",,,,125,
"legs","Jul 22, 2025, 4:28 PM","Jul 22, 2025, 5:12 PM","","Goblet Squat",,"",0,"normal",12.5,18,,,
"legs","Jul 22, 2025, 4:28 PM","Jul 22, 2025, 5:12 PM","","Goblet Squat",,"",1,"normal",12.5,18,,,
"arms/shoulders","Jul 20, 2025, 4:23 PM","Jul 20, 2025, 5:40 PM","","Bicep Curl (Barbell)",,"",0,"normal",15,20,,,
"arms/shoulders","Jul 20, 2025, 4:23 PM","Jul 20, 2025, 5:40 PM","","Bicep Curl (Barbell)",,"",1,"normal",20,15,,,
"arms/shoulders","Jul 20, 2025, 4:23 PM","Jul 20, 2025, 5:40 PM","","Bicep Curl (Barbell)",,"",2,"normal",20,14,,,
"arms/shoulders","Jul 20, 2025, 4:23 PM","Jul 20, 2025, 5:40 PM","","Bicep Curl (Dumbbell)",,"",0,"normal",20,12,,,
"arms/shoulders","Jul 20, 2025, 4:23 PM","Jul 20, 2025, 5:40 PM","","Bicep Curl (Dumbbell)",,"",1,"dropset",15,10,,,
"arms/shoulders","Jul 20, 2025, 4:23 PM","Jul 20, 2025, 5:40 PM","","Triceps Rope Pushdown",,"",0,"normal",12.5,16,,,
"arms/shoulders","Jul 20, 2025, 4:23 PM","Jul 20, 2025, 5:40 PM","","Triceps Rope Pushdown",,"",1,"normal",12.5,17,,,
"arms/shoulders","Jul 20, 2025, 4:23 PM","Jul 20, 2025, 5:40 PM","","Triceps Extension (Dumbbell)",,"",0,"normal",10,14,,,
"arms/shoulders","Jul 20, 2025, 4:23 PM","Jul 20, 2025, 5:40 PM","","Triceps Extension (Dumbbell)",,"",1,"normal",10,20,,,
"arms/shoulders","Jul 20, 2025, 4:23 PM","Jul 20, 2025, 5:40 PM","","Triceps Extension (Dumbbell)",,"",2,"normal",12.5,10,,,
"arms/shoulders","Jul 20, 2025, 4:23 PM","Jul 20, 2025, 5:40 PM","","Reverse Curl (Barbell)",,"",0,"normal",15,20,,,
"arms/shoulders","Jul 20, 2025, 4:23 PM","Jul 20, 2025, 5:40 PM","","Reverse Curl (Barbell)",,"",1,"normal",20,8,,,
"arms/shoulders","Jul 20, 2025, 4:23 PM","Jul 20, 2025, 5:40 PM","","Single Arm Triceps Pushdown (Cable)",,"",0,"normal",5,15,,,
"arms/shoulders","Jul 20, 2025, 4:23 PM","Jul 20, 2025, 5:40 PM","","Plank",,"",0,"normal",,,,120,
"arms/shoulders","Jul 20, 2025, 4:23 PM","Jul 20, 2025, 5:40 PM","","Plank",,"",1,"normal",,,,125,
"arms/shoulders","Jul 20, 2025, 4:23 PM","Jul 20, 2025, 5:40 PM","","Side Plank",,"",0,"normal",,,,40,
"chest triceps","Jul 19, 2025, 3:58 PM","Jul 19, 2025, 5:20 PM","","Triceps Rope Pushdown",,"",0,"normal",12.5,14,,,
"chest triceps","Jul 19, 2025, 3:58 PM","Jul 19, 2025, 5:20 PM","","Triceps Rope Pushdown",,"",1,"normal",15,8,,,
"chest triceps","Jul 19, 2025, 3:58 PM","Jul 19, 2025, 5:20 PM","","Triceps Rope Pushdown",,"",2,"dropset",,8,,,
"chest triceps","Jul 19, 2025, 3:58 PM","Jul 19, 2025, 5:20 PM","","Triceps Pushdown",,"",0,"normal",15,18,,,
"chest triceps","Jul 19, 2025, 3:58 PM","Jul 19, 2025, 5:20 PM","","Push Up",,"",0,"normal",,25,,,
"chest triceps","Jul 19, 2025, 3:58 PM","Jul 19, 2025, 5:20 PM","","Push Up",,"",1,"normal",,25,,,
"chest triceps","Jul 19, 2025, 3:58 PM","Jul 19, 2025, 5:20 PM","","Single Arm Triceps Pushdown (Cable)",,"",0,"normal",5,15,,,
"chest triceps","Jul 19, 2025, 3:58 PM","Jul 19, 2025, 5:20 PM","","Single Arm Triceps Pushdown (Cable)",,"",1,"normal",5,18,,,
"chest triceps","Jul 19, 2025, 3:58 PM","Jul 19, 2025, 5:20 PM","","Plank",,"",0,"normal",,,,110,
"chest triceps","Jul 19, 2025, 3:58 PM","Jul 19, 2025, 5:20 PM","","Plank",,"",1,"normal",,,,120,
"chest triceps","Jul 19, 2025, 3:58 PM","Jul 19, 2025, 5:20 PM","","Chest Fly (Machine)",,"",0,"normal",30,15,,,
"chest triceps","Jul 19, 2025, 3:58 PM","Jul 19, 2025, 5:20 PM","","Chest Fly (Machine)",,"",1,"normal",37.5,14,,,
"chest triceps","Jul 19, 2025, 3:58 PM","Jul 19, 2025, 5:20 PM","","Chest Fly (Machine)",,"",2,"normal",30,15,,,
"chest triceps","Jul 19, 2025, 3:58 PM","Jul 19, 2025, 5:20 PM","","Chest Fly (Machine)",,"",3,"normal",30,20,,,
"chest triceps","Jul 19, 2025, 3:58 PM","Jul 19, 2025, 5:20 PM","","Bench Press (Dumbbell)",,"",0,"normal",12.5,20,,,
"chest triceps","Jul 19, 2025, 3:58 PM","Jul 19, 2025, 5:20 PM","","Bench Press (Dumbbell)",,"",1,"normal",15,15,,,
"chest triceps","Jul 19, 2025, 3:58 PM","Jul 19, 2025, 5:20 PM","","Bench Press (Dumbbell)",,"",2,"normal",15,10,,,
"chest triceps","Jul 19, 2025, 3:58 PM","Jul 19, 2025, 5:20 PM","","Incline Bench Press (Dumbbell)",,"",0,"normal",12.5,10,,,
"chest triceps","Jul 19, 2025, 3:58 PM","Jul 19, 2025, 5:20 PM","","Incline Bench Press (Dumbbell)",,"",1,"normal",10,15,,,
"legs","Jul 17, 2025, 4:13 PM","Jul 17, 2025, 6:14 PM","","Leg Extension (Machine)",,"",0,"warmup",15,15,,,
"legs","Jul 17, 2025, 4:13 PM","Jul 17, 2025, 6:14 PM","","Leg Extension (Machine)",,"",1,"normal",30,15,,,
"legs","Jul 17, 2025, 4:13 PM","Jul 17, 2025, 6:14 PM","","Leg Extension (Machine)",,"",2,"normal",37.5,12,,,
"legs","Jul 17, 2025, 4:13 PM","Jul 17, 2025, 6:14 PM","","Seated Calf Raise",,"",0,"normal",20,16,,,
"legs","Jul 17, 2025, 4:13 PM","Jul 17, 2025, 6:14 PM","","Seated Calf Raise",,"",1,"normal",20,15,,,
"legs","Jul 17, 2025, 4:13 PM","Jul 17, 2025, 6:14 PM","","Lying Leg Curl (Machine)",,"",0,"normal",30,16,,,
"legs","Jul 17, 2025, 4:13 PM","Jul 17, 2025, 6:14 PM","","Lying Leg Curl (Machine)",,"",1,"normal",30,18,,,
"legs","Jul 17, 2025, 4:13 PM","Jul 17, 2025, 6:14 PM","","Plank",,"",0,"normal",,,,105,
"legs","Jul 17, 2025, 4:13 PM","Jul 17, 2025, 6:14 PM","","Plank",,"",1,"normal",,,,105,
"legs","Jul 17, 2025, 4:13 PM","Jul 17, 2025, 6:14 PM","","Goblet Squat",,"",0,"normal",10,20,,,
"legs","Jul 17, 2025, 4:13 PM","Jul 17, 2025, 6:14 PM","","Goblet Squat",,"",1,"normal",10,18,,,
"back bicep","Jul 16, 2025, 4:27 PM","Jul 16, 2025, 5:13 PM","","Pull Up",,"",0,"normal",,7,,,
"back bicep","Jul 16, 2025, 4:27 PM","Jul 16, 2025, 5:13 PM","","Pull Up",,"",1,"normal",,8,,,
"back bicep","Jul 16, 2025, 4:27 PM","Jul 16, 2025, 5:13 PM","","Pull Up",,"",2,"normal",,5,,,
"back bicep","Jul 16, 2025, 4:27 PM","Jul 16, 2025, 5:13 PM","","Back Extension (Weighted Hyperextension)",,"",0,"normal",,15,,,
"back bicep","Jul 16, 2025, 4:27 PM","Jul 16, 2025, 5:13 PM","","Bicep Curl (Barbell)",,"",0,"normal",15,18,,,
"back bicep","Jul 16, 2025, 4:27 PM","Jul 16, 2025, 5:13 PM","","Bicep Curl (Barbell)",,"",1,"normal",20,13,,,
"back bicep","Jul 16, 2025, 4:27 PM","Jul 16, 2025, 5:13 PM","","Bicep Curl (Dumbbell)",,"",0,"warmup",15,16,,,
"back bicep","Jul 16, 2025, 4:27 PM","Jul 16, 2025, 5:13 PM","","Bicep Curl (Dumbbell)",,"",1,"normal",20,15,,,
"back bicep","Jul 16, 2025, 4:27 PM","Jul 16, 2025, 5:13 PM","","Reverse Curl (Barbell)",,"",0,"normal",15,14,,,
"back bicep","Jul 16, 2025, 4:27 PM","Jul 16, 2025, 5:13 PM","","Plank",,"",0,"normal",,,,105,
"back bicep","Jul 16, 2025, 4:27 PM","Jul 16, 2025, 5:13 PM","","Plank",,"",1,"normal",,,,110,
"back bicep","Jul 16, 2025, 4:27 PM","Jul 16, 2025, 5:13 PM","","Lat Pulldown (Machine)",,"",0,"normal",30,18,,,
"back bicep","Jul 16, 2025, 4:27 PM","Jul 16, 2025, 5:13 PM","","Lat Pulldown (Machine)",,"",1,"normal",37.5,15,,,
"back bicep","Jul 16, 2025, 4:27 PM","Jul 16, 2025, 5:13 PM","","Iso-Lateral Row (Machine)",,"",0,"normal",30,18,,,
"back bicep","Jul 16, 2025, 4:27 PM","Jul 16, 2025, 5:13 PM","","Iso-Lateral Row (Machine)",,"",1,"normal",37.5,17,,,
"back bicep","Jul 16, 2025, 4:27 PM","Jul 16, 2025, 5:13 PM","","Push Up",,"",0,"normal",,25,,,
"arms/shoulders","Jul 15, 2025, 4:45 PM","Jul 15, 2025, 5:27 PM","","Shoulder Press (Dumbbell)",,"",0,"warmup",15,20,,,
"arms/shoulders","Jul 15, 2025, 4:45 PM","Jul 15, 2025, 5:27 PM","","Shoulder Press (Dumbbell)",,"",1,"normal",20,15,,,
"arms/shoulders","Jul 15, 2025, 4:45 PM","Jul 15, 2025, 5:27 PM","","Shoulder Press (Dumbbell)",,"",2,"normal",20,15,,,
"arms/shoulders","Jul 15, 2025, 4:45 PM","Jul 15, 2025, 5:27 PM","","Lateral Raise (Dumbbell)",,"",0,"normal",5,28,,,
"arms/shoulders","Jul 15, 2025, 4:45 PM","Jul 15, 2025, 5:27 PM","","Lateral Raise (Dumbbell)",,"",1,"normal",5,26,,,
"arms/shoulders","Jul 15, 2025, 4:45 PM","Jul 15, 2025, 5:27 PM","","Lateral Raise (Dumbbell)",,"",2,"normal",5,26,,,
"arms/shoulders","Jul 15, 2025, 4:45 PM","Jul 15, 2025, 5:27 PM","","Lateral Raise (Dumbbell)",,"",3,"normal",5,22,,,
"arms/shoulders","Jul 15, 2025, 4:45 PM","Jul 15, 2025, 5:27 PM","","Shrug (Dumbbell)",,"",0,"normal",20,15,,,
"arms/shoulders","Jul 15, 2025, 4:45 PM","Jul 15, 2025, 5:27 PM","","Shrug (Dumbbell)",,"",1,"normal",20,15,,,
"arms/shoulders","Jul 15, 2025, 4:45 PM","Jul 15, 2025, 5:27 PM","","Plank",,"",0,"normal",,,,105,
"arms/shoulders","Jul 15, 2025, 4:45 PM","Jul 15, 2025, 5:27 PM","","Plank",,"",1,"normal",,,,110,
"arms/shoulders","Jul 15, 2025, 4:45 PM","Jul 15, 2025, 5:27 PM","","Side Plank",,"",0,"normal",,,,30,
"arms/shoulders","Jul 15, 2025, 4:45 PM","Jul 15, 2025, 5:27 PM","","Push Up",,"",0,"normal",,25,,,
"arms/shoulders","Jul 13, 2025, 4:06 PM","Jul 13, 2025, 5:19 PM","","Bicep Curl (Barbell)",,"",0,"normal",20,15,,,
"arms/shoulders","Jul 13, 2025, 4:06 PM","Jul 13, 2025, 5:19 PM","","Bicep Curl (Barbell)",,"",1,"normal",20,15,,,
"arms/shoulders","Jul 13, 2025, 4:06 PM","Jul 13, 2025, 5:19 PM","","Bicep Curl (Barbell)",,"",2,"dropset",15,12,,,
"arms/shoulders","Jul 13, 2025, 4:06 PM","Jul 13, 2025, 5:19 PM","","Bicep Curl (Dumbbell)",,"",0,"warmup",15,18,,,
"arms/shoulders","Jul 13, 2025, 4:06 PM","Jul 13, 2025, 5:19 PM","","Bicep Curl (Dumbbell)",,"",1,"normal",20,17,,,
"arms/shoulders","Jul 13, 2025, 4:06 PM","Jul 13, 2025, 5:19 PM","","Triceps Rope Pushdown",,"",0,"normal",13.6,13,,,
"arms/shoulders","Jul 13, 2025, 4:06 PM","Jul 13, 2025, 5:19 PM","","Triceps Rope Pushdown",,"",1,"dropset",11.3,8,,,
"arms/shoulders","Jul 13, 2025, 4:06 PM","Jul 13, 2025, 5:19 PM","","Triceps Rope Pushdown",,"",2,"normal",13.6,12,,,
"arms/shoulders","Jul 13, 2025, 4:06 PM","Jul 13, 2025, 5:19 PM","","Triceps Rope Pushdown",,"",3,"dropset",11.8,7,,,
"arms/shoulders","Jul 13, 2025, 4:06 PM","Jul 13, 2025, 5:19 PM","","Single Arm Triceps Pushdown (Cable)",,"",0,"normal",5,15,,,
"arms/shoulders","Jul 13, 2025, 4:06 PM","Jul 13, 2025, 5:19 PM","","Single Arm Triceps Pushdown (Cable)",,"",1,"normal",5,15,,,
"arms/shoulders","Jul 13, 2025, 4:06 PM","Jul 13, 2025, 5:19 PM","","Single Arm Triceps Pushdown (Cable)",,"",2,"normal",5,12,,,
"arms/shoulders","Jul 13, 2025, 4:06 PM","Jul 13, 2025, 5:19 PM","","Plank",,"",0,"normal",,,,100,
"arms/shoulders","Jul 13, 2025, 4:06 PM","Jul 13, 2025, 5:19 PM","","Plank",,"",1,"normal",,,,110,
"arms/shoulders","Jul 13, 2025, 4:06 PM","Jul 13, 2025, 5:19 PM","","Cross Body Hammer Curl",,"",0,"normal",20,16,,,
"chest triceps","Jul 12, 2025, 4:02 PM","Jul 12, 2025, 5:01 PM","","Bench Press (Barbell)",,"",0,"warmup",20,15,,,
"chest triceps","Jul 12, 2025, 4:02 PM","Jul 12, 2025, 5:01 PM","","Bench Press (Barbell)",,"",1,"normal",25,15,,,
"chest triceps","Jul 12, 2025, 4:02 PM","Jul 12, 2025, 5:01 PM","","Bench Press (Barbell)",,"",2,"normal",30,15,,,
"chest triceps","Jul 12, 2025, 4:02 PM","Jul 12, 2025, 5:01 PM","","Bench Press (Barbell)",,"",3,"normal",35,15,,,
"chest triceps","Jul 12, 2025, 4:02 PM","Jul 12, 2025, 5:01 PM","","Triceps Rope Pushdown",,"",0,"normal",13.6,15,,,
"chest triceps","Jul 12, 2025, 4:02 PM","Jul 12, 2025, 5:01 PM","","Push Up",,"",0,"normal",,25,,,
"chest triceps","Jul 12, 2025, 4:02 PM","Jul 12, 2025, 5:01 PM","","Push Up",,"",1,"normal",,15,,,
"chest triceps","Jul 12, 2025, 4:02 PM","Jul 12, 2025, 5:01 PM","","Single Arm Triceps Pushdown (Cable)",,"",0,"normal",5,15,,,
"chest triceps","Jul 12, 2025, 4:02 PM","Jul 12, 2025, 5:01 PM","","Plank",,"",0,"normal",,,,100,
"chest triceps","Jul 12, 2025, 4:02 PM","Jul 12, 2025, 5:01 PM","","Plank",,"",1,"normal",,,,100,
"chest triceps","Jul 12, 2025, 4:02 PM","Jul 12, 2025, 5:01 PM","","Chest Fly (Machine)",,"",0,"normal",30,15,,,
"chest triceps","Jul 12, 2025, 4:02 PM","Jul 12, 2025, 5:01 PM","","Chest Fly (Machine)",,"",1,"normal",37.5,15,,,
"back bicep","Jul 11, 2025, 4:08 PM","Jul 11, 2025, 5:10 PM","","Pull Up",,"",0,"normal",,5,,,
"back bicep","Jul 11, 2025, 4:08 PM","Jul 11, 2025, 5:10 PM","","Pull Up",,"",1,"normal",,6,,,
"back bicep","Jul 11, 2025, 4:08 PM","Jul 11, 2025, 5:10 PM","","Pull Up",,"",2,"normal",,5,,,
"back bicep","Jul 11, 2025, 4:08 PM","Jul 11, 2025, 5:10 PM","","Bicep Curl (Barbell)",,"",0,"normal",15,20,,,
"back bicep","Jul 11, 2025, 4:08 PM","Jul 11, 2025, 5:10 PM","","Bicep Curl (Barbell)",,"",1,"normal",20,10,,,
"back bicep","Jul 11, 2025, 4:08 PM","Jul 11, 2025, 5:10 PM","","Bicep Curl (Dumbbell)",,"",0,"warmup",15,16,,,
"back bicep","Jul 11, 2025, 4:08 PM","Jul 11, 2025, 5:10 PM","","Bicep Curl (Dumbbell)",,"",1,"normal",20,12,,,
"back bicep","Jul 11, 2025, 4:08 PM","Jul 11, 2025, 5:10 PM","","Reverse Curl (Barbell)",,"",0,"normal",15,15,,,
"back bicep","Jul 11, 2025, 4:08 PM","Jul 11, 2025, 5:10 PM","","Plank",,"",0,"normal",,,,100,
"back bicep","Jul 11, 2025, 4:08 PM","Jul 11, 2025, 5:10 PM","","Plank",,"",1,"normal",,,,100,
"back bicep","Jul 11, 2025, 4:08 PM","Jul 11, 2025, 5:10 PM","","Lat Pulldown (Machine)",,"",0,"normal",22.5,25,,,
"back bicep","Jul 11, 2025, 4:08 PM","Jul 11, 2025, 5:10 PM","","Lat Pulldown (Machine)",,"",1,"normal",30,20,,,
"back bicep","Jul 11, 2025, 4:08 PM","Jul 11, 2025, 5:10 PM","","Iso-Lateral Row (Machine)",,"",0,"normal",22.5,20,,,
"back bicep","Jul 11, 2025, 4:08 PM","Jul 11, 2025, 5:10 PM","","Iso-Lateral Row (Machine)",,"",1,"normal",30,20,,,
"arms/shoulders","Jul 10, 2025, 4:14 PM","Jul 10, 2025, 5:19 PM","","Shoulder Press (Dumbbell)",,"",0,"warmup",15,18,,,
"arms/shoulders","Jul 10, 2025, 4:14 PM","Jul 10, 2025, 5:19 PM","","Shoulder Press (Dumbbell)",,"",1,"normal",15,20,,,
"arms/shoulders","Jul 10, 2025, 4:14 PM","Jul 10, 2025, 5:19 PM","","Lateral Raise (Dumbbell)",,"",0,"normal",5,28,,,
"arms/shoulders","Jul 10, 2025, 4:14 PM","Jul 10, 2025, 5:19 PM","","Lateral Raise (Dumbbell)",,"",1,"normal",5,26,,,
"arms/shoulders","Jul 10, 2025, 4:14 PM","Jul 10, 2025, 5:19 PM","","Lateral Raise (Dumbbell)",,"",2,"normal",5,24,,,
"arms/shoulders","Jul 10, 2025, 4:14 PM","Jul 10, 2025, 5:19 PM","","Rear Delt Reverse Fly (Machine)",,"",0,"normal",22.5,12,,,
"arms/shoulders","Jul 10, 2025, 4:14 PM","Jul 10, 2025, 5:19 PM","","Rear Delt Reverse Fly (Machine)",,"",1,"normal",22.5,15,,,
"arms/shoulders","Jul 10, 2025, 4:14 PM","Jul 10, 2025, 5:19 PM","","Shrug (Dumbbell)",,"",0,"normal",10,15,,,
"arms/shoulders","Jul 10, 2025, 4:14 PM","Jul 10, 2025, 5:19 PM","","Plank",,"",0,"normal",,,,95,
"arms/shoulders","Jul 10, 2025, 4:14 PM","Jul 10, 2025, 5:19 PM","","Plank",,"",1,"normal",,,,100,
"arms/shoulders","Jul 10, 2025, 4:14 PM","Jul 10, 2025, 5:19 PM","","Plank",,"",2,"normal",,,,100,
"arms/shoulders","Jul 10, 2025, 4:14 PM","Jul 10, 2025, 5:19 PM","","Push Up",,"",0,"normal",,25,,,
"arms/shoulders","Jul 10, 2025, 4:14 PM","Jul 10, 2025, 5:19 PM","","Push Up",,"",1,"normal",,25,,,
"legs","Jul 9, 2025, 4:06 PM","Jul 9, 2025, 5:12 PM","","Leg Extension (Machine)",,"",0,"warmup",15,15,,,
"legs","Jul 9, 2025, 4:06 PM","Jul 9, 2025, 5:12 PM","","Leg Extension (Machine)",,"",1,"normal",30,14,,,
"legs","Jul 9, 2025, 4:06 PM","Jul 9, 2025, 5:12 PM","","Leg Extension (Machine)",,"",2,"normal",30,13,,,
"legs","Jul 9, 2025, 4:06 PM","Jul 9, 2025, 5:12 PM","","Seated Calf Raise",,"",0,"normal",30,12,,,
"legs","Jul 9, 2025, 4:06 PM","Jul 9, 2025, 5:12 PM","","Seated Calf Raise",,"",1,"normal",30,14,,,
"legs","Jul 9, 2025, 4:06 PM","Jul 9, 2025, 5:12 PM","","Seated Calf Raise",,"",2,"normal",30,14,,,
"legs","Jul 9, 2025, 4:06 PM","Jul 9, 2025, 5:12 PM","","Lying Leg Curl (Machine)",,"",0,"normal",22.5,15,,,
"legs","Jul 9, 2025, 4:06 PM","Jul 9, 2025, 5:12 PM","","Lying Leg Curl (Machine)",,"",1,"normal",30,18,,,
"legs","Jul 9, 2025, 4:06 PM","Jul 9, 2025, 5:12 PM","","Lying Leg Curl (Machine)",,"",2,"normal",30,18,,,
"legs","Jul 9, 2025, 4:06 PM","Jul 9, 2025, 5:12 PM","","Plank",,"",0,"normal",,,,90,
"legs","Jul 9, 2025, 4:06 PM","Jul 9, 2025, 5:12 PM","","Plank",,"",1,"normal",,,,95,
"legs","Jul 9, 2025, 4:06 PM","Jul 9, 2025, 5:12 PM","","Goblet Squat",,"",0,"normal",10,20,,,
"legs","Jul 9, 2025, 4:06 PM","Jul 9, 2025, 5:12 PM","","Goblet Squat",,"",1,"normal",10,22,,,
"arms/shoulders","Jul 8, 2025, 4:29 PM","Jul 8, 2025, 5:35 PM","","Bicep Curl (Barbell)",,"",0,"normal",15,20,,,
"arms/shoulders","Jul 8, 2025, 4:29 PM","Jul 8, 2025, 5:35 PM","","Bicep Curl (Barbell)",,"",1,"normal",20,13,,,
"arms/shoulders","Jul 8, 2025, 4:29 PM","Jul 8, 2025, 5:35 PM","","Bicep Curl (Barbell)",,"",2,"dropset",15,8,,,
"arms/shoulders","Jul 8, 2025, 4:29 PM","Jul 8, 2025, 5:35 PM","","Bicep Curl (Barbell)",,"",3,"normal",20,15,,,
"arms/shoulders","Jul 8, 2025, 4:29 PM","Jul 8, 2025, 5:35 PM","","Bicep Curl (Barbell)",,"",4,"dropset",15,5,,,
"arms/shoulders","Jul 8, 2025, 4:29 PM","Jul 8, 2025, 5:35 PM","","Bicep Curl (Dumbbell)",,"",0,"normal",15,16,,,
"arms/shoulders","Jul 8, 2025, 4:29 PM","Jul 8, 2025, 5:35 PM","","Bicep Curl (Dumbbell)",,"",1,"normal",20,15,,,
"arms/shoulders","Jul 8, 2025, 4:29 PM","Jul 8, 2025, 5:35 PM","","Bicep Curl (Dumbbell)",,"",2,"normal",20,15,,,
"arms/shoulders","Jul 8, 2025, 4:29 PM","Jul 8, 2025, 5:35 PM","","Bicep Curl (Dumbbell)",,"",3,"dropset",15,5,,,
"arms/shoulders","Jul 8, 2025, 4:29 PM","Jul 8, 2025, 5:35 PM","","Triceps Rope Pushdown",,"",0,"normal",12.5,16,,,
"arms/shoulders","Jul 8, 2025, 4:29 PM","Jul 8, 2025, 5:35 PM","","Triceps Rope Pushdown",,"",1,"normal",12.5,14,,,
"arms/shoulders","Jul 8, 2025, 4:29 PM","Jul 8, 2025, 5:35 PM","","Reverse Curl (Barbell)",,"",0,"normal",15,17,,,
"arms/shoulders","Jul 8, 2025, 4:29 PM","Jul 8, 2025, 5:35 PM","","Single Arm Triceps Pushdown (Cable)",,"",0,"normal",5,15,,,
"arms/shoulders","Jul 8, 2025, 4:29 PM","Jul 8, 2025, 5:35 PM","","Single Arm Triceps Pushdown (Cable)",,"",1,"normal",5,15,,,
"arms/shoulders","Jul 8, 2025, 4:29 PM","Jul 8, 2025, 5:35 PM","","Plank",,"",0,"normal",,,,90,
"arms/shoulders","Jul 8, 2025, 4:29 PM","Jul 8, 2025, 5:35 PM","","Plank",,"",1,"normal",,,,95,
"arms/shoulders","Jul 8, 2025, 4:29 PM","Jul 8, 2025, 5:35 PM","","Push Up",,"",0,"normal",,25,,,
"arms/shoulders","Jul 8, 2025, 4:29 PM","Jul 8, 2025, 5:35 PM","","Push Up",,"",1,"normal",,25,,,
"arms/shoulders","Jul 8, 2025, 4:29 PM","Jul 8, 2025, 5:35 PM","","Side Plank",,"",0,"normal",,,,30,
"back bicep","Jul 6, 2025, 4:27 PM","Jul 6, 2025, 5:20 PM","","Pull Up",,"",0,"normal",,5,,,
"back bicep","Jul 6, 2025, 4:27 PM","Jul 6, 2025, 5:20 PM","","Pull Up",,"",1,"normal",,5,,,
"back bicep","Jul 6, 2025, 4:27 PM","Jul 6, 2025, 5:20 PM","","Bicep Curl (Barbell)",,"",0,"normal",15,20,,,
"back bicep","Jul 6, 2025, 4:27 PM","Jul 6, 2025, 5:20 PM","","Bicep Curl (Dumbbell)",,"",0,"normal",15,20,,,
"back bicep","Jul 6, 2025, 4:27 PM","Jul 6, 2025, 5:20 PM","","Bicep Curl (Dumbbell)",,"",1,"normal",20,12,,,
"back bicep","Jul 6, 2025, 4:27 PM","Jul 6, 2025, 5:20 PM","","Reverse Curl (Barbell)",,"",0,"normal",15,15,,,
"back bicep","Jul 6, 2025, 4:27 PM","Jul 6, 2025, 5:20 PM","","Plank",,"",0,"normal",,,,90,
"back bicep","Jul 6, 2025, 4:27 PM","Jul 6, 2025, 5:20 PM","","Plank",,"",1,"normal",,,,90,
"back bicep","Jul 6, 2025, 4:27 PM","Jul 6, 2025, 5:20 PM","","Push Up",,"",0,"normal",,25,,,
"back bicep","Jul 6, 2025, 4:27 PM","Jul 6, 2025, 5:20 PM","","Lying Leg Raise",,"",0,"normal",,20,,,
"back bicep","Jul 6, 2025, 4:27 PM","Jul 6, 2025, 5:20 PM","","Side Plank",,"",0,"normal",,,,30,
"back bicep","Jul 6, 2025, 4:27 PM","Jul 6, 2025, 5:20 PM","","Lat Pulldown (Machine)",,"",0,"normal",15,25,,,
"back bicep","Jul 6, 2025, 4:27 PM","Jul 6, 2025, 5:20 PM","","Lat Pulldown (Machine)",,"",1,"normal",22.5,20,,,
"back bicep","Jul 6, 2025, 4:27 PM","Jul 6, 2025, 5:20 PM","","Iso-Lateral Row (Machine)",,"",0,"normal",22.5,20,,,
"arms/shoulders","Jul 5, 2025, 12:44 PM","Jul 5, 2025, 2:16 PM","","Face Pull",,"",0,"normal",17.5,15,,,
"arms/shoulders","Jul 5, 2025, 12:44 PM","Jul 5, 2025, 2:16 PM","","Lateral Raise (Dumbbell)",,"",0,"normal",4,24,,,
"arms/shoulders","Jul 5, 2025, 12:44 PM","Jul 5, 2025, 2:16 PM","","Lateral Raise (Dumbbell)",,"",1,"normal",4,24,,,
"arms/shoulders","Jul 5, 2025, 12:44 PM","Jul 5, 2025, 2:16 PM","","Lateral Raise (Dumbbell)",,"",2,"normal",4,24,,,
"arms/shoulders","Jul 5, 2025, 12:44 PM","Jul 5, 2025, 2:16 PM","","Rear Delt Reverse Fly (Machine)",,"",0,"normal",15,15,,,
"arms/shoulders","Jul 5, 2025, 12:44 PM","Jul 5, 2025, 2:16 PM","","Shrug (Dumbbell)",,"",0,"normal",10,15,,,
"arms/shoulders","Jul 5, 2025, 12:44 PM","Jul 5, 2025, 2:16 PM","","Plank",,"",0,"normal",,,,90,
"arms/shoulders","Jul 5, 2025, 12:44 PM","Jul 5, 2025, 2:16 PM","","Plank",,"",1,"normal",,,,95,
"arms/shoulders","Jul 5, 2025, 12:44 PM","Jul 5, 2025, 2:16 PM","","Plank",,"",2,"normal",,,,95,
"arms/shoulders","Jul 5, 2025, 12:44 PM","Jul 5, 2025, 2:16 PM","","Dead Bug",,"",0,"normal",,22,,,
"arms/shoulders","Jul 5, 2025, 12:44 PM","Jul 5, 2025, 2:16 PM","","Dead Bug",,"",1,"normal",,30,,,
"arms/shoulders","Jul 5, 2025, 12:44 PM","Jul 5, 2025, 2:16 PM","","Bird Dog",,"",0,"normal",,20,,,
"arms/shoulders","Jul 5, 2025, 12:44 PM","Jul 5, 2025, 2:16 PM","","Bird Dog",,"",1,"normal",,20,,,
"arms/shoulders","Jul 5, 2025, 12:44 PM","Jul 5, 2025, 2:16 PM","","Lying Leg Raise",,"",0,"normal",,20,,,
"arms/shoulders","Jul 5, 2025, 12:44 PM","Jul 5, 2025, 2:16 PM","","Lying Leg Raise",,"",1,"normal",,20,,,
"arms/shoulders","Jul 5, 2025, 12:44 PM","Jul 5, 2025, 2:16 PM","","Side Plank",,"",0,"normal",,,,20,
"arms/shoulders","Jul 5, 2025, 12:44 PM","Jul 5, 2025, 2:16 PM","","Side Plank",,"",1,"normal",,,,20,
"chest triceps","Jul 4, 2025, 4:04 PM","Jul 4, 2025, 6:35 PM","","Triceps Rope Pushdown",,"",0,"normal",13.6,15,,,
"chest triceps","Jul 4, 2025, 4:04 PM","Jul 4, 2025, 6:35 PM","","Triceps Pushdown",,"",0,"normal",13.6,15,,,
"chest triceps","Jul 4, 2025, 4:04 PM","Jul 4, 2025, 6:35 PM","","Push Up",,"",0,"normal",,25,,,
"chest triceps","Jul 4, 2025, 4:04 PM","Jul 4, 2025, 6:35 PM","","Push Up",,"",1,"normal",,25,,,
"chest triceps","Jul 4, 2025, 4:04 PM","Jul 4, 2025, 6:35 PM","","Single Arm Triceps Pushdown (Cable)",,"",0,"normal",5,15,,,
"chest triceps","Jul 4, 2025, 4:04 PM","Jul 4, 2025, 6:35 PM","","Single Arm Triceps Pushdown (Cable)",,"",1,"normal",5,15,,,
"chest triceps","Jul 4, 2025, 4:04 PM","Jul 4, 2025, 6:35 PM","","Plank",,"",0,"normal",,,,90,
"chest triceps","Jul 4, 2025, 4:04 PM","Jul 4, 2025, 6:35 PM","","Plank",,"",1,"normal",,,,90,
"chest triceps","Jul 4, 2025, 4:04 PM","Jul 4, 2025, 6:35 PM","","Chest Press (Machine)",,"",0,"warmup",15,15,,,
"chest triceps","Jul 4, 2025, 4:04 PM","Jul 4, 2025, 6:35 PM","","Chest Press (Machine)",,"",1,"normal",22.5,24,,,
"chest triceps","Jul 4, 2025, 4:04 PM","Jul 4, 2025, 6:35 PM","","Chest Press (Machine)",,"",2,"normal",30,22,,,
"chest triceps","Jul 4, 2025, 4:04 PM","Jul 4, 2025, 6:35 PM","","Chest Press (Machine)",,"",3,"normal",37.5,12,,,
"chest triceps","Jul 4, 2025, 4:04 PM","Jul 4, 2025, 6:35 PM","","Chest Press (Machine)",,"",4,"normal",37.5,14,,,
"chest triceps","Jul 4, 2025, 4:04 PM","Jul 4, 2025, 6:35 PM","","Chest Fly (Machine)",,"",0,"normal",37.5,15,,,
"chest triceps","Jul 4, 2025, 4:04 PM","Jul 4, 2025, 6:35 PM","","Chest Fly (Machine)",,"",1,"normal",37.5,15,,,
"legs","Jul 3, 2025, 3:50 PM","Jul 3, 2025, 5:11 PM","","Leg Extension (Machine)",,"",0,"warmup",15,15,,,
"legs","Jul 3, 2025, 3:50 PM","Jul 3, 2025, 5:11 PM","","Leg Extension (Machine)",,"",1,"normal",15,15,,,
"legs","Jul 3, 2025, 3:50 PM","Jul 3, 2025, 5:11 PM","","Leg Extension (Machine)",,"",2,"normal",30,12,,,
"legs","Jul 3, 2025, 3:50 PM","Jul 3, 2025, 5:11 PM","","Seated Calf Raise",,"",0,"normal",30,12,,,
"legs","Jul 3, 2025, 3:50 PM","Jul 3, 2025, 5:11 PM","","Seated Calf Raise",,"",1,"normal",30,10,,,
"legs","Jul 3, 2025, 3:50 PM","Jul 3, 2025, 5:11 PM","","Seated Calf Raise",,"",2,"normal",30,8,,,
"legs","Jul 3, 2025, 3:50 PM","Jul 3, 2025, 5:11 PM","","Lying Leg Curl (Machine)",,"",0,"normal",22.5,15,,,
"legs","Jul 3, 2025, 3:50 PM","Jul 3, 2025, 5:11 PM","","Lying Leg Curl (Machine)",,"",1,"normal",22.5,15,,,
"legs","Jul 3, 2025, 3:50 PM","Jul 3, 2025, 5:11 PM","","Plank",,"",0,"normal",,,,85,
"legs","Jul 3, 2025, 3:50 PM","Jul 3, 2025, 5:11 PM","","Plank",,"",1,"normal",,,,90,
"legs","Jul 3, 2025, 3:50 PM","Jul 3, 2025, 5:11 PM","","Push Up",,"",0,"normal",,25,,,
"legs","Jul 3, 2025, 3:50 PM","Jul 3, 2025, 5:11 PM","","Goblet Squat",,"",0,"normal",7.5,25,,,
"legs","Jul 3, 2025, 3:50 PM","Jul 3, 2025, 5:11 PM","","Goblet Squat",,"",1,"normal",7.5,25,,,
"legs","Jul 3, 2025, 3:50 PM","Jul 3, 2025, 5:11 PM","","Lunge (Dumbbell)",,"",0,"normal",10,10,,,
"legs","Jul 3, 2025, 3:50 PM","Jul 3, 2025, 5:11 PM","","Lunge (Dumbbell)",,"",1,"normal",10,7,,,
"back bicep","Jul 2, 2025, 3:53 PM","Jul 2, 2025, 5:07 PM","","Pull Up",,"",0,"normal",,3,,,
"back bicep","Jul 2, 2025, 3:53 PM","Jul 2, 2025, 5:07 PM","","Pull Up",,"",1,"normal",,4,,,
"back bicep","Jul 2, 2025, 3:53 PM","Jul 2, 2025, 5:07 PM","","Bicep Curl (Barbell)",,"",0,"normal",15,20,,,
"back bicep","Jul 2, 2025, 3:53 PM","Jul 2, 2025, 5:07 PM","","Bicep Curl (Barbell)",,"",1,"normal",20,12,,,
"back bicep","Jul 2, 2025, 3:53 PM","Jul 2, 2025, 5:07 PM","","Bicep Curl (Dumbbell)",,"",0,"normal",15,20,,,
"back bicep","Jul 2, 2025, 3:53 PM","Jul 2, 2025, 5:07 PM","","Bicep Curl (Dumbbell)",,"",1,"normal",20,16,,,
"back bicep","Jul 2, 2025, 3:53 PM","Jul 2, 2025, 5:07 PM","","Bicep Curl (Dumbbell)",,"",2,"dropset",15,8,,,
"back bicep","Jul 2, 2025, 3:53 PM","Jul 2, 2025, 5:07 PM","","EZ Bar Biceps Curl",,"",0,"normal",20,12,,,
"back bicep","Jul 2, 2025, 3:53 PM","Jul 2, 2025, 5:07 PM","","Reverse Curl (Barbell)",,"",0,"normal",15,15,,,
"back bicep","Jul 2, 2025, 3:53 PM","Jul 2, 2025, 5:07 PM","","Plank",,"",0,"normal",,,,80,
"back bicep","Jul 2, 2025, 3:53 PM","Jul 2, 2025, 5:07 PM","","Plank",,"",1,"normal",,,,85,
"back bicep","Jul 2, 2025, 3:53 PM","Jul 2, 2025, 5:07 PM","","Push Up",,"",0,"normal",,25,,,
"back bicep","Jul 2, 2025, 3:53 PM","Jul 2, 2025, 5:07 PM","","Push Up",,"",1,"normal",,25,,,
"back bicep","Jul 2, 2025, 3:53 PM","Jul 2, 2025, 5:07 PM","","Lat Pulldown (Machine)",,"",0,"normal",15,20,,,
"back bicep","Jul 2, 2025, 3:53 PM","Jul 2, 2025, 5:07 PM","","Lat Pulldown (Machine)",,"",1,"normal",22.5,20,,,
"back bicep","Jul 2, 2025, 3:53 PM","Jul 2, 2025, 5:07 PM","","Seated Row (Machine)",,"",0,"normal",22.5,25,,,
"back bicep","Jul 2, 2025, 3:53 PM","Jul 2, 2025, 5:07 PM","","Seated Row (Machine)",,"",1,"normal",30,20,,,
"arms/shoulders","Jun 29, 2025, 3:58 PM","Jun 29, 2025, 5:18 PM","","Triceps Rope Pushdown",,"",0,"normal",12.5,18,,,
"arms/shoulders","Jun 29, 2025, 3:58 PM","Jun 29, 2025, 5:18 PM","","Single Arm Triceps Pushdown (Cable)",,"",0,"normal",5,15,,,
"arms/shoulders","Jun 29, 2025, 3:58 PM","Jun 29, 2025, 5:18 PM","","Single Arm Triceps Pushdown (Cable)",,"",1,"dropset",2.5,15,,,
"arms/shoulders","Jun 29, 2025, 3:58 PM","Jun 29, 2025, 5:18 PM","","Single Arm Triceps Pushdown (Cable)",,"",2,"normal",5,15,,,
"arms/shoulders","Jun 29, 2025, 3:58 PM","Jun 29, 2025, 5:18 PM","","Single Arm Triceps Pushdown (Cable)",,"",3,"dropset",2.5,15,,,
"arms/shoulders","Jun 29, 2025, 3:58 PM","Jun 29, 2025, 5:18 PM","","Plank",,"",0,"normal",,,,80,
"arms/shoulders","Jun 29, 2025, 3:58 PM","Jun 29, 2025, 5:18 PM","","Plank",,"",1,"normal",,,,85,
"arms/shoulders","Jun 29, 2025, 3:58 PM","Jun 29, 2025, 5:18 PM","","Plank",,"",2,"normal",,,,85,
"arms/shoulders","Jun 29, 2025, 3:58 PM","Jun 29, 2025, 5:18 PM","","Push Up",,"",0,"normal",,22,,,
"arms/shoulders","Jun 29, 2025, 3:58 PM","Jun 29, 2025, 5:18 PM","","Push Up",,"",1,"normal",,21,,,
"arms/shoulders","Jun 29, 2025, 3:58 PM","Jun 29, 2025, 5:18 PM","","Push Up",,"",2,"normal",,15,,,
"arms/shoulders","Jun 29, 2025, 3:58 PM","Jun 29, 2025, 5:18 PM","","Goblet Squat",,"",0,"normal",5,20,,,
"arms/shoulders","Jun 29, 2025, 3:58 PM","Jun 29, 2025, 5:18 PM","","Goblet Squat",,"",1,"normal",,20,,,
"arms/shoulders","Jun 29, 2025, 3:58 PM","Jun 29, 2025, 5:18 PM","","Seated Row (Machine)",,"",0,"normal",15,15,,,
"arms/shoulders","Jun 29, 2025, 3:58 PM","Jun 29, 2025, 5:18 PM","","Seated Row (Machine)",,"",1,"normal",15,15,,,
"arms/shoulders","Jun 29, 2025, 3:58 PM","Jun 29, 2025, 5:18 PM","","Lat Pulldown (Machine)",,"",0,"normal",15,15,,,
"arms/shoulders","Jun 25, 2025, 4:02 PM","Jun 25, 2025, 5:05 PM","","Bicep Curl (Barbell)",,"",0,"normal",15,20,,,
"arms/shoulders","Jun 25, 2025, 4:02 PM","Jun 25, 2025, 5:05 PM","","Bicep Curl (Dumbbell)",,"",0,"normal",15,40,,,
"arms/shoulders","Jun 25, 2025, 4:02 PM","Jun 25, 2025, 5:05 PM","","Bicep Curl (Dumbbell)",,"",1,"normal",20,13,,,
"arms/shoulders","Jun 25, 2025, 4:02 PM","Jun 25, 2025, 5:05 PM","","Bicep Curl (Dumbbell)",,"",2,"dropset",15,6,,,
"arms/shoulders","Jun 25, 2025, 4:02 PM","Jun 25, 2025, 5:05 PM","","Bicep Curl (Dumbbell)",,"",3,"normal",20,15,,,
"arms/shoulders","Jun 25, 2025, 4:02 PM","Jun 25, 2025, 5:05 PM","","Bicep Curl (Dumbbell)",,"",4,"dropset",15,8,,,
"arms/shoulders","Jun 25, 2025, 4:02 PM","Jun 25, 2025, 5:05 PM","","Plank",,"",0,"normal",,,,70,
"arms/shoulders","Jun 25, 2025, 4:02 PM","Jun 25, 2025, 5:05 PM","","Plank",,"",1,"normal",,,,80,
"arms/shoulders","Jun 25, 2025, 4:02 PM","Jun 25, 2025, 5:05 PM","","Plank",,"",2,"normal",,,,80,
"arms/shoulders","Jun 25, 2025, 4:02 PM","Jun 25, 2025, 5:05 PM","","Push Up",,"",0,"normal",,20,,,
"arms/shoulders","Jun 25, 2025, 4:02 PM","Jun 25, 2025, 5:05 PM","","Push Up",,"",1,"normal",,20,,,
"arms/shoulders","Jun 25, 2025, 4:02 PM","Jun 25, 2025, 5:05 PM","","Squat (Bodyweight)",,"",0,"normal",,26,,,
"arms/shoulders","Jun 25, 2025, 4:02 PM","Jun 25, 2025, 5:05 PM","","Squat (Bodyweight)",,"",1,"normal",,26,,,
"arms/shoulders","Jun 25, 2025, 4:02 PM","Jun 25, 2025, 5:05 PM","","Lunge",,"",0,"normal",,15,,,
"arms/shoulders","Jun 25, 2025, 4:02 PM","Jun 25, 2025, 5:05 PM","","Lunge",,"",1,"normal",,10,,,
"arms/shoulders","Jun 25, 2025, 4:02 PM","Jun 25, 2025, 5:05 PM","","Single Leg Extensions",,"",0,"normal",15,15,,,
"arms/shoulders","Jun 25, 2025, 4:02 PM","Jun 25, 2025, 5:05 PM","","Seated Calf Raise",,"",0,"normal",30,14,,,
"arms/shoulders","Jun 23, 2025, 4:39 PM","Jun 23, 2025, 5:40 PM","","Bicep Curl (Dumbbell)",,"",0,"normal",15,18,,,
"arms/shoulders","Jun 23, 2025, 4:39 PM","Jun 23, 2025, 5:40 PM","","Bicep Curl (Dumbbell)",,"",1,"normal",20,15,,,
"arms/shoulders","Jun 23, 2025, 4:39 PM","Jun 23, 2025, 5:40 PM","","Bicep Curl (Dumbbell)",,"",2,"dropset",15,7,,,
"arms/shoulders","Jun 23, 2025, 4:39 PM","Jun 23, 2025, 5:40 PM","","Reverse Curl (Barbell)",,"",0,"normal",15,15,,,
"arms/shoulders","Jun 23, 2025, 4:39 PM","Jun 23, 2025, 5:40 PM","","Reverse Curl (Barbell)",,"",1,"normal",15,15,,,
"arms/shoulders","Jun 23, 2025, 4:39 PM","Jun 23, 2025, 5:40 PM","","Plank",,"",0,"normal",,,,65,
"arms/shoulders","Jun 23, 2025, 4:39 PM","Jun 23, 2025, 5:40 PM","","Plank",,"",1,"normal",,,,65,
"arms/shoulders","Jun 23, 2025, 4:39 PM","Jun 23, 2025, 5:40 PM","","Plank",,"",2,"normal",,,,80,
"arms/shoulders","Jun 23, 2025, 4:39 PM","Jun 23, 2025, 5:40 PM","","Push Up",,"",0,"normal",,20,,,
"arms/shoulders","Jun 23, 2025, 4:39 PM","Jun 23, 2025, 5:40 PM","","Push Up",,"",1,"normal",,20,,,
"arms/shoulders","Jun 23, 2025, 4:39 PM","Jun 23, 2025, 5:40 PM","","Push Up",,"",2,"normal",,19,,,
"arms/shoulders","Jun 23, 2025, 4:39 PM","Jun 23, 2025, 5:40 PM","","Squat (Bodyweight)",,"",0,"normal",,21,,,
"arms/shoulders","Jun 23, 2025, 4:39 PM","Jun 23, 2025, 5:40 PM","","Squat (Bodyweight)",,"",1,"normal",,25,,,
"arms/shoulders","Jun 23, 2025, 4:39 PM","Jun 23, 2025, 5:40 PM","","Lunge",,"",0,"normal",,10,,,
"arms/shoulders","Jun 23, 2025, 4:39 PM","Jun 23, 2025, 5:40 PM","","Lunge",,"",1,"normal",,12,,,
"arms/shoulders","Jun 23, 2025, 4:39 PM","Jun 23, 2025, 5:40 PM","","Seated Calf Raise",,"",0,"normal",30,10,,,
"arms/shoulders","Jun 23, 2025, 4:39 PM","Jun 23, 2025, 5:40 PM","","Seated Calf Raise",,"",1,"normal",30,12,,,
"arms/shoulders","Jun 21, 2025, 3:46 PM","Jun 21, 2025, 5:12 PM","","Bicep Curl (Barbell)",,"",0,"normal",15,16,,,
"arms/shoulders","Jun 21, 2025, 3:46 PM","Jun 21, 2025, 5:12 PM","","Bicep Curl (Barbell)",,"",1,"normal",15,18,,,
"arms/shoulders","Jun 21, 2025, 3:46 PM","Jun 21, 2025, 5:12 PM","","Bicep Curl (Dumbbell)",,"",0,"normal",15,20,,,
"arms/shoulders","Jun 21, 2025, 3:46 PM","Jun 21, 2025, 5:12 PM","","Bicep Curl (Dumbbell)",,"",1,"normal",20,16,,,
"arms/shoulders","Jun 21, 2025, 3:46 PM","Jun 21, 2025, 5:12 PM","","Bicep Curl (Dumbbell)",,"",2,"dropset",15,7,,,
"arms/shoulders","Jun 21, 2025, 3:46 PM","Jun 21, 2025, 5:12 PM","","Bicep Curl (Dumbbell)",,"",3,"normal",20,13,,,
"arms/shoulders","Jun 21, 2025, 3:46 PM","Jun 21, 2025, 5:12 PM","","Bicep Curl (Dumbbell)",,"",4,"dropset",15,6,,,
"arms/shoulders","Jun 21, 2025, 3:46 PM","Jun 21, 2025, 5:12 PM","","Triceps Rope Pushdown",,"",0,"normal",13.5,15,,,
"arms/shoulders","Jun 21, 2025, 3:46 PM","Jun 21, 2025, 5:12 PM","","Single Arm Triceps Pushdown (Cable)",,"",0,"normal",4.5,6,,,
"arms/shoulders","Jun 21, 2025, 3:46 PM","Jun 21, 2025, 5:12 PM","","Single Arm Triceps Pushdown (Cable)",,"",1,"normal",2.5,18,,,
"arms/shoulders","Jun 21, 2025, 3:46 PM","Jun 21, 2025, 5:12 PM","","Push Up",,"",0,"normal",,20,,,
"arms/shoulders","Jun 21, 2025, 3:46 PM","Jun 21, 2025, 5:12 PM","","Squat (Bodyweight)",,"",0,"normal",,25,,,
"arms/shoulders","Jun 21, 2025, 3:46 PM","Jun 21, 2025, 5:12 PM","","Squat (Bodyweight)",,"",1,"normal",,25,,,
"arms/shoulders","Jun 21, 2025, 3:46 PM","Jun 21, 2025, 5:12 PM","","Lunge",,"",0,"normal",,10,,,
"arms/shoulders","Jun 21, 2025, 3:46 PM","Jun 21, 2025, 5:12 PM","","Lunge",,"",1,"normal",,10,,,
"arms/shoulders","Jun 21, 2025, 3:46 PM","Jun 21, 2025, 5:12 PM","","Seated Calf Raise",,"",0,"normal",20,15,,,
"arms/shoulders","Jun 21, 2025, 3:46 PM","Jun 21, 2025, 5:12 PM","","Seated Calf Raise",,"",1,"normal",30,8,,,
"arms/shoulders","Jun 19, 2025, 5:57 PM","Jun 19, 2025, 6:56 PM","","Bicep Curl (Barbell)",,"",0,"normal",15,15,,,
"arms/shoulders","Jun 19, 2025, 5:57 PM","Jun 19, 2025, 6:56 PM","","Bicep Curl (Barbell)",,"",1,"normal",15,15,,,
"arms/shoulders","Jun 19, 2025, 5:57 PM","Jun 19, 2025, 6:56 PM","","Bicep Curl (Dumbbell)",,"",0,"normal",15,16,,,
"arms/shoulders","Jun 19, 2025, 5:57 PM","Jun 19, 2025, 6:56 PM","","Bicep Curl (Dumbbell)",,"",1,"normal",20,14,,,
"arms/shoulders","Jun 19, 2025, 5:57 PM","Jun 19, 2025, 6:56 PM","","Seated Calf Raise",,"",0,"normal",20,15,,,
"arms/shoulders","Jun 19, 2025, 5:57 PM","Jun 19, 2025, 6:56 PM","","Seated Calf Raise",,"",1,"normal",20,15,,,
"legs","May 27, 2025, 5:32 PM","May 27, 2025, 6:01 PM","","Leg Extension (Machine)",,"",0,"normal",32,15,,,
"legs","May 27, 2025, 5:32 PM","May 27, 2025, 6:01 PM","","Leg Extension (Machine)",,"",1,"normal",32,15,,,
"legs","May 27, 2025, 5:32 PM","May 27, 2025, 6:01 PM","","Lying Leg Curl (Machine)",,"",0,"normal",32,16,,,
"legs","May 27, 2025, 5:32 PM","May 27, 2025, 6:01 PM","","Lying Leg Curl (Machine)",,"",1,"normal",36,8,,,
"legs","May 27, 2025, 5:32 PM","May 27, 2025, 6:01 PM","","Squat (Smith Machine)",,"",0,"normal",40,10,,,
"legs","May 27, 2025, 5:32 PM","May 27, 2025, 6:01 PM","","Squat (Smith Machine)",,"",1,"normal",40,10,,,
"chest triceps","May 23, 2025, 4:23 PM","May 23, 2025, 5:19 PM","","Incline Bench Press (Dumbbell)",,"",0,"normal",20,16,,,
"chest triceps","May 23, 2025, 4:23 PM","May 23, 2025, 5:19 PM","","Incline Bench Press (Dumbbell)",,"",1,"normal",25,15,,,
"chest triceps","May 23, 2025, 4:23 PM","May 23, 2025, 5:19 PM","","Incline Bench Press (Dumbbell)",,"",2,"normal",30,12,,,
"chest triceps","May 23, 2025, 4:23 PM","May 23, 2025, 5:19 PM","","Triceps Rope Pushdown",,"",0,"normal",13.6,15,,,
"chest triceps","May 23, 2025, 4:23 PM","May 23, 2025, 5:19 PM","","Triceps Rope Pushdown",,"",1,"dropset",11.8,7,,,
"chest triceps","May 23, 2025, 4:23 PM","May 23, 2025, 5:19 PM","","Triceps Rope Pushdown",,"",2,"dropset",9.1,7,,,
"chest triceps","May 23, 2025, 4:23 PM","May 23, 2025, 5:19 PM","","Triceps Pushdown",,"",0,"normal",13.6,16,,,
"chest triceps","May 23, 2025, 4:23 PM","May 23, 2025, 5:19 PM","","Push Up",,"",0,"normal",,22,,,
"chest triceps","May 23, 2025, 4:23 PM","May 23, 2025, 5:19 PM","","Push Up",,"",1,"normal",,21,,,
"chest triceps","May 23, 2025, 4:23 PM","May 23, 2025, 5:19 PM","","Cable Fly Crossovers",,"",0,"normal",6.8,15,,,
"chest triceps","May 23, 2025, 4:23 PM","May 23, 2025, 5:19 PM","","Cable Fly Crossovers",,"",1,"normal",6.8,17,,,
"chest triceps","May 23, 2025, 4:23 PM","May 23, 2025, 5:19 PM","","Cable Fly Crossovers",,"",2,"normal",4.5,15,,,
"chest triceps","May 23, 2025, 4:23 PM","May 23, 2025, 5:19 PM","","Cable Fly Crossovers",,"",3,"normal",2.5,7,,,
"chest triceps","May 23, 2025, 4:23 PM","May 23, 2025, 5:19 PM","","Single Arm Triceps Pushdown (Cable)",,"",0,"normal",4.5,13,,,
"back bicep","May 22, 2025, 5:38 PM","May 22, 2025, 6:32 PM","","Pull Up",,"",0,"normal",,10,,,
"back bicep","May 22, 2025, 5:38 PM","May 22, 2025, 6:32 PM","","Pull Up",,"",1,"normal",,8,,,
"back bicep","May 22, 2025, 5:38 PM","May 22, 2025, 6:32 PM","","Pull Up",,"",2,"normal",,6,,,
"back bicep","May 22, 2025, 5:38 PM","May 22, 2025, 6:32 PM","","Seated Cable Row - V Grip (Cable)",,"",0,"normal",36,15,,,
"back bicep","May 22, 2025, 5:38 PM","May 22, 2025, 6:32 PM","","Seated Cable Row - V Grip (Cable)",,"",1,"normal",41,10,,,
"back bicep","May 22, 2025, 5:38 PM","May 22, 2025, 6:32 PM","","Seated Cable Row - V Grip (Cable)",,"",2,"normal",41,12,,,
"back bicep","May 22, 2025, 5:38 PM","May 22, 2025, 6:32 PM","","Bicep Curl (Barbell)",,"",0,"normal",15,24,,,
"back bicep","May 22, 2025, 5:38 PM","May 22, 2025, 6:32 PM","","Bicep Curl (Barbell)",,"",1,"normal",20,15,,,
"back bicep","May 22, 2025, 5:38 PM","May 22, 2025, 6:32 PM","","Bicep Curl (Dumbbell)",,"",0,"normal",20,14,,,
"back bicep","May 22, 2025, 5:38 PM","May 22, 2025, 6:32 PM","","Bicep Curl (Dumbbell)",,"",1,"dropset",15,6,,,
"back bicep","May 22, 2025, 5:38 PM","May 22, 2025, 6:32 PM","","Bicep Curl (Dumbbell)",,"",2,"normal",20,12,,,
"back bicep","May 22, 2025, 5:38 PM","May 22, 2025, 6:32 PM","","Reverse Curl (Barbell)",,"",0,"normal",15,20,,,
"arms/shoulders","May 16, 2025, 6:36 PM","May 16, 2025, 7:19 PM","","Shoulder Press (Dumbbell)",,"",0,"warmup",15,20,,,
"arms/shoulders","May 16, 2025, 6:36 PM","May 16, 2025, 7:19 PM","","Shoulder Press (Dumbbell)",,"",1,"normal",20,20,,,
"arms/shoulders","May 16, 2025, 6:36 PM","May 16, 2025, 7:19 PM","","Shoulder Press (Dumbbell)",,"",2,"normal",20,21,,,
"arms/shoulders","May 16, 2025, 6:36 PM","May 16, 2025, 7:19 PM","","Face Pull",,"",0,"normal",17.5,15,,,
"arms/shoulders","May 16, 2025, 6:36 PM","May 16, 2025, 7:19 PM","","Face Pull",,"",1,"normal",20,12,,,
"arms/shoulders","May 16, 2025, 6:36 PM","May 16, 2025, 7:19 PM","","Lateral Raise (Dumbbell)",,"",0,"normal",5,25,,,
"arms/shoulders","May 16, 2025, 6:36 PM","May 16, 2025, 7:19 PM","","Lateral Raise (Dumbbell)",,"",1,"normal",5,24,,,
"arms/shoulders","May 16, 2025, 6:36 PM","May 16, 2025, 7:19 PM","","Lateral Raise (Dumbbell)",,"",2,"normal",10,12,,,
"arms/shoulders","May 16, 2025, 6:36 PM","May 16, 2025, 7:19 PM","","Shrug (Dumbbell)",,"",0,"normal",30,12,,,
"arms/shoulders","May 16, 2025, 6:36 PM","May 16, 2025, 7:19 PM","","Shrug (Dumbbell)",,"",1,"normal",35,5,,,
"arms/shoulders","May 14, 2025, 6:23 PM","May 14, 2025, 8:01 PM","","Bicep Curl (Barbell)",,"",0,"normal",20,14,,,
"arms/shoulders","May 14, 2025, 6:23 PM","May 14, 2025, 8:01 PM","","Bicep Curl (Barbell)",,"",1,"normal",20,14,,,
"arms/shoulders","May 14, 2025, 6:23 PM","May 14, 2025, 8:01 PM","","Bicep Curl (Barbell)",,"",2,"dropset",15,8,,,
"arms/shoulders","May 14, 2025, 6:23 PM","May 14, 2025, 8:01 PM","","Bicep Curl (Dumbbell)",,"",0,"normal",25,12,,,
"arms/shoulders","May 14, 2025, 6:23 PM","May 14, 2025, 8:01 PM","","Bicep Curl (Dumbbell)",,"",1,"normal",20,12,,,
"arms/shoulders","May 14, 2025, 6:23 PM","May 14, 2025, 8:01 PM","","Bicep Curl (Dumbbell)",,"",2,"dropset",15,6,,,
"arms/shoulders","May 14, 2025, 6:23 PM","May 14, 2025, 8:01 PM","","Triceps Rope Pushdown",,"",0,"normal",13.5,14,,,
"arms/shoulders","May 14, 2025, 6:23 PM","May 14, 2025, 8:01 PM","","Triceps Rope Pushdown",,"",1,"normal",13.5,14,,,
"arms/shoulders","May 14, 2025, 6:23 PM","May 14, 2025, 8:01 PM","","Single Arm Triceps Pushdown (Cable)",,"",0,"normal",4.5,13,,,
"legs","May 13, 2025, 6:17 PM","May 13, 2025, 7:08 PM","","Leg Extension (Machine)",,"",0,"warmup",27,12,,,
"legs","May 13, 2025, 6:17 PM","May 13, 2025, 7:08 PM","","Leg Extension (Machine)",,"",1,"normal",36,15,,,
"legs","May 13, 2025, 6:17 PM","May 13, 2025, 7:08 PM","","Leg Extension (Machine)",,"",2,"normal",36,15,,,
"legs","May 13, 2025, 6:17 PM","May 13, 2025, 7:08 PM","","Lying Leg Curl (Machine)",,"",0,"normal",36,15,,,
"legs","May 13, 2025, 6:17 PM","May 13, 2025, 7:08 PM","","Lying Leg Curl (Machine)",,"",1,"normal",36,15,,,
"legs","May 13, 2025, 6:17 PM","May 13, 2025, 7:08 PM","","Squat (Smith Machine)",,"",0,"normal",40,16,,,
"legs","May 13, 2025, 6:17 PM","May 13, 2025, 7:08 PM","","Squat (Smith Machine)",,"",1,"normal",45,6,,,
"legs","May 13, 2025, 6:17 PM","May 13, 2025, 7:08 PM","","Standing Calf Raise (Smith)",,"",0,"normal",40,15,,,
"legs","May 13, 2025, 6:17 PM","May 13, 2025, 7:08 PM","","Standing Calf Raise (Smith)",,"",1,"normal",45,15,,,
"chest triceps","May 8, 2025, 3:39 PM","May 8, 2025, 5:04 PM","","Bench Press (Barbell)",,"",0,"normal",40,15,,,
"chest triceps","May 8, 2025, 3:39 PM","May 8, 2025, 5:04 PM","","Bench Press (Barbell)",,"",1,"normal",45,10,,,
"chest triceps","May 8, 2025, 3:39 PM","May 8, 2025, 5:04 PM","","Bench Press (Barbell)",,"",2,"warmup",30,12,,,
"chest triceps","May 8, 2025, 3:39 PM","May 8, 2025, 5:04 PM","","Incline Bench Press (Dumbbell)",,"",0,"normal",10,16,,,
"chest triceps","May 8, 2025, 3:39 PM","May 8, 2025, 5:04 PM","","Incline Bench Press (Dumbbell)",,"",1,"normal",10,18,,,
"chest triceps","May 8, 2025, 3:39 PM","May 8, 2025, 5:04 PM","","Triceps Rope Pushdown",,"",0,"normal",13.6,14,,,
"chest triceps","May 8, 2025, 3:39 PM","May 8, 2025, 5:04 PM","","Triceps Rope Pushdown",,"",1,"dropset",11.8,7,,,
"chest triceps","May 8, 2025, 3:39 PM","May 8, 2025, 5:04 PM","","Triceps Rope Pushdown",,"",2,"normal",,14,,,
"chest triceps","May 8, 2025, 3:39 PM","May 8, 2025, 5:04 PM","","Skullcrusher (Dumbbell)",,"",0,"normal",5,15,,,
"chest triceps","May 8, 2025, 3:39 PM","May 8, 2025, 5:04 PM","","Triceps Pushdown",,"",0,"normal",13.6,12,,,
"chest triceps","May 8, 2025, 3:39 PM","May 8, 2025, 5:04 PM","","Push Up",,"",0,"normal",,20,,,
"chest triceps","May 8, 2025, 3:39 PM","May 8, 2025, 5:04 PM","","Push Up",,"",1,"normal",,20,,,
"chest triceps","May 8, 2025, 3:39 PM","May 8, 2025, 5:04 PM","","Cable Fly Crossovers",,"",0,"normal",9,12,,,
"arms/shoulders","May 6, 2025, 4:45 PM","May 6, 2025, 5:26 PM","","Bicep Curl (Barbell)",,"",0,"normal",15,22,,,
"arms/shoulders","May 6, 2025, 4:45 PM","May 6, 2025, 5:26 PM","","Bicep Curl (Barbell)",,"",1,"normal",15,18,,,
"arms/shoulders","May 6, 2025, 4:45 PM","May 6, 2025, 5:26 PM","","Bicep Curl (Dumbbell)",,"",0,"normal",20,16,,,
"arms/shoulders","May 6, 2025, 4:45 PM","May 6, 2025, 5:26 PM","","Bicep Curl (Dumbbell)",,"",1,"dropset",15,10,,,
"arms/shoulders","May 6, 2025, 4:45 PM","May 6, 2025, 5:26 PM","","Bicep Curl (Dumbbell)",,"",2,"normal",20,15,,,
"arms/shoulders","May 6, 2025, 4:45 PM","May 6, 2025, 5:26 PM","","Bicep Curl (Dumbbell)",,"",3,"dropset",15,6,,,
"arms/shoulders","May 6, 2025, 4:45 PM","May 6, 2025, 5:26 PM","","Triceps Rope Pushdown",,"",0,"normal",13.5,14,,,
"arms/shoulders","May 6, 2025, 4:45 PM","May 6, 2025, 5:26 PM","","Triceps Extension (Dumbbell)",,"",0,"normal",15,15,,,
"arms/shoulders","May 6, 2025, 4:45 PM","May 6, 2025, 5:26 PM","","Triceps Extension (Dumbbell)",,"",1,"normal",15,15,,,
"back bicep","Apr 26, 2025, 12:17 PM","Apr 26, 2025, 1:54 PM","","Pull Up",,"",0,"normal",,9,,,
"back bicep","Apr 26, 2025, 12:17 PM","Apr 26, 2025, 1:54 PM","","Pull Up",,"",1,"normal",,6,,,
"back bicep","Apr 26, 2025, 12:17 PM","Apr 26, 2025, 1:54 PM","","Lat Pulldown (Cable)",,"",0,"normal",36,15,,,
"back bicep","Apr 26, 2025, 12:17 PM","Apr 26, 2025, 1:54 PM","","Lat Pulldown (Cable)",,"",1,"normal",36,16,,,
"back bicep","Apr 26, 2025, 12:17 PM","Apr 26, 2025, 1:54 PM","","Seated Cable Row - V Grip (Cable)",,"",0,"normal",36,16,,,
"back bicep","Apr 26, 2025, 12:17 PM","Apr 26, 2025, 1:54 PM","","Seated Cable Row - V Grip (Cable)",,"",1,"normal",43,8,,,
"back bicep","Apr 26, 2025, 12:17 PM","Apr 26, 2025, 1:54 PM","","Seated Cable Row - V Grip (Cable)",,"",2,"normal",43,10,,,
"back bicep","Apr 26, 2025, 12:17 PM","Apr 26, 2025, 1:54 PM","","Back Extension (Weighted Hyperextension)",,"",0,"normal",10,15,,,
"back bicep","Apr 26, 2025, 12:17 PM","Apr 26, 2025, 1:54 PM","","Back Extension (Weighted Hyperextension)",,"",1,"normal",10,13,,,
"back bicep","Apr 26, 2025, 12:17 PM","Apr 26, 2025, 1:54 PM","","Bicep Curl (Barbell)",,"",0,"normal",15,20,,,
"back bicep","Apr 26, 2025, 12:17 PM","Apr 26, 2025, 1:54 PM","","Bicep Curl (Dumbbell)",,"",0,"normal",20,16,,,
"back bicep","Apr 26, 2025, 12:17 PM","Apr 26, 2025, 1:54 PM","","Bicep Curl (Dumbbell)",,"",1,"dropset",15,10,,,
"back bicep","Apr 26, 2025, 12:17 PM","Apr 26, 2025, 1:54 PM","","Reverse Curl (Barbell)",,"",0,"normal",15,15,,,
"back bicep","Apr 26, 2025, 12:17 PM","Apr 26, 2025, 1:54 PM","","Reverse Curl (Barbell)",,"",1,"normal",15,13,,,
"back bicep","Apr 26, 2025, 12:17 PM","Apr 26, 2025, 1:54 PM","","Cross Body Hammer Curl",,"",0,"normal",20,16,,,
"arms/shoulders","Apr 25, 2025, 3:33 PM","Apr 25, 2025, 3:56 PM","","Shoulder Press (Dumbbell)",,"",0,"normal",20,18,,,
"arms/shoulders","Apr 25, 2025, 3:33 PM","Apr 25, 2025, 3:56 PM","","Face Pull",,"",0,"normal",17.5,15,,,
"arms/shoulders","Apr 25, 2025, 3:33 PM","Apr 25, 2025, 3:56 PM","","Face Pull",,"",1,"normal",20,15,,,
"arms/shoulders","Apr 25, 2025, 3:33 PM","Apr 25, 2025, 3:56 PM","","Lateral Raise (Dumbbell)",,"",0,"normal",5,24,,,
"arms/shoulders","Apr 25, 2025, 3:33 PM","Apr 25, 2025, 3:56 PM","","Lateral Raise (Dumbbell)",,"",1,"normal",5,24,,,
"arms","Apr 24, 2025, 10:10 PM","Apr 24, 2025, 10:11 PM","","Bicep Curl (Barbell)",,"",0,"normal",15,22,,,
"arms","Apr 24, 2025, 10:10 PM","Apr 24, 2025, 10:11 PM","","Bicep Curl (Barbell)",,"",1,"normal",15,21,,,
"arms","Apr 24, 2025, 10:10 PM","Apr 24, 2025, 10:11 PM","","Bicep Curl (Dumbbell)",,"",0,"normal",10,18,,,
"arms","Apr 24, 2025, 10:10 PM","Apr 24, 2025, 10:11 PM","","Bicep Curl (Dumbbell)",,"",1,"normal",10,16,,,
"arms","Apr 24, 2025, 10:10 PM","Apr 24, 2025, 10:11 PM","","Triceps Extension (Dumbbell)",,"",0,"normal",15,15,,,
"arms","Apr 24, 2025, 10:10 PM","Apr 24, 2025, 10:11 PM","","Triceps Extension (Dumbbell)",,"",1,"normal",15,15,,,
"arms","Apr 24, 2025, 10:10 PM","Apr 24, 2025, 10:11 PM","","Skullcrusher (Dumbbell)",,"",0,"normal",10,15,,,
"arms","Apr 24, 2025, 10:10 PM","Apr 24, 2025, 10:11 PM","","Skullcrusher (Dumbbell)",,"",1,"normal",10,15,,,
"arms","Apr 24, 2025, 10:10 PM","Apr 24, 2025, 10:11 PM","","Reverse Curl (Barbell)",,"",0,"normal",15,15,,,
"arms","Apr 24, 2025, 10:10 PM","Apr 24, 2025, 10:11 PM","","Reverse Curl (Barbell)",,"",1,"normal",15,15,,,